date,time_utc,station_id,station_name,latitude,longitude,elevation_m,temperature_c,temperature_f,feels_like_c,dew_point_c,humidity_pct,pressure_station_hpa,pressure_sea_level_hpa,pressure_trend,wind_speed_kmh,wind_direction_deg,wind_direction_cardinal,wind_gust_kmh,visibility_km,cloud_cover_pct,cloud_ceiling_m,precipitation_type,precipitation_mm,snow_depth_cm,precipitation_prob_pct,uv_index,solar_radiation_wm2,weather_condition,weather_code,air_quality_index,pm2_5_ugm3,pm10_ugm3,ozone_ppb,no2_ppb,co_ppm,sunrise_utc,sunset_utc,daylight_hours,soil_temp_c,soil_moisture_pct,evapotranspiration_mm
2022-12-29,16:11,TPA001,Tampa - Intl,27.9755,-82.5332,9,18.6,65.5,18.6,10.6,60,1011.6,1012.7,steady,20.7,344,NNW,41.3,13.8,61,600,none,0.0,0.0,11,5.1,543.4,Mostly Cloudy,103,184,43.9,69.1,77.2,61.0,2.1,08:00,16:00,8,16.1,8.7,3.23
2022-12-29,23:50,PHX001,Phoenix - Sky Harbor,33.4373,-112.0078,337,3.2,37.8,3.2,2.2,95,967.2,1006.9,rising,4.1,42,NE,4.1,2.1,90,6000,none,0.0,0.0,3,0,0,Overcast,104,8,2.8,9.7,13.2,71.7,1.96,08:00,16:00,8,2.1,31.1,1.86
2022-12-30,00:12,MSY001,New Orleans - Moisant,29.9934,-90.258,3,12.5,54.5,12.5,8.7,81,1016.9,1017.3,rising,3.9,298,WNW,3.9,18.4,73,300,none,0.0,0.0,36,0,0,Mist,109,215,57.6,90.8,82.9,69.3,2.01,08:00,16:00,8,9.0,19.0,2.23
2022-12-30,02:32,LAS001,Las Vegas - McCarran,36.084,-115.1537,664,2.9,37.2,-0.7,-11.7,27,931.2,1008.2,rising,14.0,148,SSE,14.6,14.5,30,,none,0.0,0.0,66,0,0,Fog,105,85,27.6,44.1,26.5,46.1,2.67,08:00,16:00,8,-0.5,30.4,3.42
2022-12-30,12:16,BOS001,Boston - Logan,42.3656,-71.0096,9,20.3,68.5,20.3,9.3,45,1016.7,1017.8,falling rapidly,4.8,319,NW,4.8,22.6,20,,none,0.0,0.0,69,9.3,877.4,Mostly Clear,101,118,34.0,59.3,12.0,74.4,0.44,08:00,16:00,8,16.6,45.2,2.84
2022-12-31,01:13,PDX001,Portland - Intl,45.5898,-122.5951,9,9.7,49.5,7.0,-5.7,23,1010.6,1011.7,falling,19.8,218,SW,26.2,18.0,59,150,none,0.0,0.0,21,0,0,Mostly Clear,101,162,40.1,65.4,21.0,61.6,2.31,08:00,16:00,8,8.6,7.5,0.58
2022-12-31,01:29,DTW001,Detroit - Metro Wayne,42.2162,-83.3554,195,4.1,39.4,4.1,-10.1,29,984.8,1007.9,steady,2.4,308,NW,2.4,1.9,24,,rain,39.7,0.0,71,0,0,Drizzle,113,81,18.8,24.7,31.0,26.0,0.76,08:00,16:00,8,1.4,47.7,2.94
2022-12-31,11:10,MKE001,Milwaukee - Mitchell,42.9472,-87.8966,211,17.4,63.3,17.4,0.6,16,990.3,1015.5,falling,22.6,326,NW,46.9,17.4,37,3000,hail,58.8,0.0,53,7.5,734.3,Hail,140,74,16.8,23.3,64.6,33.3,0.55,08:00,16:00,8,12.8,44.5,1.14
2022-12-31,16:00,LAX001,Los Angeles - Downtown,34.0522,-118.2437,71,19.6,67.3,19.6,18.8,96,997.0,1005.5,falling,14.6,10,N,34.8,15.4,72,900,thunderstorm,54.2,0.0,92,4.5,500.4,Thunderstorm,150,31,10.5,15.5,74.9,28.9,0.1,08:00,16:00,8,15.8,28.7,1.73
2022-12-31,16:25,NYC001,New York - Central Park,40.7829,-73.9654,39,13.6,56.5,13.6,-1.2,26,1012.8,1017.5,steady,1.3,196,SSW,1.3,3.8,79,6000,hail,35.3,0.0,100,4.1,473.0,Small Hail,142,196,48.1,80.5,27.0,39.6,0.62,08:00,16:00,8,10.3,9.6,0
2022-12-31,23:00,HNL001,Honolulu - Intl,21.325,-157.925,4,10.4,50.7,10.4,-5.2,22,1013.1,1013.6,rising rapidly,19.7,282,WNW,22.0,37.3,33,3000,none,0.0,0.0,44,0,0,Haze,106,211,45.9,69.9,35.7,40.1,1.56,08:00,16:00,8,8.2,43.5,4.71
2023-01-01,00:51,ABQ001,Albuquerque - Intl Sunport,35.0402,-106.609,1619,7.4,45.3,6.8,-4.2,42,843.4,1025.9,rising,4.9,290,WNW,4.9,26.4,67,900,none,0.0,0.0,7,0,0,Mostly Clear,101,6,0.1,1.9,82.0,45.7,2.54,09:00,15:00,6,5.0,58.5,2.8
2023-01-01,10:44,ANC001,Anchorage - Intl,61.1743,-149.9963,46,10.0,50.0,7.6,9.8,99,1001.5,1007.0,falling rapidly,17.5,199,SSW,42.4,37.4,36,150,hail,35.5,0.0,17,6.5,641.1,Small Hail,142,282,70.8,113.0,75.8,68.2,2.17,09:00,15:00,6,7.3,11.8,1.23
2023-01-01,12:03,STL001,St Louis - Lambert,38.7487,-90.37,172,18.2,64.8,18.2,16.6,92,992.3,1012.8,rising rapidly,11.1,49,NE,26.8,5.6,58,900,none,0.0,0.0,56,6.6,692.2,Clear,100,170,42.2,73.1,42.1,47.0,0.52,09:00,15:00,6,14.1,5.0,3.39
2023-01-01,13:58,ATL001,Atlanta - Hartsfield,33.6407,-84.4277,313,16.3,61.3,16.3,9.9,68,971.2,1008.1,steady,21.3,224,SW,44.1,31.2,2,,none,0.0,0.0,92,10.9,990.0,Dust,108,140,30.4,49.2,77.1,77.1,1.24,09:00,15:00,6,12.3,9.2,3.09
2023-01-01,15:59,RDU001,Raleigh-Durham - Intl,35.8801,-78.788,132,18.2,64.8,18.2,1.4,16,1005.8,1021.7,rising rapidly,31.6,156,SSE,51.6,3.3,71,6000,none,0.0,0.0,5,5.2,581.1,Smoke,107,32,8.6,8.9,55.6,19.9,1.28,09:00,15:00,6,14.1,59.9,3.31
2023-01-01,19:22,CLE001,Cleveland - Hopkins,41.4117,-81.8498,245,16.2,61.2,16.2,1.2,25,991.8,1021.2,rising rapidly,16.5,160,SSE,34.4,13.1,21,,none,0.0,0.0,60,2.1,199.2,Haze,106,84,16.1,23.1,66.6,36.2,2.48,09:00,15:00,6,12.4,10.6,5.3
2023-01-01,21:55,MCI001,Kansas City - Intl,39.2976,-94.7139,313,10.0,50.0,10.0,3.0,65,964.8,1001.5,falling rapidly,3.3,308,NW,3.3,22.5,79,600,hail,18.6,0.0,58,0,0,Hail,140,56,14.4,22.4,89.6,78.9,2.7,09:00,15:00,6,5.5,56.5,3.19
2023-01-02,03:16,SFO001,San Francisco - Intl,37.6213,-122.379,4,11.0,51.8,11.0,-5.6,17,1009.7,1010.2,rising rapidly,23.0,313,NW,33.7,14.9,96,900,thunderstorm,31.1,0.0,4,0,0,Thunderstorm with Hail,152,233,55.9,94.9,54.2,48.0,0.54,09:00,15:00,6,8.9,19.8,3.38
2023-01-02,03:50,DEN001,Denver - Stapleton,39.7392,-104.9903,1609,-8.2,17.2,-8.2,-9.8,92,835.7,1015.3,steady,3.0,4,N,3.0,7.6,22,,none,0.0,0.0,64,0,0,Clear,100,237,60.4,98.4,39.0,75.9,0.38,09:00,15:00,6,-11.5,16.3,5.41
2023-01-02,06:29,MSP001,Minneapolis - St Paul,44.8848,-93.2223,255,10.6,51.1,10.6,-5.2,21,1001.9,1032.8,rising rapidly,17.1,189,S,40.9,34.0,35,1500,none,0.0,0.0,85,0,0.0,Mostly Cloudy,103,29,8.1,13.7,37.3,56.7,1.24,09:00,15:00,6,6.0,15.4,2.45
2023-01-02,13:11,ORD001,Chicago - O'Hare Area,41.9742,-87.9073,201,12.5,54.5,12.5,11.5,95,986.2,1010.1,falling,8.4,283,WNW,25.7,24.8,37,600,rain,6.4,0.0,30,8.3,815.0,Heavy Rain,112,6,5.4,6.5,22.1,69.5,0.45,09:00,15:00,6,9.0,12.4,4.67
2023-01-02,14:32,IAH001,Houston - Hobby,29.6454,-95.2789,15,21.8,71.2,21.8,9.4,38,1006.6,1008.4,falling,12.0,219,SW,26.8,18.5,17,,none,0.0,0.0,28,9.5,892.1,Smoke,107,111,26.9,48.0,67.1,44.1,0.41,09:00,15:00,6,17.7,23.6,1.51
2023-01-02,17:29,BWI001,Baltimore - Washington,39.1754,-76.6684,46,20.4,68.7,20.4,9.4,45,986.8,992.2,falling,25.4,23,NNE,31.1,4.3,59,9000,none,0.0,0.0,48,4.2,439.6,Dust,108,49,10.8,15.3,34.1,37.5,0.7,09:00,15:00,6,16.1,14.9,7.5
2023-01-03,00:18,MIA001,Miami - International,25.7959,-80.287,3,12.4,54.3,12.4,2.8,52,1016.9,1017.3,rising,13.8,161,SSE,36.5,38.6,96,600,hail,24.5,0.0,15,0,0,Small Hail,142,241,62.8,104.5,60.6,31.3,0.65,09:00,15:00,6,9.5,31.4,1.18
2023-01-03,01:53,SLC001,Salt Lake City - Intl,40.7884,-111.9778,1288,-1.1,30.0,-6.2,-8.5,63,865.0,1010.3,falling,17.6,262,W,32.3,37.3,10,,none,0.0,0.0,13,0,0,Haze,106,79,18.1,29.4,43.0,56.7,2.82,09:00,15:00,6,-5.9,50.2,2.88
2023-01-03,22:37,DFW001,Dallas - Fort Worth,32.8998,-97.0403,182,9.8,49.6,7.6,4.4,73,982.8,1004.3,rising rapidly,15.4,298,WNW,35.2,16.6,61,150,hail,6.3,0.0,81,0,0,Small Hail,142,239,62.5,102.1,78.2,43.9,2.88,09:00,15:00,6,6.2,23.2,3.1
2023-01-03,23:49,PHL001,Philadelphia - Intl,39.8729,-75.2437,9,4.0,39.2,-0.2,-7.8,41,1014.0,1015.1,rising,20.1,231,SW,21.4,26.5,11,,none,0.0,0.0,92,0,0,Clear,100,157,35.2,51.1,13.4,8.8,1.99,09:00,15:00,6,2.8,25.7,2.99
2023-01-03,23:59,SEA001,Seattle - Sea-Tac,47.4502,-122.3088,137,4.7,40.5,2.5,-5.5,49,987.4,1003.6,rising,9.1,226,SW,10.1,35.6,77,600,none,0.0,0.0,2,0,0,Smoke,107,77,20.5,34.4,21.0,29.2,1.51,09:00,15:00,6,1.5,15.7,5.6
2023-01-04,20:16,IND001,Indianapolis - Intl,39.7173,-86.2944,248,6.0,42.8,6.0,-3.2,54,985.1,1014.6,falling,1.8,243,WSW,1.8,27.3,35,6000,thunderstorm,6.0,0.0,18,0,0.0,Derecho,153,14,0.1,0.1,84.4,59.2,0.44,09:00,15:00,6,2.4,35.5,1.89
2023-01-13,01:45,PDX001,Portland - Intl,45.5898,-122.5951,9,2.8,37.0,0.9,-6.6,53,1017.6,1018.7,rising,6.9,262,W,22.9,1.7,16,,none,0.0,0.0,12,0,0,Fog,105,53,11.3,18.5,60.7,17.4,1.71,09:00,15:00,6,-1.5,38.3,0.69
2023-01-13,04:45,MSP001,Minneapolis - St Paul,44.8848,-93.2223,255,6.0,42.8,2.4,4.4,92,981.7,1012.0,rising rapidly,19.2,307,NW,33.3,15.9,4,,none,0.0,0.0,83,0,0,Haze,106,242,60.3,97.5,89.5,17.7,1.29,09:00,15:00,6,1.8,10.4,5.25
2023-01-13,09:09,DFW001,Dallas - Fort Worth,32.8998,-97.0403,182,18.2,64.8,18.2,15.2,85,985.9,1007.5,rising rapidly,16.8,70,ENE,18.4,35.2,65,6000,none,0.0,0.0,65,3.9,420.9,Fog,105,60,15.3,35.1,34.4,6.3,2.62,09:00,15:00,6,17.1,52.0,2.63
2023-01-13,12:34,STL001,St Louis - Lambert,38.7487,-90.37,172,16.6,61.9,16.6,14.0,87,977.7,997.9,rising,4.9,285,WNW,4.9,5.7,70,1500,none,0.0,0.0,45,5.7,633.7,Partly Cloudy,102,262,67.6,109.7,12.6,49.2,2.35,09:00,15:00,6,14.3,58.2,0.91
2023-01-13,22:44,RDU001,Raleigh-Durham - Intl,35.8801,-78.788,132,7.2,45.0,3.2,0.8,68,1000.1,1015.9,steady,26.3,136,SE,36.1,7.3,67,150,none,0.0,0.0,11,0,0,Mostly Clear,101,178,41.4,75.2,39.1,47.5,2.14,09:00,15:00,6,4.4,54.7,2.77
2023-01-14,06:48,IAH001,Houston - Hobby,29.6454,-95.2789,15,12.0,53.6,12.0,-0.8,36,1009.9,1011.7,steady,17.4,53,NE,25.6,5.9,19,,none,0.0,0.0,78,0,0.0,Mostly Clear,101,191,47.7,81.0,58.3,43.6,2.8,09:00,15:00,6,10.1,16.5,2.1
2023-01-14,06:54,ABQ001,Albuquerque - Intl Sunport,35.0402,-106.609,1619,3.2,37.8,-1.3,-6.8,50,824.9,1003.4,falling,20.9,199,SSW,26.6,21.0,52,300,hail,27.0,0.0,69,0,0.0,Heavy Hail,141,150,40.9,62.6,24.7,66.7,0.26,09:00,15:00,6,0.5,11.8,0.11
2023-01-14,13:37,DEN001,Denver - Stapleton,39.7392,-104.9903,1609,0.5,32.9,-4.0,-5.7,69,827.9,1005.8,falling rapidly,15.9,273,W,27.3,8.4,53,1500,none,0.0,0.0,18,7.1,735.0,Mostly Cloudy,103,298,79.9,124.7,71.9,23.0,2.13,09:00,15:00,6,-2.7,51.8,3.02
2023-01-14,18:40,IND001,Indianapolis - Intl,39.7173,-86.2944,248,9.9,49.8,7.0,9.5,98,980.7,1010.1,falling,22.4,204,SSW,38.8,27.5,81,600,none,0.0,0.0,1,2.2,258.2,Smoke,107,299,72.6,120.4,46.7,11.1,0.45,09:00,15:00,6,7.8,12.7,1.19
2023-01-15,00:05,CLE001,Cleveland - Hopkins,41.4117,-81.8498,245,5.4,41.7,2.3,-3.2,57,971.5,1000.3,rising rapidly,14.5,36,NE,27.0,36.2,58,9000,none,0.0,0.0,18,0,0,Haze,106,31,5.6,17.6,72.0,59.6,2.27,09:00,15:00,6,2.3,5.3,3.13
2023-01-15,04:36,ANC001,Anchorage - Intl,61.1743,-149.9963,46,8.3,46.9,7.1,1.3,65,1011.7,1017.2,rising rapidly,7.6,145,SE,24.3,26.0,24,,none,0.0,0.0,57,0,0,Mostly Clear,101,174,44.9,75.5,45.8,65.6,2.5,09:00,15:00,6,5.5,21.0,2.4
2023-01-15,05:22,LAX001,Los Angeles - Downtown,34.0522,-118.2437,71,11.4,52.5,11.4,0.2,44,989.7,998.1,rising,10.2,176,S,32.7,30.5,4,,none,0.0,0.0,51,0,0,Dust,108,23,4.9,3.5,81.0,16.1,0.33,09:00,15:00,6,7.8,20.8,7.16
2023-01-15,07:10,TPA001,Tampa - Intl,27.9755,-82.5332,9,18.8,65.8,18.8,13.6,74,1010.1,1011.2,falling,19.6,299,WNW,40.7,9.6,60,600,none,0.0,0.0,43,1.5,155.8,Mostly Clear,101,261,70.5,114.1,67.0,65.1,0.36,09:00,15:00,6,17.0,19.6,0.1
2023-01-15,11:35,SLC001,Salt Lake City - Intl,40.7884,-111.9778,1288,6.5,43.7,4.8,-4.3,46,855.2,998.9,steady,8.2,282,WNW,10.0,25.5,66,600,none,0.0,0.0,65,5.5,603.6,Partly Cloudy,102,139,32.6,44.8,37.3,25.9,2.89,09:00,15:00,6,4.7,7.4,1.13
2023-01-15,21:17,NYC001,New York - Central Park,40.7829,-73.9654,39,8.6,47.5,5.3,5.8,86,1010.7,1015.4,rising,22.8,217,SW,36.2,18.6,25,,none,0.0,0.0,6,0,0,Dust,108,188,55.7,95.9,67.2,61.1,1.38,09:00,15:00,6,3.9,14.8,6.58
2023-01-16,02:04,MKE001,Milwaukee - Mitchell,42.9472,-87.8966,211,6.4,43.5,4.1,0.0,68,985.5,1010.6,rising,11.1,22,NNE,15.7,10.8,18,,none,0.0,0.0,62,0,0,Partly Cloudy,102,77,15.1,32.3,53.0,31.8,1.83,09:00,15:00,6,1.7,35.6,0.68
2023-01-16,03:32,ATL001,Atlanta - Hartsfield,33.6407,-84.4277,313,3.0,37.4,-1.9,-9.8,36,965.4,1002.1,rising rapidly,23.4,320,NW,29.4,11.7,81,6000,none,0.0,0.0,1,0,0,Clear,100,205,55.3,90.5,44.6,51.8,1.69,09:00,15:00,6,1.4,11.0,6.05
2023-01-16,07:13,SFO001,San Francisco - Intl,37.6213,-122.379,4,13.2,55.8,13.2,-2.2,23,1014.3,1014.8,rising,3.2,334,NNW,3.2,23.4,3,,none,0.0,0.0,37,2.4,219.2,Clear,100,146,42.7,66.2,58.5,15.0,2.02,09:00,15:00,6,11.1,6.8,2.63
2023-01-16,09:07,HNL001,Honolulu - Intl,21.325,-157.925,4,22.9,73.2,22.9,21.5,93,1008.3,1008.8,steady,4.8,216,SW,4.8,3.2,91,300,none,0.0,0.0,93,2.7,339.8,Mist,109,46,13.6,25.3,85.0,53.9,1.16,09:00,15:00,6,18.4,14.0,1.09
2023-01-16,09:57,BWI001,Baltimore - Washington,39.1754,-76.6684,46,18.3,64.9,18.3,12.1,69,1011.0,1016.5,falling,9.3,193,SSW,26.9,35.8,34,900,rain,42.3,0.0,21,5.3,517.5,Heavy Rain,112,33,6.0,5.0,15.3,29.4,2.54,09:00,15:00,6,14.6,15.4,1.91
2023-01-16,22:38,MCI001,Kansas City - Intl,39.2976,-94.7139,313,13.4,56.1,13.4,12.8,97,978.6,1015.8,falling rapidly,16.6,102,ESE,18.3,37.4,41,9000,none,0.0,0.0,83,0,0,Mostly Clear,101,195,46.1,75.4,36.1,33.1,2.18,09:00,15:00,6,12.1,58.3,5.44
2023-01-17,05:35,PHX001,Phoenix - Sky Harbor,33.4373,-112.0078,337,9.6,49.3,7.5,-6.4,20,968.5,1008.2,falling rapidly,14.4,110,ESE,29.1,1.2,100,300,none,0.0,0.0,17,0,0,Overcast,104,191,49.6,79.3,45.1,50.3,0.27,09:00,15:00,6,5.5,58.7,4.27
2023-01-17,13:36,MIA001,Miami - International,25.7959,-80.287,3,17.1,62.8,17.1,10.7,68,993.1,993.5,falling rapidly,22.3,131,SE,23.2,13.8,93,9000,none,0.0,0.0,54,4.2,535.0,Fog,105,95,25.3,39.1,79.3,13.4,0.7,09:00,15:00,6,13.5,36.4,3.92
2023-01-17,14:41,SEA001,Seattle - Sea-Tac,47.4502,-122.3088,137,16.1,61.0,16.1,3.5,37,1004.5,1021.0,rising,0.7,352,N,0.7,35.5,15,,none,0.0,0.0,97,9.7,901.8,Overcast,104,41,9.0,20.4,44.1,24.4,1.79,09:00,15:00,6,11.7,16.6,3.75
2023-01-17,16:49,MSY001,New Orleans - Moisant,29.9934,-90.258,3,12.0,53.6,12.0,5.8,69,998.6,999.0,rising rapidly,2.2,153,SSE,2.2,19.8,68,,rain,5.8,0.0,29,4.7,516.0,Moderate Rain,111,114,31.6,53.9,13.0,75.4,2.72,09:00,15:00,6,10.9,59.2,3.35
2023-01-18,02:18,PHL001,Philadelphia - Intl,39.8729,-75.2437,9,7.8,46.0,4.2,-3.0,46,1011.1,1012.2,rising rapidly,24.0,136,SE,45.4,24.0,47,9000,none,0.0,0.0,21,0,0,Haze,106,274,73.8,120.4,65.4,14.7,1.72,09:00,15:00,6,4.8,20.8,6.39
2023-01-18,13:06,DTW001,Detroit - Metro Wayne,42.2162,-83.3554,195,13.0,55.4,13.0,10.4,87,989.0,1012.2,falling rapidly,25.8,232,SW,32.3,8.6,77,6000,none,0.0,0.0,73,5.4,615.0,Mostly Cloudy,103,294,73.2,120.4,59.1,40.3,1.49,09:00,15:00,6,9.1,24.0,6.6
2023-01-18,22:27,LAS001,Las Vegas - McCarran,36.084,-115.1537,664,16.2,61.2,16.2,2.2,30,936.6,1014.1,steady,6.2,169,S,16.1,11.5,73,900,none,0.0,0.0,7,0,0,Mist,109,91,21.5,35.8,70.5,21.1,2.58,09:00,15:00,6,12.4,12.4,2.25
2023-01-19,05:03,ORD001,Chicago - O'Hare Area,41.9742,-87.9073,201,11.8,53.2,11.8,9.4,88,994.1,1018.2,steady,25.7,250,WSW,32.0,37.6,85,300,none,0.0,0.0,38,0,0,Fog,105,14,5.9,8.4,84.0,72.6,0.91,09:00,15:00,6,7.2,13.0,5.34
2023-01-19,10:54,BOS001,Boston - Logan,42.3656,-71.0096,9,17.1,62.8,17.1,13.1,80,1020.0,1021.1,steady,26.5,67,ENE,37.2,10.0,28,,none,0.0,0.0,10,7.0,672.4,Mostly Clear,101,13,1.4,3.8,20.0,67.0,1.75,09:00,15:00,6,14.8,20.9,3.37
2023-01-27,08:35,ORD001,Chicago - O'Hare Area,41.9742,-87.9073,201,16.4,61.5,16.4,16.2,99,977.2,1000.9,falling rapidly,31.5,17,NNE,38.8,13.4,10,,none,0.0,0.0,40,4.5,412.2,Mist,109,68,15.8,25.0,67.2,76.0,1.56,09:00,15:00,6,12.1,51.9,3.78
2023-01-27,10:10,HNL001,Honolulu - Intl,21.325,-157.925,4,23.9,75.0,23.9,17.5,68,1021.2,1021.7,rising rapidly,12.4,10,N,23.9,37.4,23,,none,0.0,0.0,3,7.3,691.9,Dust,108,219,56.0,92.7,51.2,23.3,2.64,09:00,15:00,6,19.4,46.8,5.14
2023-01-28,05:22,SEA001,Seattle - Sea-Tac,47.4502,-122.3088,137,8.8,47.8,7.4,8.2,97,1008.6,1025.2,rising rapidly,8.8,353,N,28.8,25.7,38,300,none,0.0,0.0,7,0,0,Smoke,107,67,15.4,34.1,57.4,79.6,0.8,09:00,15:00,6,7.1,41.2,3.43
2023-01-28,05:55,LAX001,Los Angeles - Downtown,34.0522,-118.2437,71,12.2,54.0,12.2,7.0,74,1008.2,1016.7,falling,14.2,79,E,23.2,4.3,65,900,none,0.0,0.0,55,0,0,Overcast,104,41,4.7,9.3,57.1,41.8,0.64,09:00,15:00,6,8.6,34.8,6.68
2023-01-28,06:58,CLE001,Cleveland - Hopkins,41.4117,-81.8498,245,11.7,53.1,11.7,-3.7,23,987.7,1017.0,steady,23.6,82,E,47.1,32.9,62,,rain,53.5,0.0,40,0,0.0,Freezing Drizzle,115,116,34.1,58.5,88.4,64.4,1.71,09:00,15:00,6,8.8,49.9,1.34
2023-01-28,09:53,DEN001,Denver - Stapleton,39.7392,-104.9903,1609,7.2,45.0,4.5,3.2,80,830.4,1008.9,falling,14.8,206,SSW,39.1,35.7,53,9000,none,0.0,0.0,90,4.4,458.3,Partly Cloudy,102,159,44.3,72.3,22.1,79.5,2.89,09:00,15:00,6,4.3,16.5,4.59
2023-01-28,11:28,MCI001,Kansas City - Intl,39.2976,-94.7139,313,15.6,60.1,15.6,15.0,97,989.0,1026.6,falling rapidly,13.9,86,E,16.0,14.6,9,,none,0.0,0.0,25,9.3,860.4,Mostly Cloudy,103,174,45.1,68.7,51.0,8.7,2.31,09:00,15:00,6,13.8,41.9,3.4
2023-01-28,12:05,IAH001,Houston - Hobby,29.6454,-95.2789,15,22.1,71.8,22.1,21.1,95,1019.9,1021.7,rising,24.7,318,NW,30.7,11.6,52,600,rain,52.3,0.0,98,7.0,721.4,Rain Showers,114,116,30.9,49.8,85.4,50.0,2.07,09:00,15:00,6,17.5,10.2,3.4
2023-01-28,18:30,SLC001,Salt Lake City - Intl,40.7884,-111.9778,1288,3.4,38.1,-0.5,3.0,98,879.0,1026.7,rising,16.9,202,SSW,26.8,4.3,33,6000,none,0.0,0.0,93,3.7,362.3,Mostly Cloudy,103,269,70.4,116.1,24.4,7.0,2.42,09:00,15:00,6,-1.0,47.9,3.67
2023-01-29,00:36,SFO001,San Francisco - Intl,37.6213,-122.379,4,5.8,42.4,2.0,-3.2,55,1011.3,1011.8,rising rapidly,20.9,207,SSW,45.3,3.9,28,,hail,0.6,0.0,35,0,0,Heavy Hail,141,148,34.3,52.8,42.9,47.7,1.04,09:00,15:00,6,4.7,21.2,0.14
2023-01-29,11:15,ABQ001,Albuquerque - Intl Sunport,35.0402,-106.609,1619,10.8,51.4,10.8,-0.4,44,828.7,1008.1,rising rapidly,25.5,70,ENE,27.2,5.1,61,6000,hail,41.6,0.0,56,5.9,626.2,Hail,140,83,23.4,34.0,42.5,35.2,2.68,09:00,15:00,6,7.6,26.5,3.08
2023-01-29,17:25,DTW001,Detroit - Metro Wayne,42.2162,-83.3554,195,14.6,58.3,14.6,7.4,64,979.0,1002.0,steady,23.1,22,NNE,44.0,20.3,12,,rain,23.8,0.0,35,6.3,586.1,Moderate Rain,111,293,72.1,117.1,41.2,6.2,0.22,09:00,15:00,6,10.2,10.1,3.13
2023-01-30,00:57,IND001,Indianapolis - Intl,39.7173,-86.2944,248,0.3,32.5,-2.8,-6.7,65,989.1,1018.8,falling rapidly,9.3,176,S,25.5,37.3,18,,none,0.0,0.0,17,0,0,Clear,100,296,68.7,107.0,40.9,60.0,1.79,09:00,15:00,6,-1.0,13.1,7.04
2023-01-30,19:17,ATL001,Atlanta - Hartsfield,33.6407,-84.4277,313,9.4,48.9,6.6,6.6,86,985.3,1022.8,rising rapidly,20.5,224,SW,29.2,4.1,91,,none,0.0,0.0,40,1.0,121.3,Haze,106,67,16.1,19.9,41.9,12.6,2.4,09:00,15:00,6,7.9,49.3,2.91
2023-01-30,20:54,TPA001,Tampa - Intl,27.9755,-82.5332,9,12.3,54.1,12.3,1.3,45,1024.3,1025.4,rising,17.2,7,N,22.8,0.4,69,600,rain,3.3,0.0,43,0,0.0,Drizzle,113,140,37.9,55.8,80.4,18.0,2.17,09:00,15:00,6,7.8,56.1,3.64
2023-01-30,21:14,MKE001,Milwaukee - Mitchell,42.9472,-87.8966,211,2.6,36.7,-1.2,-9.0,42,998.7,1024.1,rising,15.1,223,SW,25.4,22.2,35,600,rain,37.0,0.0,56,0,0,Heavy Rain,112,148,39.0,62.5,67.2,5.0,2.86,09:00,15:00,6,-0.8,47.8,3.9
2023-01-30,23:12,STL001,St Louis - Lambert,38.7487,-90.37,172,8.9,48.0,6.3,-7.9,16,995.5,1016.1,rising rapidly,17.3,56,NE,21.1,23.4,46,900,none,0.0,0.0,35,0,0,Fog,105,236,57.4,92.7,56.8,36.1,0.46,09:00,15:00,6,5.4,15.4,5.3
2023-01-31,01:04,PHL001,Philadelphia - Intl,39.8729,-75.2437,9,12.3,54.1,12.3,9.7,87,1011.7,1012.8,rising rapidly,10.8,69,ENE,31.8,37.6,21,,none,0.0,0.0,47,0,0,Overcast,104,155,43.5,70.2,59.4,59.2,2.88,09:00,15:00,6,7.6,54.2,3.86
2023-01-31,04:22,RDU001,Raleigh-Durham - Intl,35.8801,-78.788,132,14.9,58.8,14.9,7.3,62,991.8,1007.5,steady,15.3,304,NW,37.4,26.2,11,,none,0.0,0.0,97,0,0,Mostly Cloudy,103,19,2.0,6.1,47.5,54.0,2.31,09:00,15:00,6,13.8,39.0,3.3
2023-01-31,04:52,NYC001,New York - Central Park,40.7829,-73.9654,39,14.0,57.2,14.0,7.6,68,1009.9,1014.6,rising,11.6,217,SW,27.0,15.4,17,,none,0.0,0.0,25,0,0,Clear,100,33,7.0,8.5,53.6,66.9,0.47,09:00,15:00,6,9.2,31.2,1.33
2023-01-31,06:51,BOS001,Boston - Logan,42.3656,-71.0096,9,8.1,46.6,5.6,4.9,84,1008.5,1009.6,steady,14.8,279,W,27.4,1.8,75,3000,none,0.0,0.0,11,0,0.0,Mist,109,77,20.8,30.8,52.8,10.4,2.57,09:00,15:00,6,6.8,47.9,4.26
2023-01-31,09:30,ANC001,Anchorage - Intl,61.1743,-149.9963,46,16.0,60.8,16.0,2.6,33,1016.2,1021.8,rising,8.3,233,SW,24.1,19.3,62,300,none,0.0,0.0,22,4.0,430.2,Mostly Cloudy,103,270,62.8,102.7,51.9,29.5,1.22,09:00,15:00,6,13.7,35.2,7.21
2023-01-31,17:51,PHX001,Phoenix - Sky Harbor,33.4373,-112.0078,337,14.6,58.3,14.6,-1.6,19,978.5,1018.6,falling,17.8,335,NNW,34.3,15.9,71,900,thunderstorm,24.0,0.0,5,3.6,402.2,Thunderstorm with Hail,152,290,76.7,118.1,22.1,32.4,0.37,09:00,15:00,6,13.1,31.9,0
2023-01-31,19:44,BWI001,Baltimore - Washington,39.1754,-76.6684,46,11.9,53.4,11.9,5.5,68,1011.4,1016.9,rising rapidly,20.5,299,WNW,44.5,12.4,46,,rain,48.1,0.0,4,1.7,171.3,Freezing Drizzle,115,13,1.3,0.1,10.7,30.8,0.28,09:00,15:00,6,10.0,53.0,4.62
2023-02-01,00:09,DFW001,Dallas - Fort Worth,32.8998,-97.0403,182,4.0,39.2,-1.2,-12.0,20,992.7,1014.4,rising rapidly,29.8,201,SSW,31.8,35.2,37,9000,none,0.0,0.0,60,0,0,Overcast,104,41,5.6,12.1,46.7,32.0,2.16,08:00,16:00,8,1.5,9.3,6.33
2023-02-01,02:11,MSY001,New Orleans - Moisant,29.9934,-90.258,3,15.6,60.1,15.6,14.2,93,1008.7,1009.1,falling rapidly,4.5,127,SE,4.5,7.4,70,,none,0.0,0.0,88,0,0,Mist,109,57,8.5,18.6,58.4,65.7,0.78,08:00,16:00,8,13.7,31.0,2.85
2023-02-01,05:59,LAS001,Las Vegas - McCarran,36.084,-115.1537,664,5.0,41.0,1.6,4.4,97,944.5,1022.6,rising,16.3,22,NNE,19.3,8.0,61,900,none,0.0,0.0,54,0,0,Mostly Cloudy,103,268,67.0,107.0,76.6,51.0,0.62,08:00,16:00,8,3.1,9.0,3.7
2023-02-01,06:23,MSP001,Minneapolis - St Paul,44.8848,-93.2223,255,0.1,32.2,-2.7,-14.1,29,968.3,998.2,falling rapidly,8.3,240,WSW,21.3,24.8,13,,rain,58.4,0.0,80,0,0.0,Rain Showers,114,77,18.8,29.8,14.8,58.3,1.91,08:00,16:00,8,-1.2,37.4,4.43
2023-02-01,15:12,PDX001,Portland - Intl,45.5898,-122.5951,9,9.1,48.4,7.4,-3.5,37,1016.4,1017.5,falling,11.0,122,ESE,11.6,4.2,51,6000,none,0.0,0.0,7,6.5,671.2,Mostly Cloudy,103,243,66.7,106.7,88.1,34.0,1.18,08:00,16:00,8,5.2,23.3,0
2023-02-01,19:01,MIA001,Miami - International,25.7959,-80.287,3,14.5,58.1,14.5,0.7,31,1009.9,1010.3,falling rapidly,20.4,242,WSW,23.8,39.8,88,1500,none,0.0,0.0,71,1.0,124.6,Fog,105,132,30.3,45.5,87.0,12.1,2.62,08:00,16:00,8,10.4,39.1,3.43
2023-02-11,16:24,BWI001,Baltimore - Washington,39.1754,-76.6684,46,16.7,62.1,16.7,5.7,45,1004.6,1010.1,rising rapidly,16.2,322,NW,37.9,37.2,12,,none,0.0,0.0,98,7.9,734.9,Overcast,104,105,26.5,43.8,47.1,32.3,2.29,08:00,16:00,8,15.7,28.6,1.5
2023-02-12,00:14,PDX001,Portland - Intl,45.5898,-122.5951,9,5.0,41.0,1.3,4.6,98,1011.3,1012.4,falling,18.5,94,E,40.6,37.4,61,6000,none,0.0,0.0,16,0,0,Mist,109,219,58.8,89.5,40.1,57.4,1.14,08:00,16:00,8,3.8,49.4,2.8
2023-02-12,02:02,BOS001,Boston - Logan,42.3656,-71.0096,9,1.1,34.0,-3.0,-14.9,20,1015.9,1017.0,steady,14.5,128,SE,32.4,27.6,77,900,none,0.0,0.0,90,0,0,Fog,105,11,1.3,4.0,10.3,19.0,1.06,08:00,16:00,8,-1.4,12.2,1.49
2023-02-12,03:33,RDU001,Raleigh-Durham - Intl,35.8801,-78.788,132,5.9,42.6,3.0,5.3,97,996.9,1012.7,rising,14.2,235,SW,28.8,23.0,84,150,none,0.0,0.0,17,0,0,Haze,106,54,16.2,23.5,39.6,77.7,2.59,08:00,16:00,8,1.4,37.0,0
2023-02-12,11:32,MSP001,Minneapolis - St Paul,44.8848,-93.2223,255,18.7,65.7,18.7,10.9,61,992.7,1023.3,rising,34.7,270,W,41.1,10.7,1,,thunderstorm,20.2,0.0,94,9.8,896.5,Derecho,153,154,37.1,62.8,84.0,49.1,1.55,08:00,16:00,8,16.5,19.5,2.8
2023-02-12,11:50,TPA001,Tampa - Intl,27.9755,-82.5332,9,15.0,59.0,15.0,0.4,27,997.4,998.5,falling rapidly,17.9,67,ENE,31.8,19.6,51,3000,none,0.0,0.0,76,6.5,671.2,Haze,106,57,11.1,23.3,13.9,45.8,1.87,08:00,16:00,8,10.1,40.1,6.05
2023-02-12,12:18,NYC001,New York - Central Park,40.7829,-73.9654,39,13.1,55.6,13.1,-1.5,27,1003.4,1008.1,rising,7.1,73,ENE,17.3,37.0,71,1500,none,0.0,0.0,29,5.6,628.8,Mostly Cloudy,103,136,42.8,74.0,24.9,10.4,0.93,08:00,16:00,8,9.8,7.6,5.5
2023-02-12,16:22,MKE001,Milwaukee - Mitchell,42.9472,-87.8966,211,14.1,57.4,14.1,12.3,91,993.1,1018.4,falling rapidly,14.1,222,SW,38.4,14.9,94,9000,rain,41.9,0.0,65,3.2,414.4,Rain Showers,114,260,60.8,98.7,48.0,44.3,2.2,08:00,16:00,8,11.7,22.7,3.76
2023-02-12,17:22,LAS001,Las Vegas - McCarran,36.084,-115.1537,664,8.6,47.5,5.0,-3.6,39,939.0,1016.7,falling,26.4,352,N,40.1,12.5,75,150,none,0.0,0.0,14,3.4,389.7,Partly Cloudy,102,202,46.8,76.3,20.7,43.0,0.81,08:00,16:00,8,6.8,54.5,4.46
2023-02-13,06:24,CLE001,Cleveland - Hopkins,41.4117,-81.8498,245,15.4,59.7,15.4,8.8,67,979.0,1008.0,rising rapidly,3.1,226,SW,3.1,12.6,46,9000,none,0.0,0.0,79,0,0.0,Haze,106,221,53.0,84.9,22.2,23.1,2.55,08:00,16:00,8,10.9,57.5,4.38
2023-02-13,09:51,MCI001,Kansas City - Intl,39.2976,-94.7139,313,13.4,56.1,13.4,0.0,33,969.6,1006.5,falling,16.0,256,WSW,16.5,24.7,43,300,none,0.0,0.0,85,4.9,489.4,Haze,106,205,51.0,76.7,84.1,17.2,1.11,08:00,16:00,8,9.9,20.7,3.29
2023-02-13,10:58,MSY001,New Orleans - Moisant,29.9934,-90.258,3,17.1,62.8,17.1,8.3,56,1012.9,1013.3,falling rapidly,11.0,345,NNW,28.1,1.9,94,,none,0.0,0.0,96,3.2,414.4,Mostly Cloudy,103,43,9.4,20.9,68.9,69.7,0.25,08:00,16:00,8,14.6,46.1,4.22
2023-02-13,12:32,PHL001,Philadelphia - Intl,39.8729,-75.2437,9,16.4,61.5,16.4,12.8,82,1013.2,1014.3,steady,14.2,243,WSW,19.2,6.1,2,,none,0.0,0.0,37,10.6,965.2,Fog,105,13,3.6,5.3,76.5,11.5,0.74,08:00,16:00,8,12.6,12.5,3.65
2023-02-13,16:15,IND001,Indianapolis - Intl,39.7173,-86.2944,248,15.6,60.1,15.6,6.2,53,985.0,1014.5,steady,19.4,15,NNE,41.3,5.8,4,,none,0.0,0.0,43,8.4,766.2,Mostly Cloudy,103,207,49.0,76.1,52.3,20.4,2.12,08:00,16:00,8,10.9,38.4,3.34
2023-02-13,21:10,DTW001,Detroit - Metro Wayne,42.2162,-83.3554,195,7.3,45.1,4.6,-0.1,63,981.0,1004.0,steady,14.7,89,E,30.7,17.1,29,,none,0.0,0.0,98,0,0,Overcast,104,248,62.5,106.3,69.5,38.2,2.65,08:00,16:00,8,3.0,17.5,4.23
2023-02-14,01:35,ANC001,Anchorage - Intl,61.1743,-149.9963,46,-0.0,32.0,-6.1,-5.2,74,1007.6,1013.1,steady,26.6,186,S,41.3,1.4,22,,none,0.0,0.0,5,0,0,Haze,106,108,22.9,38.5,47.0,70.7,2.16,08:00,16:00,8,-2.2,48.3,4.25
2023-02-14,06:19,SEA001,Seattle - Sea-Tac,47.4502,-122.3088,137,6.8,44.2,4.9,-3.4,49,994.0,1010.3,falling,9.4,77,ENE,25.8,21.4,5,,none,0.0,0.0,96,0,0.0,Dust,108,258,67.9,111.5,82.4,28.1,1.09,08:00,16:00,8,3.3,12.3,0.12
2023-02-14,09:17,HNL001,Honolulu - Intl,21.325,-157.925,4,23.5,74.3,23.5,18.9,77,1008.4,1008.9,rising,25.5,270,W,40.9,25.6,41,600,none,0.0,0.0,92,5.0,495.7,Mostly Cloudy,103,255,62.9,102.3,39.7,20.5,1.42,08:00,16:00,8,21.0,50.7,4.82
2023-02-14,11:51,PHX001,Phoenix - Sky Harbor,33.4373,-112.0078,337,18.8,65.8,18.8,3.4,23,975.9,1015.9,steady,13.8,124,SE,26.0,9.2,69,9000,rain,16.5,0.0,51,5.4,590.1,Freezing Drizzle,115,206,48.7,83.1,32.4,14.1,0.31,08:00,16:00,8,13.8,11.2,3.95
2023-02-14,20:39,MIA001,Miami - International,25.7959,-80.287,3,10.2,50.4,10.2,-0.8,45,1011.3,1011.7,steady,22.1,2,N,39.2,7.6,66,150,none,0.0,0.0,33,0,0.0,Clear,100,40,6.0,13.4,48.6,32.5,1.72,08:00,16:00,8,7.3,44.9,2.88
2023-02-15,02:17,STL001,St Louis - Lambert,38.7487,-90.37,172,7.0,44.6,4.3,-8.4,23,1001.7,1022.4,rising,14.2,191,S,33.1,20.5,12,,none,0.0,0.0,82,0,0,Overcast,104,133,32.9,53.8,54.0,37.5,0.25,08:00,16:00,8,3.3,27.6,5.69
2023-02-15,04:51,DFW001,Dallas - Fort Worth,32.8998,-97.0403,182,7.1,44.8,2.5,-8.7,21,992.7,1014.4,rising rapidly,33.8,118,ESE,35.5,13.8,2,,hail,30.5,0.0,4,0,0,Heavy Hail,141,242,59.6,93.7,66.8,55.5,2.68,08:00,16:00,8,5.9,59.2,0.28
2023-02-15,07:33,SLC001,Salt Lake City - Intl,40.7884,-111.9778,1288,6.6,43.9,2.6,2.8,81,869.9,1016.0,rising,24.6,275,W,29.6,36.5,57,300,none,0.0,0.0,29,1.5,159.1,Partly Cloudy,102,104,25.0,34.2,33.7,16.8,1.28,08:00,16:00,8,2.4,32.7,5.59
2023-02-15,10:32,ATL001,Atlanta - Hartsfield,33.6407,-84.4277,313,13.3,55.9,13.3,-0.5,31,979.9,1017.2,rising rapidly,11.6,109,ESE,36.5,27.9,97,,none,0.0,0.0,0,3.0,402.6,Fog,105,242,60.7,103.4,59.2,43.3,0.65,08:00,16:00,8,10.4,42.7,1.85
2023-02-16,02:18,SFO001,San Francisco - Intl,37.6213,-122.379,4,10.0,50.0,9.3,3.6,68,1015.2,1015.7,rising rapidly,6.5,288,WNW,18.2,10.8,88,150,none,0.0,0.0,63,0,0,Smoke,107,75,16.9,32.5,41.6,79.3,1.48,08:00,16:00,8,6.3,30.8,4.79
2023-02-16,05:07,ABQ001,Albuquerque - Intl Sunport,35.0402,-106.609,1619,0.2,32.4,-3.8,-6.4,67,827.9,1007.1,falling rapidly,13.3,29,NNE,28.2,13.0,20,,none,0.0,0.0,52,0,0,Haze,106,195,46.3,67.3,51.6,40.5,2.85,08:00,16:00,8,-2.0,33.9,3.43
2023-02-16,05:32,DEN001,Denver - Stapleton,39.7392,-104.9903,1609,-6.0,21.2,-6.0,-12.6,67,824.7,1002.0,falling rapidly,2.2,17,NNE,2.2,35.8,86,150,snow,0.0,7.2,50,0,0,Light Snow,120,246,57.0,96.4,35.6,50.3,2.55,08:00,16:00,8,-7.2,13.0,4.4
2023-02-16,18:05,IAH001,Houston - Hobby,29.6454,-95.2789,15,15.9,60.6,15.9,6.7,54,1002.1,1003.9,falling,26.6,259,W,45.8,37.5,71,600,none,0.0,0.0,32,2.5,279.9,Mist,109,92,20.5,26.2,57.1,51.2,1.62,08:00,16:00,8,11.6,43.8,5.61
2023-02-16,18:23,LAX001,Los Angeles - Downtown,34.0522,-118.2437,71,11.0,51.8,11.0,-5.0,20,1001.9,1010.4,rising,9.5,117,ESE,14.9,23.7,95,3000,none,0.0,0.0,22,1.7,227.8,Haze,106,106,29.2,43.1,75.3,38.7,0.46,08:00,16:00,8,6.2,7.6,3.02
2023-02-16,22:29,ORD001,Chicago - O'Hare Area,41.9742,-87.9073,201,4.9,40.8,4.9,-6.9,41,999.3,1023.5,falling rapidly,1.0,181,S,1.0,23.3,48,3000,none,0.0,0.0,91,0,0,Mist,109,174,40.2,58.5,67.7,63.3,0.28,08:00,16:00,8,1.3,25.2,5.37
2023-02-25,23:57,ORD001,Chicago - O'Hare Area,41.9742,-87.9073,201,4.3,39.7,0.6,-11.7,20,984.8,1008.6,steady,17.2,88,E,35.6,33.1,56,,none,0.0,0.0,42,0,0,Fog,105,216,54.1,89.8,68.7,59.6,2.93,08:00,16:00,8,1.5,59.0,0
2023-02-26,01:45,BWI001,Baltimore - Washington,39.1754,-76.6684,46,3.7,38.7,3.7,-9.9,32,1009.0,1014.5,rising,1.4,330,NNW,1.4,9.0,15,,none,0.0,0.0,55,0,0,Mostly Clear,101,295,71.7,108.6,30.2,52.8,0.65,08:00,16:00,8,2.0,21.5,3.28
2023-02-27,00:47,PHX001,Phoenix - Sky Harbor,33.4373,-112.0078,337,3.8,38.8,0.4,-9.6,33,979.5,1019.7,falling,14.4,135,SE,18.5,27.7,62,,none,0.0,0.0,49,0,0,Partly Cloudy,102,18,1.8,7.0,71.6,12.3,2.16,08:00,16:00,8,-0.7,54.3,5.18
2023-02-27,05:36,LAX001,Los Angeles - Downtown,34.0522,-118.2437,71,10.9,51.6,10.9,-2.9,31,1008.0,1016.5,falling rapidly,29.5,26,NNE,43.8,23.2,24,,thunderstorm,57.2,0.0,26,0,0,Severe Thunderstorm,151,29,9.5,9.6,10.3,7.3,1.35,08:00,16:00,8,8.9,25.4,1.37
2023-02-27,09:28,SLC001,Salt Lake City - Intl,40.7884,-111.9778,1288,9.9,49.8,9.0,0.3,52,868.4,1014.3,steady,7.6,251,WSW,16.1,33.6,9,,rain,22.7,0.0,82,6.4,595.4,Heavy Rain,112,163,34.1,53.5,28.5,32.1,0.46,08:00,16:00,8,5.2,5.6,7.18
2023-02-27,10:27,DEN001,Denver - Stapleton,39.7392,-104.9903,1609,8.2,46.8,6.9,-8.2,18,834.1,1013.4,falling,7.8,143,SE,15.3,34.8,25,,hail,8.7,0.0,81,7.2,684.1,Hail,140,63,9.7,17.7,75.0,9.4,1.0,08:00,16:00,8,6.3,5.2,2.94
2023-02-27,15:53,RDU001,Raleigh-Durham - Intl,35.8801,-78.788,132,15.1,59.2,15.1,11.9,84,994.5,1010.2,falling,11.1,44,NE,31.8,20.5,1,,none,0.0,0.0,32,9.8,896.5,Mostly Clear,101,148,45.8,74.2,75.0,56.8,0.45,08:00,16:00,8,13.9,6.7,2.92
2023-02-27,17:13,ANC001,Anchorage - Intl,61.1743,-149.9963,46,5.6,42.1,2.1,2.4,84,1000.8,1006.3,rising,17.4,180,S,35.9,3.1,63,600,none,0.0,0.0,46,4.0,427.1,Mist,109,218,55.0,88.5,62.3,54.6,0.47,08:00,16:00,8,1.8,7.3,4.12
2023-02-27,19:29,MSP001,Minneapolis - St Paul,44.8848,-93.2223,255,4.2,39.6,-0.2,2.2,90,979.0,1009.2,falling,22.2,114,ESE,24.2,4.5,27,,none,0.0,0.0,80,2.0,192.5,Smoke,107,66,15.6,26.6,23.5,64.3,0.48,08:00,16:00,8,0.8,43.2,1.57
2023-02-27,22:23,BOS001,Boston - Logan,42.3656,-71.0096,9,8.0,46.4,7.2,-9.0,15,1007.3,1008.4,rising,5.9,291,WNW,28.9,26.3,1,,none,0.0,0.0,100,0,0,Haze,106,176,41.6,68.2,20.6,35.3,2.81,08:00,16:00,8,4.1,7.1,2.46
2023-02-28,02:38,NYC001,New York - Central Park,40.7829,-73.9654,39,1.7,35.1,-4.2,-1.7,83,1018.2,1022.9,rising,29.8,92,E,47.8,16.1,56,600,none,0.0,0.0,83,0,0,Smoke,107,164,36.3,62.9,35.1,62.3,2.16,08:00,16:00,8,-2.1,26.1,4.88
2023-02-28,03:17,MIA001,Miami - International,25.7959,-80.287,3,10.6,51.1,10.6,-4.8,23,1012.4,1012.8,falling rapidly,1.4,157,SSE,1.4,4.5,16,,none,0.0,0.0,62,0,0,Overcast,104,246,59.0,95.8,49.5,73.3,0.2,08:00,16:00,8,8.5,23.7,5.42
2023-02-28,14:46,DFW001,Dallas - Fort Worth,32.8998,-97.0403,182,8.9,48.0,7.1,8.3,97,993.1,1014.8,falling rapidly,11.0,140,SE,16.3,1.8,20,,none,0.0,0.0,52,9.3,877.4,Mostly Cloudy,103,182,47.2,70.1,54.2,28.9,1.22,08:00,16:00,8,5.4,36.6,1.65
2023-02-28,18:35,ABQ001,Albuquerque - Intl Sunport,35.0402,-106.609,1619,-1.5,29.3,-6.8,-4.7,84,832.1,1012.2,falling rapidly,17.9,280,W,22.4,16.2,20,,none,0.0,0.0,84,4.1,390.5,Mostly Cloudy,103,258,65.4,105.4,81.6,13.6,2.35,08:00,16:00,8,-3.4,45.6,2.49
2023-02-28,23:48,MKE001,Milwaukee - Mitchell,42.9472,-87.8966,211,8.9,48.0,6.8,6.7,89,984.3,1009.3,rising rapidly,13.1,239,WSW,33.9,26.4,95,9000,none,0.0,0.0,28,0,0,Overcast,104,91,23.5,30.0,81.4,33.0,1.73,08:00,16:00,8,3.9,39.1,1.18
2023-03-01,01:06,CLE001,Cleveland - Hopkins,41.4117,-81.8498,245,1.5,34.7,-1.2,-10.3,41,977.0,1005.9,falling rapidly,8.9,180,S,21.1,20.1,0,,sleet,25.3,0.0,95,0,0,Sleet,130,232,55.8,94.1,27.3,64.8,0.61,07:00,17:00,10,-3.0,46.0,1.7
2023-03-01,02:50,MSY001,New Orleans - Moisant,29.9934,-90.258,3,9.3,48.7,6.5,-5.3,27,1022.2,1022.6,falling,20.3,1,N,36.8,37.5,70,3000,none,0.0,0.0,89,0,0,Mostly Cloudy,103,206,49.1,77.7,85.6,26.0,2.28,07:00,17:00,10,6.2,23.4,1.68
2023-03-01,03:54,DTW001,Detroit - Metro Wayne,42.2162,-83.3554,195,4.1,39.4,1.0,2.7,93,984.3,1007.4,rising rapidly,12.7,335,NNW,17.3,9.6,81,900,none,0.0,0.0,30,0,0,Mist,109,293,74.7,123.1,86.0,49.2,2.73,07:00,17:00,10,1.0,22.8,5.51
2023-03-01,05:56,HNL001,Honolulu - Intl,21.325,-157.925,4,7.3,45.1,6.3,-1.3,57,1027.1,1027.6,falling rapidly,6.1,129,SE,7.1,28.2,25,,none,0.0,0.0,92,0,0,Partly Cloudy,102,109,24.5,37.6,61.8,39.2,2.33,07:00,17:00,10,5.1,15.7,1.8
2023-03-01,17:14,LAS001,Las Vegas - McCarran,36.084,-115.1537,664,1.4,34.5,-0.1,-3.0,78,948.7,1027.2,steady,5.3,192,SSW,7.5,35.7,76,6000,rain,35.1,0.0,30,3.4,386.6,Rain Showers,114,175,45.4,70.7,50.7,72.9,2.23,07:00,17:00,10,-2.5,26.8,1.07
2023-03-01,22:58,SFO001,San Francisco - Intl,37.6213,-122.379,4,6.4,43.5,6.4,-2.8,54,999.1,999.6,rising,1.8,180,S,1.8,20.2,29,,none,0.0,0.0,52,0,0,Clear,100,14,5.9,4.8,10.3,26.1,2.1,07:00,17:00,10,3.4,31.5,2.21
2023-03-02,04:48,PDX001,Portland - Intl,45.5898,-122.5951,9,1.2,34.2,-1.4,-1.2,88,1012.4,1013.5,rising rapidly,8.2,308,NW,9.9,18.4,20,,none,0.0,0.0,15,0,0,Smoke,107,68,15.9,26.8,17.4,43.5,1.93,07:00,17:00,10,-3.5,53.5,2.26
2023-03-02,10:48,ATL001,Atlanta - Hartsfield,33.6407,-84.4277,313,8.3,46.9,8.3,-3.5,41,977.0,1014.1,rising rapidly,0.9,152,SSE,0.9,0.4,90,300,none,0.0,0.0,7,3.4,430.0,Mostly Cloudy,103,115,32.1,46.9,48.1,49.1,2.09,07:00,17:00,10,5.9,51.1,1.28
2023-03-02,11:50,PHL001,Philadelphia - Intl,39.8729,-75.2437,9,16.8,62.2,16.8,8.2,57,1008.9,1010.0,steady,14.2,30,NNE,33.8,35.2,75,600,rain,46.1,0.0,97,5.0,563.1,Heavy Rain,112,23,2.2,2.4,14.9,73.9,0.47,07:00,17:00,10,12.3,22.2,1.6
2023-03-02,20:49,MCI001,Kansas City - Intl,39.2976,-94.7139,313,6.3,43.3,2.5,-6.7,35,966.6,1003.3,falling rapidly,22.0,260,W,43.4,20.1,21,,none,0.0,0.0,94,0,0.0,Mist,109,42,11.6,15.8,79.0,40.1,0.35,07:00,17:00,10,2.8,27.2,3.13
2023-03-03,04:32,IND001,Indianapolis - Intl,39.7173,-86.2944,248,-0.4,31.3,-5.9,-3.4,85,984.8,1014.3,falling rapidly,21.2,215,SW,38.3,14.6,58,9000,none,0.0,0.0,24,0,0,Mostly Cloudy,103,66,17.9,31.1,50.8,63.9,2.17,07:00,17:00,10,-2.2,7.9,2.34
2023-03-03,04:47,SEA001,Seattle - Sea-Tac,47.4502,-122.3088,137,0.7,33.3,-1.9,-1.1,91,990.2,1006.5,rising rapidly,8.0,342,NNW,32.1,8.9,69,6000,none,0.0,0.0,49,0,0,Mostly Clear,101,24,11.0,21.1,12.7,40.3,2.18,07:00,17:00,10,-3.0,22.8,2.32
2023-03-03,14:38,TPA001,Tampa - Intl,27.9755,-82.5332,9,22.6,72.7,22.6,8.4,29,1009.2,1010.3,rising,10.3,55,NE,26.7,19.5,54,3000,none,0.0,0.0,8,6.9,711.7,Overcast,104,39,7.0,17.7,73.6,48.3,1.02,07:00,17:00,10,19.2,11.8,1.63
2023-03-03,16:05,IAH001,Houston - Hobby,29.6454,-95.2789,15,12.8,55.0,12.8,4.2,57,1029.4,1031.2,falling,5.6,198,SSW,17.9,36.7,41,600,none,0.0,0.0,82,6.2,621.6,Overcast,104,113,31.9,54.1,63.2,62.4,0.52,07:00,17:00,10,10.8,46.0,1.87
2023-03-04,01:13,STL001,St Louis - Lambert,38.7487,-90.37,172,-1.7,28.9,-5.9,-8.9,64,989.2,1009.7,rising rapidly,12.1,50,NE,18.6,26.0,19,,none,0.0,0.0,66,0,0,Mist,109,38,8.6,15.6,76.7,36.3,2.24,07:00,17:00,10,-5.7,13.9,3.19
2023-03-12,19:15,ABQ001,Albuquerque - Intl Sunport,35.0402,-106.609,1619,2.1,35.8,-1.7,-11.3,33,834.4,1015.0,falling,14.4,295,WNW,26.0,8.4,99,150,none,0.0,0.0,76,0.8,112.4,Partly Cloudy,102,230,56.7,91.6,44.4,79.4,1.62,07:00,17:00,10,0.9,47.2,2.98
2023-03-13,03:10,BOS001,Boston - Logan,42.3656,-71.0096,9,6.4,43.5,4.2,-3.2,52,1026.2,1027.3,rising rapidly,10.6,162,SSE,11.6,27.8,19,,none,0.0,0.0,84,0,0,Clear,100,27,6.5,9.8,50.8,24.7,1.37,07:00,17:00,10,3.3,33.4,3.96
2023-03-13,13:29,RDU001,Raleigh-Durham - Intl,35.8801,-78.788,132,13.8,56.8,13.8,-1.2,25,995.6,1011.4,falling,30.5,316,NW,44.9,35.2,40,600,none,0.0,0.0,76,8.1,800.0,Overcast,104,170,44.4,69.4,43.6,39.3,1.85,07:00,17:00,10,11.6,37.7,2.3
2023-03-13,23:14,PHX001,Phoenix - Sky Harbor,33.4373,-112.0078,337,1.0,33.8,-4.2,-11.2,39,968.5,1008.2,rising,21.9,349,N,46.5,22.4,3,,none,0.0,0.0,67,0,0,Mist,109,52,11.0,19.3,79.4,55.3,1.75,07:00,17:00,10,-0.5,22.9,4.43
2023-03-14,07:52,SLC001,Salt Lake City - Intl,40.7884,-111.9778,1288,-1.6,29.1,-8.9,-18.0,18,867.4,1013.1,falling,32.8,19,NNE,57.1,21.9,78,600,none,0.0,0.0,19,1.2,135.7,Dust,108,230,53.2,78.7,53.5,50.6,2.02,07:00,17:00,10,-4.6,58.8,5.01
2023-03-14,11:39,ANC001,Anchorage - Intl,61.1743,-149.9963,46,1.4,34.5,-0.4,-6.6,60,999.2,1004.7,rising,6.0,210,SSW,22.1,13.7,12,,none,0.0,0.0,94,9.1,846.9,Mist,109,97,19.5,29.2,60.2,65.9,2.39,07:00,17:00,10,-1.1,21.9,1.88
2023-03-14,13:57,CLE001,Cleveland - Hopkins,41.4117,-81.8498,245,5.5,41.9,4.0,0.1,73,982.9,1012.0,rising rapidly,7.1,246,WSW,23.9,22.9,75,1500,thunderstorm,6.0,0.0,83,5.5,625.0,Thunderstorm,150,6,0.3,0.1,29.1,56.9,1.65,07:00,17:00,10,0.8,59.7,3.17
2023-03-14,14:26,ATL001,Atlanta - Hartsfield,33.6407,-84.4277,313,14.7,58.5,14.7,10.5,79,983.9,1021.3,steady,0.9,253,WSW,0.9,8.6,89,600,none,0.0,0.0,83,4.4,541.1,Mostly Clear,101,242,56.1,92.6,10.7,13.6,1.46,07:00,17:00,10,13.5,12.4,3.4
2023-03-14,16:43,ORD001,Chicago - O'Hare Area,41.9742,-87.9073,201,11.0,51.8,11.0,-5.2,19,996.2,1020.3,rising rapidly,23.9,230,SW,38.1,27.5,9,,rain,13.6,0.0,72,8.1,746.6,Drizzle,113,261,68.9,112.8,79.6,38.0,1.38,07:00,17:00,10,9.1,50.7,0
2023-03-14,18:44,TPA001,Tampa - Intl,27.9755,-82.5332,9,5.1,41.2,0.9,-11.1,19,1011.5,1012.6,falling rapidly,22.5,141,SE,46.3,0.9,20,,rain,5.4,0.0,79,4.1,390.5,Drizzle,113,264,67.1,103.9,10.3,7.3,1.4,07:00,17:00,10,3.9,30.8,5.36
2023-03-14,19:43,MCI001,Kansas City - Intl,39.2976,-94.7139,313,1.8,35.2,0.3,-13.0,26,969.4,1006.3,falling,5.4,9,N,20.2,8.8,29,,thunderstorm,42.6,0.0,85,2.0,190.3,Thunderstorm with Hail,152,142,38.5,61.8,19.7,78.7,1.94,07:00,17:00,10,-1.9,42.4,5.07
2023-03-14,21:34,SEA001,Seattle - Sea-Tac,47.4502,-122.3088,137,-0.0,32.0,-3.7,-11.6,42,1004.9,1021.4,falling rapidly,11.7,313,NW,23.7,28.1,12,,rain,32.0,0.0,66,0,0,Drizzle,113,97,22.8,34.1,42.1,74.0,1.31,07:00,17:00,10,-1.8,48.3,0.66
2023-03-15,01:13,DFW001,Dallas - Fort Worth,32.8998,-97.0403,182,8.7,47.7,8.7,0.1,57,986.8,1008.4,steady,1.0,223,SW,1.0,36.1,37,150,none,0.0,0.0,62,0,0,Mostly Cloudy,103,232,62.9,104.1,79.4,10.5,1.13,07:00,17:00,10,5.5,23.0,1.76
2023-03-15,02:33,IND001,Indianapolis - Intl,39.7173,-86.2944,248,-4.8,23.4,-4.8,-8.0,84,966.0,995.0,falling rapidly,2.7,333,NNW,2.7,29.6,4,,sleet,52.3,0.0,69,0,0,Freezing Rain,131,255,66.7,107.3,79.2,22.9,2.48,07:00,17:00,10,-9.3,34.3,1.65
2023-03-15,23:03,MKE001,Milwaukee - Mitchell,42.9472,-87.8966,211,-4.8,23.4,-8.4,-5.6,96,984.9,1010.0,falling,8.1,15,NNE,16.1,37.8,63,1500,snow,0.0,6.9,33,0,0,Light Snow,120,75,21.1,31.6,62.9,55.5,2.57,07:00,17:00,10,-7.4,58.0,3.61
2023-03-16,01:32,STL001,St Louis - Lambert,38.7487,-90.37,172,3.5,38.3,1.1,0.1,83,1001.8,1022.5,falling,9.0,83,E,21.1,5.1,69,,none,0.0,0.0,60,0,0,Clear,100,156,37.9,61.5,14.3,35.8,2.46,07:00,17:00,10,1.4,39.7,5.31
2023-03-16,14:58,NYC001,New York - Central Park,40.7829,-73.9654,39,4.0,39.2,-1.3,-11.4,23,1016.9,1021.6,falling rapidly,30.3,150,SSE,50.0,21.4,32,3000,none,0.0,0.0,52,8.4,818.9,Mostly Cloudy,103,86,18.1,27.7,58.3,79.0,2.03,07:00,17:00,10,1.2,25.9,5.95
2023-03-16,17:53,PDX001,Portland - Intl,45.5898,-122.5951,9,6.4,43.5,6.4,-8.2,27,993.2,994.3,steady,1.7,332,NNW,1.7,18.2,46,300,none,0.0,0.0,4,4.8,480.1,Dust,108,157,37.0,61.4,30.2,20.0,1.86,07:00,17:00,10,1.8,59.9,3.32
2023-03-16,18:22,HNL001,Honolulu - Intl,21.325,-157.925,4,9.1,48.4,7.2,-2.3,43,1024.6,1025.1,falling rapidly,12.1,296,WNW,23.8,12.1,22,,none,0.0,0.0,30,4.1,386.2,Overcast,104,281,70.1,116.7,82.6,45.0,1.29,07:00,17:00,10,6.7,16.4,7.59
2023-03-16,23:32,LAX001,Los Angeles - Downtown,34.0522,-118.2437,71,6.1,43.0,2.6,-8.3,28,1001.3,1009.8,steady,18.7,27,NNE,33.9,24.3,84,3000,hail,33.9,0.0,11,0,0,Heavy Hail,141,132,33.0,47.9,42.6,24.2,0.69,07:00,17:00,10,3.9,30.1,6.39
2023-03-17,01:49,MIA001,Miami - International,25.7959,-80.287,3,2.9,37.2,-0.3,-4.7,62,1016.6,1017.0,steady,12.0,168,SSE,31.0,3.2,21,,none,0.0,0.0,89,0,0,Dust,108,143,29.4,42.3,82.5,56.8,2.91,07:00,17:00,10,0.7,59.5,1.78
2023-03-17,06:35,IAH001,Houston - Hobby,29.6454,-95.2789,15,15.0,59.0,15.0,11.6,83,1011.8,1013.6,rising,3.7,120,ESE,3.7,13.9,21,,none,0.0,0.0,72,0,0.0,Mist,109,282,70.1,111.7,55.3,44.7,0.89,07:00,17:00,10,12.6,14.9,5.16
2023-03-17,07:37,LAS001,Las Vegas - McCarran,36.084,-115.1537,664,6.4,43.5,3.9,-3.2,52,952.8,1031.6,rising rapidly,12.4,313,NW,34.6,31.4,56,9000,none,0.0,0.0,40,1.5,160.2,Mist,109,182,49.7,78.6,67.7,38.9,2.04,07:00,17:00,10,4.3,11.7,2.23
2023-03-17,08:53,BWI001,Baltimore - Washington,39.1754,-76.6684,46,12.7,54.9,12.7,1.7,45,1001.8,1007.3,rising rapidly,15.3,32,NNE,27.2,23.3,79,,none,0.0,0.0,4,2.3,262.5,Clear,100,184,50.4,91.5,83.8,46.1,1.91,07:00,17:00,10,11.1,36.8,7.4
2023-03-17,10:23,MSP001,Minneapolis - St Paul,44.8848,-93.2223,255,5.8,42.4,1.5,-4.2,50,981.8,1012.1,falling rapidly,25.5,67,ENE,28.1,30.4,31,3000,none,0.0,0.0,89,6.8,660.6,Partly Cloudy,102,122,27.4,48.6,46.4,50.2,1.04,07:00,17:00,10,3.7,55.3,2.18
2023-03-17,12:16,SFO001,San Francisco - Intl,37.6213,-122.379,4,14.4,57.9,14.4,12.4,90,1010.9,1011.4,falling,9.9,265,W,14.6,27.5,82,900,none,0.0,0.0,87,4.9,575.2,Fog,105,197,49.9,80.3,11.0,32.7,2.15,07:00,17:00,10,12.6,36.3,4.11
2023-03-17,14:21,PHL001,Philadelphia - Intl,39.8729,-75.2437,9,20.5,68.9,20.5,7.7,36,1003.1,1004.2,falling,5.7,315,NW,18.3,6.1,34,300,none,0.0,0.0,20,8.3,809.2,Fog,105,249,63.2,101.7,31.9,21.8,2.96,07:00,17:00,10,16.0,30.3,4.92
2023-03-17,18:34,DTW001,Detroit - Metro Wayne,42.2162,-83.3554,195,3.3,37.9,-0.3,-5.7,55,982.6,1005.7,steady,14.8,162,SSE,37.5,12.4,71,600,rain,13.7,0.0,8,2.5,279.9,Drizzle,113,74,17.6,27.5,34.9,23.0,2.92,07:00,17:00,10,-0.5,40.4,2.68
2023-03-17,21:10,MSY001,New Orleans - Moisant,29.9934,-90.258,3,9.4,48.9,6.6,6.6,86,1018.6,1019.0,rising,19.8,318,NW,36.2,25.0,19,,none,0.0,0.0,42,0,0,Fog,105,28,8.1,9.9,45.4,12.1,2.8,07:00,17:00,10,8.0,26.8,6.43
2023-03-18,05:56,DEN001,Denver - Stapleton,39.7392,-104.9903,1609,-3.7,25.3,-10.9,-11.1,63,838.3,1018.5,steady,27.1,167,SSE,36.2,22.1,48,,none,0.0,0.0,33,0,0,Mostly Clear,101,258,63.8,104.6,27.6,71.5,0.44,07:00,17:00,10,-5.6,38.7,6.7
2023-03-27,05:27,LAS001,Las Vegas - McCarran,36.084,-115.1537,664,3.5,38.3,-0.2,2.9,97,938.3,1015.9,falling rapidly,15.8,272,W,36.2,30.4,35,900,none,0.0,0.0,21,0,0,Mostly Clear,101,242,65.9,104.2,71.8,37.7,0.56,07:00,17:00,10,0.5,17.9,1.5
2023-03-27,09:22,DEN001,Denver - Stapleton,39.7392,-104.9903,1609,3.0,37.4,3.0,-2.8,71,834.5,1013.8,steady,4.5,170,S,4.5,35.6,29,,none,0.0,0.0,82,5.5,533.1,Haze,106,80,22.2,33.7,86.6,22.0,2.78,07:00,17:00,10,1.4,45.8,3.7
2023-03-27,10:10,MCI001,Kansas City - Intl,39.2976,-94.7139,313,14.4,57.9,14.4,7.6,66,969.8,1006.7,rising,9.8,27,NNE,21.8,29.0,45,6000,none,0.0,0.0,62,6.0,605.9,Mostly Clear,101,16,0.3,1.1,79.1,61.5,1.82,07:00,17:00,10,9.9,41.2,0
2023-03-27,12:34,PHL001,Philadelphia - Intl,39.8729,-75.2437,9,14.1,57.4,14.1,2.5,42,1012.3,1013.4,rising rapidly,9.2,313,NW,19.0,23.4,32,300,none,0.0,0.0,2,8.4,818.9,Mist,109,136,38.3,62.5,86.4,38.2,1.19,07:00,17:00,10,12.1,34.2,5.19
2023-03-27,12:46,ABQ001,Albuquerque - Intl Sunport,35.0402,-106.609,1619,2.7,36.9,-1.9,-9.3,40,834.9,1015.6,falling,20.6,350,N,23.3,10.2,83,300,none,0.0,0.0,17,4.8,570.3,Overcast,104,271,67.1,108.9,53.4,53.7,0.71,07:00,17:00,10,1.1,44.4,5.01
2023-03-27,12:56,DTW001,Detroit - Metro Wayne,42.2162,-83.3554,195,9.3,48.7,6.2,-6.5,21,979.9,1002.9,falling,23.7,40,NE,30.8,9.0,70,300,none,0.0,0.0,77,5.7,633.7,Fog,105,126,32.8,52.2,48.7,55.3,0.61,07:00,17:00,10,5.4,7.9,5.75
2023-03-27,19:48,BOS001,Boston - Logan,42.3656,-71.0096,9,6.1,43.0,1.2,5.7,98,1009.8,1010.9,falling rapidly,34.2,298,WNW,49.2,19.3,69,600,none,0.0,0.0,18,1.3,145.8,Partly Cloudy,102,62,12.6,16.1,33.0,27.9,0.93,07:00,17:00,10,5.0,49.8,2.08
2023-03-27,22:28,CLE001,Cleveland - Hopkins,41.4117,-81.8498,245,-2.6,27.3,-8.1,-8.4,71,986.6,1015.8,rising rapidly,17.7,24,NNE,33.6,33.7,30,,none,0.0,0.0,100,0,0,Dust,108,218,60.3,98.3,42.1,31.9,3.0,07:00,17:00,10,-7.2,41.9,6.84
2023-03-28,07:42,SLC001,Salt Lake City - Intl,40.7884,-111.9778,1288,4.1,39.4,0.3,-11.7,21,865.2,1010.5,falling rapidly,16.9,146,SE,30.0,31.9,10,,none,0.0,0.0,40,2.3,211.4,Clear,100,133,33.8,54.1,39.3,77.1,1.69,07:00,17:00,10,-0.0,36.3,0.58
2023-03-28,15:10,DFW001,Dallas - Fort Worth,32.8998,-97.0403,182,11.9,53.4,11.9,-4.7,17,994.9,1016.7,steady,6.5,17,NNE,22.5,36.9,1,,none,0.0,0.0,2,9.8,896.5,Clear,100,136,38.6,58.6,31.3,32.9,1.2,07:00,17:00,10,6.9,34.2,3.95
2023-03-28,16:12,SEA001,Seattle - Sea-Tac,47.4502,-122.3088,137,1.5,34.7,-2.0,-13.9,23,991.0,1007.3,falling rapidly,12.0,131,SE,33.5,5.3,9,,none,0.0,0.0,59,8.1,746.6,Fog,105,118,31.7,56.0,69.0,72.8,0.49,07:00,17:00,10,-3.0,9.9,3.01
2023-03-28,16:26,IAH001,Houston - Hobby,29.6454,-95.2789,15,7.9,46.2,5.1,-4.9,36,1012.8,1014.6,falling,16.8,52,NE,33.5,37.2,85,3000,none,0.0,0.0,21,3.7,449.6,Mostly Cloudy,103,53,15.4,20.5,27.7,22.5,0.36,07:00,17:00,10,6.8,15.2,5.72
2023-03-28,17:24,RDU001,Raleigh-Durham - Intl,35.8801,-78.788,132,13.8,56.8,13.8,6.8,65,998.2,1014.0,rising,21.4,261,W,43.3,26.9,26,,none,0.0,0.0,100,5.7,542.4,Smoke,107,83,30.1,48.7,62.2,10.1,1.48,07:00,17:00,10,9.1,32.1,4.25
2023-03-28,19:27,TPA001,Tampa - Intl,27.9755,-82.5332,9,19.3,66.7,19.3,3.9,23,1009.7,1010.8,rising,16.5,196,SSW,35.8,24.4,25,,none,0.0,0.0,32,2.0,194.7,Smoke,107,202,49.5,76.9,75.1,73.3,1.29,07:00,17:00,10,14.4,13.3,5.36
2023-03-28,23:09,MSY001,New Orleans - Moisant,29.9934,-90.258,3,7.3,45.1,3.8,-1.5,56,996.5,996.9,rising,21.2,119,ESE,40.9,1.7,93,,rain,39.5,0.0,66,0,0,Drizzle,113,76,20.1,39.6,22.5,31.5,1.4,07:00,17:00,10,6.3,40.5,6.34
2023-03-29,01:13,HNL001,Honolulu - Intl,21.325,-157.925,4,7.4,45.3,5.6,2.8,77,1015.7,1016.2,falling,9.8,244,WSW,33.4,7.7,47,150,none,0.0,0.0,10,0,0,Clear,100,133,30.8,47.7,13.1,64.7,0.95,07:00,17:00,10,6.0,10.0,6.18
2023-03-29,02:30,STL001,St Louis - Lambert,38.7487,-90.37,172,2.7,36.9,0.3,0.1,87,984.4,1004.8,rising rapidly,8.3,139,SE,11.5,36.4,28,,rain,43.9,0.0,7,0,0,Light Rain,110,289,68.0,106.6,34.3,28.3,2.26,07:00,17:00,10,-2.1,55.2,0.47
2023-03-29,02:45,MKE001,Milwaukee - Mitchell,42.9472,-87.8966,211,0.1,32.2,-7.3,-14.3,28,972.3,997.0,rising,40.0,145,SE,58.3,6.1,28,,rain,44.4,0.0,37,0,0,Heavy Rain,112,128,30.5,42.8,76.7,35.0,2.43,07:00,17:00,10,-2.4,44.2,2.08
2023-03-29,09:29,IND001,Indianapolis - Intl,39.7173,-86.2944,248,6.6,43.9,1.7,0.0,67,984.7,1014.2,falling,36.5,251,WSW,55.3,38.9,74,300,none,0.0,0.0,76,3.5,392.8,Clear,100,278,74.1,119.8,50.8,21.4,2.72,07:00,17:00,10,1.8,48.8,2.45
2023-03-29,11:51,LAX001,Los Angeles - Downtown,34.0522,-118.2437,71,13.1,55.6,13.1,10.1,85,992.5,1000.9,falling,18.1,190,S,32.1,34.7,33,6000,none,0.0,0.0,38,7.7,752.3,Smoke,107,161,45.0,70.0,33.0,27.3,0.96,07:00,17:00,10,10.4,37.2,4.21
2023-03-29,13:38,NYC001,New York - Central Park,40.7829,-73.9654,39,8.2,46.8,5.8,-4.0,39,989.2,993.8,falling,14.4,327,NNW,33.2,28.3,52,1500,none,0.0,0.0,0,7.2,740.0,Smoke,107,62,18.6,27.1,51.8,76.2,2.94,07:00,17:00,10,3.2,33.1,2.99
2023-03-29,15:07,SFO001,San Francisco - Intl,37.6213,-122.379,4,11.9,53.4,11.9,-1.1,35,1009.0,1009.5,falling,32.6,144,SE,51.0,11.1,47,600,none,0.0,0.0,59,6.8,689.2,Smoke,107,85,26.1,41.1,41.5,18.5,1.38,07:00,17:00,10,9.9,14.2,3.34
2023-03-29,20:29,MIA001,Miami - International,25.7959,-80.287,3,14.4,57.9,14.4,12.6,91,1019.2,1019.6,rising,33.0,7,N,33.6,34.9,10,,none,0.0,0.0,47,0,0.0,Overcast,104,131,35.5,63.6,74.3,36.8,1.76,07:00,17:00,10,12.5,31.6,0
2023-03-30,15:21,ANC001,Anchorage - Intl,61.1743,-149.9963,46,-5.5,22.1,-12.5,-21.5,20,1009.2,1014.7,falling rapidly,21.9,301,WNW,34.5,15.3,6,,snow,0.0,31.2,24,9.5,873.9,Blowing Snow,123,295,75.2,119.6,44.3,29.9,1.0,07:00,17:00,10,-6.6,10.7,0
2023-03-31,03:01,PDX001,Portland - Intl,45.5898,-122.5951,9,-0.2,31.6,-4.0,-2.6,88,1013.6,1014.7,steady,11.7,132,SE,22.1,15.3,18,,none,0.0,0.0,46,0,0,Overcast,104,276,66.2,106.8,33.0,47.7,1.66,07:00,17:00,10,-4.0,26.7,5.18
2023-03-31,13:54,ORD001,Chicago - O'Hare Area,41.9742,-87.9073,201,14.1,57.4,14.1,10.7,83,972.4,995.9,rising rapidly,0.9,116,ESE,0.9,4.0,84,6000,none,0.0,0.0,44,4.8,580.0,Clear,100,32,7.2,11.3,62.4,59.4,0.77,07:00,17:00,10,10.3,27.5,4.36
2023-03-31,19:12,BWI001,Baltimore - Washington,39.1754,-76.6684,46,5.5,41.9,2.4,1.1,78,1008.8,1014.3,rising rapidly,15.0,87,E,20.4,38.7,35,9000,none,0.0,0.0,7,1.9,183.6,Mostly Clear,101,16,2.2,5.1,77.6,32.1,2.25,07:00,17:00,10,1.1,29.9,6.04
2023-04-01,21:29,ATL001,Atlanta - Hartsfield,33.6407,-84.4277,313,1.1,34.0,-2.4,-2.5,82,985.8,1023.3,steady,11.5,197,SSW,14.4,39.6,34,3000,hail,16.3,0.0,95,0,0,Hail,140,106,31.9,47.4,61.4,37.5,0.54,06:00,18:00,12,-1.5,31.7,3.02
2023-04-02,05:05,MSP001,Minneapolis - St Paul,44.8848,-93.2223,255,-4.6,23.7,-9.3,-13.4,56,974.9,1005.0,rising rapidly,11.9,313,NW,12.3,6.3,35,9000,none,0.0,0.0,31,0,0,Smoke,107,171,43.3,71.4,32.3,45.8,2.47,06:00,18:00,12,-5.6,56.2,2.92
2023-04-02,05:10,PHX001,Phoenix - Sky Harbor,33.4373,-112.0078,337,-0.8,30.6,-6.6,-9.8,55,958.9,998.2,falling,22.5,354,N,40.3,1.4,61,1500,snow,0.0,33.2,7,0,0,Heavy Snow,122,285,71.5,112.3,35.0,50.7,0.88,06:00,18:00,12,-4.1,5.7,4.38
2023-04-10,21:47,MKE001,Milwaukee - Mitchell,42.9472,-87.8966,211,-4.4,24.1,-10.4,-19.8,23,996.4,1021.8,steady,17.7,138,SE,28.3,37.1,68,1500,hail,2.7,0.0,90,0,0,Hail,140,16,1.3,4.4,20.8,70.9,0.59,06:00,18:00,12,-8.3,45.0,0.28
2023-04-11,03:57,LAS001,Las Vegas - McCarran,36.084,-115.1537,664,-8.1,17.4,-15.4,-18.3,49,921.6,997.8,falling rapidly,19.7,349,N,31.6,29.5,90,9000,snow,0.0,25.8,67,0,0,Heavy Snow,122,213,53.3,89.7,13.0,24.5,2.53,06:00,18:00,12,-10.5,19.7,4.83
2023-04-11,06:43,HNL001,Honolulu - Intl,21.325,-157.925,4,8.0,46.4,6.1,6.6,93,1001.4,1001.9,falling,11.0,81,E,25.2,36.9,30,,none,0.0,0.0,12,0,0.0,Dust,108,126,33.2,55.5,80.6,11.0,2.4,06:00,18:00,12,5.6,36.7,1.64
2023-04-11,13:07,STL001,St Louis - Lambert,38.7487,-90.37,172,6.4,43.5,3.6,1.4,75,990.1,1010.6,steady,14.1,148,SSE,33.9,20.4,98,3000,rain,57.1,0.0,86,3.8,510.0,Rain Showers,114,216,51.2,77.5,79.3,44.6,2.9,06:00,18:00,12,1.8,48.2,1.45
2023-04-11,13:17,ORD001,Chicago - O'Hare Area,41.9742,-87.9073,201,7.0,44.6,4.2,1.0,70,997.0,1021.1,rising rapidly,15.2,265,W,35.6,36.0,98,900,none,0.0,0.0,50,3.8,510.0,Fog,105,29,4.1,0.1,48.9,56.7,1.62,06:00,18:00,12,4.7,7.8,4.35
2023-04-11,23:14,SLC001,Salt Lake City - Intl,40.7884,-111.9778,1288,-11.1,12.0,-20.0,-15.3,79,850.8,993.7,rising rapidly,24.2,72,ENE,29.0,13.2,43,300,none,0.0,0.0,40,0,0,Mist,109,65,14.4,18.3,19.4,75.5,0.64,06:00,18:00,12,-13.3,44.6,4.68
2023-04-12,03:56,BWI001,Baltimore - Washington,39.1754,-76.6684,46,-10.0,14.0,-16.9,-16.4,68,1030.5,1036.1,steady,15.7,195,SSW,25.9,9.2,98,900,snow,0.0,8.8,84,0,0,Moderate Snow,121,181,44.2,71.3,73.8,9.3,0.45,06:00,18:00,12,-12.0,13.4,0.72
2023-04-12,07:22,IND001,Indianapolis - Intl,39.7173,-86.2944,248,4.4,39.9,4.4,-5.2,52,991.6,1021.3,rising,3.8,44,NE,3.8,4.4,63,150,thunderstorm,12.8,0.0,18,1.4,152.4,Thunderstorm with Hail,152,85,24.4,42.6,10.2,21.5,2.34,06:00,18:00,12,1.9,56.8,0
2023-04-13,08:48,MIA001,Miami - International,25.7959,-80.287,3,12.5,54.5,12.5,7.3,74,1008.4,1008.8,falling rapidly,2.5,242,WSW,2.5,35.1,12,,none,0.0,0.0,8,4.4,407.9,Dust,108,35,12.0,34.8,70.1,15.2,0.96,06:00,18:00,12,10.4,24.2,1.25
2023-04-13,10:02,IAH001,Houston - Hobby,29.6454,-95.2789,15,11.2,52.2,11.2,3.2,60,1015.4,1017.2,steady,4.7,38,NE,4.7,12.7,86,1500,none,0.0,0.0,55,3.7,445.6,Dust,108,89,21.0,31.7,28.0,31.2,1.76,06:00,18:00,12,7.7,38.2,8.84
2023-04-13,11:11,DFW001,Dallas - Fort Worth,32.8998,-97.0403,182,9.3,48.7,6.1,-5.1,28,999.7,1021.6,steady,23.8,210,SSW,33.4,37.3,73,900,rain,50.8,0.0,18,5.1,572.1,Rain Showers,114,25,6.1,16.3,16.4,47.1,2.06,06:00,18:00,12,7.0,18.4,3.33
2023-04-13,21:20,MSP001,Minneapolis - St Paul,44.8848,-93.2223,255,-5.8,21.6,-12.5,-10.2,78,986.6,1017.0,steady,19.5,120,ESE,25.1,27.8,44,1500,none,0.0,0.0,80,0,0,Mostly Cloudy,103,137,31.9,51.2,48.7,65.7,2.94,06:00,18:00,12,-9.1,46.8,4.1
2023-04-13,22:56,ABQ001,Albuquerque - Intl Sunport,35.0402,-106.609,1619,-13.3,8.1,-22.7,-17.7,78,825.2,1003.8,falling rapidly,23.3,270,W,42.2,36.0,69,300,none,0.0,0.0,30,0,0,Mist,109,147,33.9,53.4,82.6,32.4,0.79,06:00,18:00,12,-18.2,56.7,6.48
2023-04-13,23:14,BOS001,Boston - Logan,42.3656,-71.0096,9,-4.5,23.9,-11.3,-15.1,47,1002.6,1003.7,falling rapidly,22.4,177,S,39.0,2.5,28,,none,0.0,0.0,99,0,0,Haze,106,71,15.7,28.6,66.5,56.8,1.94,06:00,18:00,12,-6.7,59.6,4.18
2023-04-14,04:59,RDU001,Raleigh-Durham - Intl,35.8801,-78.788,132,-6.0,21.2,-10.3,-17.6,42,994.4,1010.1,steady,9.5,186,S,27.0,4.5,38,,snow,0.0,21.1,86,0,0,Heavy Snow,122,287,74.3,121.3,59.6,52.5,2.31,06:00,18:00,12,-7.4,40.3,3.86
2023-04-14,09:31,SFO001,San Francisco - Intl,37.6213,-122.379,4,8.2,46.8,6.2,-0.2,58,1018.6,1019.1,steady,11.3,245,WSW,31.3,37.0,70,3000,none,0.0,0.0,95,3.7,405.3,Mist,109,258,61.2,99.0,71.1,51.3,1.98,06:00,18:00,12,3.4,44.9,3.23
2023-04-14,10:43,DEN001,Denver - Stapleton,39.7392,-104.9903,1609,-1.3,29.7,-1.3,-17.9,17,831.9,1010.7,falling rapidly,1.5,67,ENE,1.5,31.4,96,3000,sleet,18.3,0.0,57,3.1,406.6,Freezing Rain,131,212,47.7,79.3,53.2,60.1,0.35,06:00,18:00,12,-5.6,6.5,2.25
2023-04-14,19:21,PDX001,Portland - Intl,45.5898,-122.5951,9,-13.6,7.5,-21.2,-26.4,36,1008.9,1010.0,falling rapidly,15.1,190,S,22.4,38.1,21,,snow,0.0,3.8,18,2.1,199.2,Blowing Snow,123,279,67.0,112.4,48.8,65.2,0.94,06:00,18:00,12,-15.5,19.4,3.76
2023-04-15,02:22,MSY001,New Orleans - Moisant,29.9934,-90.258,3,-0.5,31.1,-6.8,-3.7,84,1011.1,1011.5,falling,26.8,261,W,30.6,12.6,26,,none,0.0,0.0,35,0,0,Partly Cloudy,102,14,3.4,2.2,57.1,24.5,1.91,06:00,18:00,12,-5.5,58.7,3.99
2023-04-15,02:42,TPA001,Tampa - Intl,27.9755,-82.5332,9,2.6,36.7,-2.1,-13.2,21,1006.1,1007.2,rising,21.4,20,NNE,46.3,7.0,87,,none,0.0,0.0,52,0,0,Mist,109,10,0.1,3.3,26.7,43.2,0.39,06:00,18:00,12,0.8,28.8,4.62
2023-04-15,07:43,SEA001,Seattle - Sea-Tac,47.4502,-122.3088,137,-8.7,16.3,-15.7,-24.7,20,1011.2,1027.8,steady,17.3,209,SSW,37.1,28.7,24,,thunderstorm,56.7,0.0,49,2.1,195.8,Derecho,153,270,62.9,103.4,62.4,45.9,2.64,06:00,18:00,12,-13.5,54.7,2.19
2023-04-15,10:28,MCI001,Kansas City - Intl,39.2976,-94.7139,313,4.2,39.6,4.2,-2.4,67,965.4,1002.1,falling,3.0,183,S,3.0,5.6,27,,none,0.0,0.0,84,7.1,676.3,Dust,108,28,5.7,6.6,46.5,26.0,2.25,06:00,18:00,12,-0.4,36.4,2.51
2023-04-15,10:59,ANC001,Anchorage - Intl,61.1743,-149.9963,46,-5.2,22.6,-14.6,-20.4,24,1012.8,1018.4,rising rapidly,42.5,94,E,65.5,34.3,15,,snow,0.0,30.7,20,7.7,723.2,Heavy Snow,122,6,4.8,9.6,14.0,14.6,1.03,06:00,18:00,12,-9.7,18.7,5.0
2023-04-15,13:30,LAX001,Los Angeles - Downtown,34.0522,-118.2437,71,9.3,48.7,7.0,4.1,74,1008.0,1016.5,falling rapidly,15.2,235,SW,27.5,21.8,77,600,rain,19.0,0.0,66,5.4,615.0,Drizzle,113,123,31.5,47.9,30.7,79.3,1.79,06:00,18:00,12,6.7,10.4,2.18
2023-04-15,20:31,CLE001,Cleveland - Hopkins,41.4117,-81.8498,245,-2.0,28.4,-4.8,-6.0,80,985.2,1014.4,rising rapidly,7.1,89,E,11.9,39.2,26,,none,0.0,0.0,37,0,0.0,Clear,100,222,54.7,90.9,37.1,47.2,2.02,06:00,18:00,12,-6.6,7.0,2.8
2023-04-15,21:29,DTW001,Detroit - Metro Wayne,42.2162,-83.3554,195,-3.7,25.3,-11.6,-17.5,31,998.9,1022.4,rising rapidly,32.7,270,W,51.6,32.4,85,6000,rain,59.5,0.0,89,0,0,Drizzle,113,258,66.2,114.8,31.2,38.2,2.97,06:00,18:00,12,-8.5,10.7,5.92
2023-04-16,03:54,NYC001,New York - Central Park,40.7829,-73.9654,39,-7.4,18.7,-13.7,-8.6,94,1010.5,1015.2,falling rapidly,15.6,147,SSE,18.2,12.4,74,,none,0.0,0.0,90,0,0,Partly Cloudy,102,299,75.3,118.6,89.3,64.5,1.26,06:00,18:00,12,-9.1,30.3,6.23
2023-04-16,05:20,ATL001,Atlanta - Hartsfield,33.6407,-84.4277,313,6.0,42.8,1.2,4.4,92,980.4,1017.7,rising,32.0,19,NNE,48.7,34.1,90,1500,none,0.0,0.0,12,0,0,Mist,109,56,16.7,20.2,25.7,57.8,0.16,06:00,18:00,12,4.0,50.3,3.94
2023-04-16,09:55,PHL001,Philadelphia - Intl,39.8729,-75.2437,9,3.1,37.6,-1.6,-0.3,83,1007.6,1008.7,rising,22.0,159,SSE,24.1,22.9,79,,none,0.0,0.0,41,3.2,377.2,Mostly Cloudy,103,267,66.2,108.3,28.1,65.4,1.31,06:00,18:00,12,-1.3,10.0,4.29
2023-04-16,23:57,PHX001,Phoenix - Sky Harbor,33.4373,-112.0078,337,2.3,36.1,-0.7,-4.7,65,976.1,1016.1,steady,10.6,182,S,21.6,27.9,15,,none,0.0,0.0,53,0,0,Smoke,107,35,7.7,18.3,16.6,10.9,2.61,06:00,18:00,12,-2.3,30.1,3.7
2023-04-25,12:19,HNL001,Honolulu - Intl,21.325,-157.925,4,15.2,59.4,15.2,5.6,52,1010.6,1011.1,rising,2.4,307,NW,2.4,18.1,27,,hail,45.7,0.0,63,8.8,843.3,Small Hail,142,261,65.1,105.0,57.9,41.3,2.17,06:00,18:00,12,13.6,58.0,0
2023-04-25,18:04,ABQ001,Albuquerque - Intl Sunport,35.0402,-106.609,1619,-5.9,21.4,-13.8,-8.1,89,827.1,1006.1,rising,26.9,207,SSW,40.7,19.0,44,9000,none,0.0,0.0,80,3.4,338.4,Dust,108,298,70.8,111.1,18.7,74.8,1.14,06:00,18:00,12,-7.4,50.9,5.93
2023-04-25,21:17,MSP001,Minneapolis - St Paul,44.8848,-93.2223,255,-7.3,18.9,-13.2,-9.3,90,982.4,1012.7,steady,14.3,108,ESE,21.5,27.8,54,900,snow,0.0,7.7,28,0,0,Moderate Snow,121,125,27.3,40.3,89.4,67.6,2.7,06:00,18:00,12,-10.8,26.9,4.45
2023-04-26,00:16,BWI001,Baltimore - Washington,39.1754,-76.6684,46,5.3,41.5,1.0,-8.3,32,1000.5,1006.0,rising rapidly,24.0,124,SE,33.5,39.0,65,3000,none,0.0,0.0,53,0,0,Partly Cloudy,102,110,29.3,45.6,85.5,63.9,0.59,06:00,18:00,12,1.8,27.6,0.45
2023-04-26,02:16,LAX001,Los Angeles - Downtown,34.0522,-118.2437,71,-0.7,30.7,-6.4,-3.7,85,1004.0,1012.5,falling rapidly,21.8,259,W,25.6,7.6,97,,hail,21.9,0.0,37,0,0,Heavy Hail,141,212,63.4,108.6,60.0,29.3,1.21,06:00,18:00,12,-5.2,9.8,0.81
2023-04-26,03:20,CLE001,Cleveland - Hopkins,41.4117,-81.8498,245,3.7,38.7,-1.5,1.7,90,975.5,1004.4,steady,28.7,176,S,32.5,14.8,74,3000,none,0.0,0.0,25,0,0,Mostly Cloudy,103,42,13.5,16.3,14.3,46.3,1.17,06:00,18:00,12,0.8,56.5,3.16
2023-04-26,03:57,DFW001,Dallas - Fort Worth,32.8998,-97.0403,182,-2.7,27.1,-2.7,-3.9,94,999.5,1021.4,falling,2.7,25,NNE,2.7,11.7,0,,none,0.0,0.0,72,0,0,Overcast,104,249,65.6,105.5,70.9,55.4,0.27,06:00,18:00,12,-4.0,46.2,3.33
2023-04-26,06:10,DTW001,Detroit - Metro Wayne,42.2162,-83.3554,195,-2.2,28.0,-7.5,-11.2,55,992.7,1016.0,steady,17.0,132,SE,17.4,24.8,88,900,none,0.0,0.0,71,0,0.0,Mostly Cloudy,103,292,74.1,112.7,59.3,74.5,2.99,06:00,18:00,12,-3.7,45.2,2.83
2023-04-26,08:24,MSY001,New Orleans - Moisant,29.9934,-90.258,3,6.1,43.0,1.2,-7.1,34,1013.9,1014.3,falling rapidly,34.0,12,NNE,55.3,15.5,44,150,none,0.0,0.0,74,3.4,338.4,Smoke,107,273,69.1,112.8,56.7,67.7,0.65,06:00,18:00,12,2.4,45.0,2.34
2023-04-26,15:13,STL001,St Louis - Lambert,38.7487,-90.37,172,4.7,40.5,0.6,-5.9,47,979.2,999.5,rising,21.1,322,NW,32.0,19.8,15,,none,0.0,0.0,30,8.9,833.4,Fog,105,241,62.6,105.7,52.0,64.9,0.13,06:00,18:00,12,0.6,5.9,2.78
2023-04-26,22:23,IAH001,Houston - Hobby,29.6454,-95.2789,15,0.3,32.5,-4.9,-7.7,60,1018.5,1020.3,falling,20.0,359,N,20.0,39.7,58,150,rain,31.9,0.0,31,0,0,Freezing Drizzle,115,192,43.6,68.3,53.7,73.9,2.62,06:00,18:00,12,-4.4,21.0,3.4
2023-04-27,03:44,IND001,Indianapolis - Intl,39.7173,-86.2944,248,-1.3,29.7,-1.3,-1.7,98,989.3,1019.0,falling rapidly,4.6,352,N,4.6,7.4,87,6000,sleet,47.5,0.0,35,0,0,Freezing Rain,131,213,54.3,79.0,63.2,28.1,0.25,06:00,18:00,12,-4.8,30.8,3.55
2023-04-27,10:06,SFO001,San Francisco - Intl,37.6213,-122.379,4,1.2,34.2,-1.6,-9.0,49,1024.9,1025.4,falling rapidly,8.8,286,WNW,16.6,29.7,63,150,none,0.0,0.0,39,5.0,535.6,Haze,106,263,67.1,101.7,15.5,76.7,2.53,06:00,18:00,12,-3.4,50.0,1.75
2023-04-27,12:29,PHX001,Phoenix - Sky Harbor,33.4373,-112.0078,337,2.1,35.8,-1.1,-7.3,53,968.6,1008.3,falling rapidly,11.2,175,S,33.6,1.6,54,900,none,0.0,0.0,6,6.9,711.7,Overcast,104,164,44.7,77.6,81.3,24.3,2.87,06:00,18:00,12,-0.9,17.0,5.18
2023-04-27,13:34,DEN001,Denver - Stapleton,39.7392,-104.9903,1609,-7.6,18.3,-15.2,-22.4,26,826.0,1003.5,falling rapidly,22.3,149,SSE,42.9,34.3,41,300,none,0.0,0.0,54,8.0,795.0,Smoke,107,90,21.0,33.9,43.8,42.6,0.73,06:00,18:00,12,-12.4,6.6,3.92
2023-04-27,19:30,SEA001,Seattle - Sea-Tac,47.4502,-122.3088,137,-0.8,30.6,-6.9,-7.6,66,994.6,1010.9,rising rapidly,24.5,350,N,41.1,22.3,18,,snow,0.0,2.4,0,2.2,202.5,Moderate Snow,121,31,11.6,23.4,89.7,58.3,1.97,06:00,18:00,12,-3.9,13.8,4.48
2023-04-28,03:16,MKE001,Milwaukee - Mitchell,42.9472,-87.8966,211,-2.5,27.5,-8.4,-11.3,56,987.9,1013.0,rising rapidly,20.1,5,N,22.9,39.5,92,3000,none,0.0,0.0,61,0,0,Fog,105,245,58.7,89.9,70.3,72.8,2.36,06:00,18:00,12,-5.8,11.7,4.68
2023-04-28,12:05,ORD001,Chicago - O'Hare Area,41.9742,-87.9073,201,4.4,39.9,0.8,-7.2,42,997.0,1021.1,falling rapidly,16.7,132,SE,24.2,9.9,13,,thunderstorm,22.1,0.0,32,9.8,911.6,Severe Thunderstorm,151,261,64.4,107.2,43.8,76.9,1.92,06:00,18:00,12,2.9,8.5,5.02
2023-04-28,13:56,SLC001,Salt Lake City - Intl,40.7884,-111.9778,1288,-8.3,17.1,-12.6,-12.7,78,858.2,1002.3,steady,8.2,352,N,31.9,0.4,78,300,snow,0.0,16.6,83,5.3,610.0,Snow Showers,124,113,25.7,39.8,84.7,34.8,0.54,06:00,18:00,12,-9.9,22.5,5.02
2023-04-28,14:04,RDU001,Raleigh-Durham - Intl,35.8801,-78.788,132,4.2,39.6,4.2,-11.0,24,1016.1,1032.2,rising,4.1,250,WSW,4.1,18.7,5,,none,0.0,0.0,82,10.4,950.6,Mostly Clear,101,198,48.8,80.7,21.0,10.2,1.47,06:00,18:00,12,-0.2,35.5,1.46
2023-04-28,14:17,PDX001,Portland - Intl,45.5898,-122.5951,9,-4.5,23.9,-8.5,-15.5,45,1016.5,1017.6,falling rapidly,9.5,188,S,29.8,16.2,50,6000,none,0.0,0.0,43,7.1,731.2,Partly Cloudy,102,123,34.1,53.8,15.4,51.2,1.79,06:00,18:00,12,-8.4,18.7,3.03
2023-04-29,03:22,LAS001,Las Vegas - McCarran,36.084,-115.1537,664,0.3,32.5,-5.3,-14.5,26,940.9,1018.7,steady,23.0,116,ESE,39.7,38.9,21,,none,0.0,0.0,12,0,0,Partly Cloudy,102,286,65.9,104.0,39.0,78.5,2.49,06:00,18:00,12,-4.6,12.4,0
2023-04-29,04:10,MCI001,Kansas City - Intl,39.2976,-94.7139,313,3.0,37.4,-1.5,2.0,95,974.6,1011.6,steady,20.4,280,W,21.3,0.5,87,,none,0.0,0.0,27,0,0,Smoke,107,22,1.5,0.1,47.7,21.8,2.25,06:00,18:00,12,-1.7,30.1,3.58
2023-04-29,15:27,ANC001,Anchorage - Intl,61.1743,-149.9963,46,-5.1,22.8,-13.0,-13.3,59,1008.3,1013.8,steady,29.3,185,S,30.0,35.5,41,9000,snow,0.0,9.7,62,7.2,716.3,Moderate Snow,121,208,51.9,82.0,14.2,13.4,0.7,06:00,18:00,12,-8.3,7.8,3.35
2023-04-29,17:02,PHL001,Philadelphia - Intl,39.8729,-75.2437,9,1.4,34.5,-0.3,-7.0,58,1016.6,1017.7,steady,5.6,165,SSE,24.9,40.0,77,,thunderstorm,59.0,0.0,34,3.3,383.4,Derecho,153,142,37.3,56.9,49.3,24.3,0.21,06:00,18:00,12,-2.3,46.7,1.04
2023-04-29,18:27,MIA001,Miami - International,25.7959,-80.287,3,9.3,48.7,8.6,-1.9,44,1001.9,1002.3,rising,6.2,248,WSW,13.6,19.8,91,600,rain,22.4,0.0,77,1.9,236.5,Freezing Drizzle,115,26,3.8,2.6,15.9,9.8,2.42,06:00,18:00,12,4.9,28.5,3.74
2023-04-30,15:04,ATL001,Atlanta - Hartsfield,33.6407,-84.4277,313,9.9,49.8,7.3,-1.7,42,972.6,1009.6,rising,19.8,324,NW,36.0,14.4,66,900,thunderstorm,29.0,0.0,97,5.5,603.6,Severe Thunderstorm,151,72,19.9,34.6,32.9,49.5,0.88,06:00,18:00,12,8.7,46.5,3.39
2023-04-30,16:21,NYC001,New York - Central Park,40.7829,-73.9654,39,-4.8,23.4,-10.9,-17.4,37,1018.3,1023.0,steady,17.6,128,SE,38.7,28.1,23,,none,0.0,0.0,80,7.3,691.9,Mostly Clear,101,248,65.2,98.6,52.5,79.8,1.62,06:00,18:00,12,-6.3,48.8,0
2023-04-30,17:36,BOS001,Boston - Logan,42.3656,-71.0096,9,1.0,33.8,-1.7,-0.8,91,1016.0,1017.1,rising rapidly,8.5,44,NE,16.5,4.3,30,,none,0.0,0.0,73,5.5,530.0,Haze,106,245,60.7,98.4,81.7,34.4,1.29,06:00,18:00,12,-3.5,28.4,2.33
2023-04-30,17:50,TPA001,Tampa - Intl,27.9755,-82.5332,9,10.8,51.4,10.8,1.2,52,1001.8,1002.9,rising,27.5,315,NW,28.4,19.5,31,3000,none,0.0,0.0,66,5.4,526.8,Clear,100,210,55.3,96.3,85.7,13.5,2.56,06:00,18:00,12,6.0,52.5,1.01
2023-05-09,16:02,SFO001,San Francisco - Intl,37.6213,-122.379,4,-1.6,29.1,-7.7,-17.0,23,1004.8,1005.3,rising,23.1,290,WNW,38.3,28.7,40,150,none,0.0,0.0,67,6.3,625.5,Partly Cloudy,102,147,36.7,65.7,59.0,55.0,2.86,05:00,19:00,14,-4.4,57.9,4.57
2023-05-09,18:25,ABQ001,Albuquerque - Intl Sunport,35.0402,-106.609,1619,-14.1,6.6,-20.9,-28.1,30,832.0,1012.1,rising rapidly,12.1,11,N,12.7,9.5,94,600,thunderstorm,57.4,0.0,33,1.8,230.0,Thunderstorm with Hail,152,180,48.5,80.9,58.3,65.4,2.92,05:00,19:00,14,-17.8,50.1,1.64
2023-05-10,10:41,ORD001,Chicago - O'Hare Area,41.9742,-87.9073,201,-5.2,22.6,-7.6,-19.2,30,992.6,1016.6,steady,5.2,38,NE,23.5,4.5,7,,snow,0.0,33.4,33,8.2,754.5,Light Snow,120,175,44.2,66.5,56.3,47.2,2.5,05:00,19:00,14,-6.2,22.7,1.72
2023-05-10,16:20,STL001,St Louis - Lambert,38.7487,-90.37,172,-4.5,23.9,-12.5,-6.9,88,995.3,1015.9,rising rapidly,31.5,304,NW,37.4,6.2,30,,none,0.0,0.0,81,6.9,664.6,Smoke,107,81,22.8,30.5,41.1,77.9,2.95,05:00,19:00,14,-6.8,59.7,1.47
2023-05-10,19:21,BOS001,Boston - Logan,42.3656,-71.0096,9,-7.4,18.7,-15.6,-10.8,83,1007.5,1008.6,steady,26.0,279,W,38.7,39.3,16,,sleet,22.4,0.0,7,2.2,204.7,Freezing Rain,131,273,65.4,105.7,27.8,20.2,1.5,05:00,19:00,14,-9.3,36.0,2.27
2023-05-10,19:46,IND001,Indianapolis - Intl,39.7173,-86.2944,248,-14.8,5.4,-24.2,-27.6,36,999.8,1029.8,falling,21.3,0,N,45.0,14.2,14,,rain,58.0,0.0,29,2.2,206.9,Drizzle,113,42,15.1,32.5,21.7,61.5,2.82,05:00,19:00,14,-18.8,10.0,4.7
2023-05-10,21:53,MKE001,Milwaukee - Mitchell,42.9472,-87.8966,211,-13.2,8.2,-21.4,-20.8,62,983.2,1008.2,falling rapidly,17.9,325,NW,25.0,10.8,66,900,none,0.0,0.0,78,0,0,Clear,100,292,75.0,121.4,89.0,43.7,2.99,05:00,19:00,14,-16.1,51.3,6.54
2023-05-11,00:07,PHX001,Phoenix - Sky Harbor,33.4373,-112.0078,337,-5.3,22.5,-9.0,-12.9,62,968.9,1008.6,rising,8.0,261,W,21.7,27.4,72,300,snow,0.0,10.4,6,0,0,Light Snow,120,188,50.0,81.9,71.3,40.8,0.12,05:00,19:00,14,-7.9,18.6,1.7
2023-05-11,02:15,ATL001,Atlanta - Hartsfield,33.6407,-84.4277,313,-7.5,18.5,-7.5,-15.3,61,973.5,1010.5,steady,3.8,173,S,3.8,14.0,39,1500,snow,0.0,19.9,69,0,0,Snow Showers,124,243,63.8,101.0,14.8,9.0,1.81,05:00,19:00,14,-9.5,57.0,1.21
2023-05-11,10:34,RDU001,Raleigh-Durham - Intl,35.8801,-78.788,132,1.6,34.9,-3.5,-7.2,56,991.2,1006.9,rising,22.3,172,S,39.4,12.0,78,150,none,0.0,0.0,51,4.1,476.9,Dust,108,284,69.1,111.7,65.7,48.9,0.35,05:00,19:00,14,-2.2,10.5,2.42
2023-05-11,12:47,MCI001,Kansas City - Intl,39.2976,-94.7139,313,4.0,39.2,-1.0,-11.8,21,974.2,1011.2,rising,27.7,8,N,33.8,9.6,51,3000,none,0.0,0.0,4,7.1,726.3,Partly Cloudy,102,193,54.7,91.4,50.1,60.8,1.4,05:00,19:00,14,2.9,16.9,5.18
2023-05-11,17:30,ANC001,Anchorage - Intl,61.1743,-149.9963,46,-14.8,5.4,-23.6,-17.6,86,1017.8,1023.4,falling rapidly,18.5,259,W,34.9,6.5,74,150,snow,0.0,5.1,34,3.5,392.8,Light Snow,120,213,52.8,85.6,48.4,40.4,1.62,05:00,19:00,14,-19.1,50.8,1.5
2023-05-12,06:57,HNL001,Honolulu - Intl,21.325,-157.925,4,10.7,51.3,10.7,4.9,71,1009.2,1009.7,rising rapidly,8.5,1,N,12.2,16.0,60,150,thunderstorm,53.8,0.0,26,0,0.0,Derecho,153,50,13.0,22.2,77.1,56.3,2.68,05:00,19:00,14,5.7,29.9,4.42
2023-05-12,08:56,NYC001,New York - Central Park,40.7829,-73.9654,39,-7.2,19.0,-12.6,-8.0,96,1004.4,1009.1,rising,12.1,298,WNW,15.5,36.8,50,,snow,0.0,20.7,71,3.2,325.4,Heavy Snow,122,154,40.6,67.3,65.6,36.3,2.44,05:00,19:00,14,-8.7,14.5,4.81
2023-05-12,12:29,IAH001,Houston - Hobby,29.6454,-95.2789,15,8.0,46.4,5.7,-0.8,56,1003.3,1005.1,rising rapidly,13.3,180,S,31.1,6.6,60,1500,none,0.0,0.0,67,6.4,682.4,Fog,105,239,64.1,104.6,90.0,62.2,2.37,05:00,19:00,14,3.4,59.8,4.62
2023-05-12,14:55,SEA001,Seattle - Sea-Tac,47.4502,-122.3088,137,-9.1,15.6,-14.1,-23.5,28,1004.2,1020.7,steady,9.8,85,E,20.7,28.2,53,,snow,0.0,19.1,39,6.9,716.6,Light Snow,120,178,45.8,77.2,63.6,26.4,1.67,05:00,19:00,14,-10.1,58.4,3.47
2023-05-12,15:01,DTW001,Detroit - Metro Wayne,42.2162,-83.3554,195,-0.8,30.6,-2.7,-16.0,24,1005.2,1028.8,steady,5.4,336,NNW,17.6,31.2,69,,hail,42.5,0.0,98,5.4,590.1,Hail,140,273,69.9,116.5,66.7,7.3,2.96,05:00,19:00,14,-2.7,28.6,6.72
2023-05-13,00:33,SLC001,Salt Lake City - Intl,40.7884,-111.9778,1288,-15.7,3.7,-22.5,-29.1,33,860.7,1005.3,falling,11.1,129,SE,31.5,17.3,22,,snow,0.0,2.3,100,0,0,Snow Showers,124,63,14.9,20.8,87.9,10.6,1.66,05:00,19:00,14,-20.5,57.5,2.34
2023-05-13,09:21,BWI001,Baltimore - Washington,39.1754,-76.6684,46,0.3,32.5,-4.0,-12.7,35,1003.4,1008.9,steady,15.0,89,E,29.1,39.5,67,1500,thunderstorm,29.4,0.0,10,3.8,414.6,Severe Thunderstorm,151,126,33.6,52.7,11.5,46.4,1.21,05:00,19:00,14,-0.8,25.1,4.17
2023-05-13,15:13,MIA001,Miami - International,25.7959,-80.287,3,9.2,48.6,5.7,8.8,98,1013.2,1013.6,rising rapidly,27.3,137,SE,37.5,36.4,50,6000,none,0.0,0.0,41,6.6,675.7,Mostly Clear,101,5,3.1,9.2,88.2,73.6,0.27,05:00,19:00,14,5.5,40.6,3.72
2023-05-13,16:21,LAX001,Los Angeles - Downtown,34.0522,-118.2437,71,-3.3,26.1,-9.9,-17.7,28,1004.8,1013.3,steady,23.5,71,ENE,35.1,2.8,23,,none,0.0,0.0,97,7.3,691.9,Overcast,104,228,63.5,103.3,19.4,14.0,2.02,05:00,19:00,14,-4.9,52.0,5.13
2023-05-13,16:55,DEN001,Denver - Stapleton,39.7392,-104.9903,1609,-12.4,9.7,-18.7,-18.0,72,824.6,1001.8,falling rapidly,11.7,196,SSW,31.2,27.3,61,9000,snow,0.0,27.1,34,5.1,543.4,Snow Showers,124,278,69.4,111.8,17.2,22.8,1.11,05:00,19:00,14,-15.2,35.0,2.87
2023-05-13,22:58,MSP001,Minneapolis - St Paul,44.8848,-93.2223,255,-16.9,1.6,-27.4,-25.7,56,985.0,1015.4,rising rapidly,23.9,349,N,38.3,28.2,61,,sleet,40.6,0.0,86,0,0,Sleet,130,64,13.7,26.6,43.4,26.0,1.75,05:00,19:00,14,-20.7,20.1,1.44
2023-05-14,03:55,MSY001,New Orleans - Moisant,29.9934,-90.258,3,-4.2,24.4,-9.4,-15.0,46,1015.6,1016.0,steady,14.3,308,NW,23.4,11.1,3,,rain,39.6,0.0,15,0,0,Freezing Drizzle,115,177,40.8,67.4,31.8,51.0,0.83,05:00,19:00,14,-5.5,20.4,2.9
2023-05-14,16:36,PDX001,Portland - Intl,45.5898,-122.5951,9,-1.7,28.9,-7.4,-7.1,73,1015.3,1016.4,rising,19.9,280,W,31.8,5.2,54,9000,none,0.0,0.0,38,5.5,570.7,Mist,109,228,58.5,90.7,57.6,65.9,2.43,05:00,19:00,14,-4.9,32.0,0
2023-05-15,01:58,PHL001,Philadelphia - Intl,39.8729,-75.2437,9,-5.6,21.9,-9.4,-5.8,99,1008.0,1009.1,rising rapidly,8.1,281,W,16.0,31.7,94,600,snow,0.0,5.4,62,0,0,Snow Showers,124,64,16.0,23.1,60.9,32.2,2.62,05:00,19:00,14,-10.1,15.9,2.3
2023-05-15,03:43,DFW001,Dallas - Fort Worth,32.8998,-97.0403,182,-2.7,27.1,-7.4,-3.3,97,987.5,1009.1,steady,13.2,345,NNW,28.1,32.6,38,300,snow,0.0,34.6,52,0,0,Moderate Snow,121,183,44.1,64.3,43.6,79.1,1.16,05:00,19:00,14,-5.8,35.2,3.06
2023-05-15,06:31,TPA001,Tampa - Intl,27.9755,-82.5332,9,2.6,36.7,-0.7,-4.8,63,1015.5,1016.6,falling rapidly,12.0,359,N,25.9,38.1,46,1500,none,0.0,0.0,76,0,0.0,Dust,108,144,36.1,56.8,87.3,22.4,0.33,05:00,19:00,14,-2.2,26.5,0
2023-05-15,10:50,CLE001,Cleveland - Hopkins,41.4117,-81.8498,245,0.8,33.4,-2.6,0.0,96,986.6,1015.8,falling,10.9,266,W,14.6,31.2,34,6000,none,0.0,0.0,8,6.7,648.9,Overcast,104,269,63.3,102.7,68.9,44.5,2.64,05:00,19:00,14,-2.8,13.4,0.48
2023-05-15,21:17,LAS001,Las Vegas - McCarran,36.084,-115.1537,664,-11.1,12.0,-18.0,-21.1,50,952.6,1031.4,falling,14.6,163,SSE,26.2,28.1,58,6000,snow,0.0,5.2,68,0,0,Blowing Snow,123,293,73.0,123.6,49.9,25.6,2.9,05:00,19:00,14,-15.1,60.0,4.63
2023-05-24,02:22,PDX001,Portland - Intl,45.5898,-122.5951,9,-11.7,10.9,-20.6,-28.1,18,1014.3,1015.4,rising rapidly,23.1,323,NW,36.3,12.2,6,,snow,0.0,13.7,91,0,0,Moderate Snow,121,218,53.7,82.1,11.0,27.9,0.28,05:00,19:00,14,-14.6,35.7,2.28
2023-05-24,22:22,ANC001,Anchorage - Intl,61.1743,-149.9963,46,-22.7,-8.9,-31.5,-31.7,55,1006.0,1011.5,rising rapidly,12.4,264,W,22.2,30.5,25,,none,0.0,0.0,12,0,0,Mostly Clear,101,227,58.5,93.6,88.5,68.0,2.08,05:00,19:00,14,-25.9,5.4,3.1
2023-05-25,08:10,DFW001,Dallas - Fort Worth,32.8998,-97.0403,182,-7.0,19.4,-12.4,-21.0,30,992.2,1013.9,falling,12.5,159,SSE,27.9,24.4,53,6000,snow,0.0,7.1,71,3.1,318.9,Blizzard,125,28,5.1,9.6,81.9,32.2,2.88,05:00,19:00,14,-10.3,56.1,6.97
2023-05-25,11:14,SLC001,Salt Lake City - Intl,40.7884,-111.9778,1288,-11.9,10.6,-22.2,-22.1,49,859.3,1003.6,rising,31.1,200,SSW,48.1,36.3,65,600,snow,0.0,5.4,28,5.6,608.2,Heavy Snow,122,299,73.4,114.5,28.5,6.8,2.82,05:00,19:00,14,-13.0,7.8,5.3
2023-05-25,15:07,LAX001,Los Angeles - Downtown,34.0522,-118.2437,71,5.7,42.3,1.2,-3.5,54,1011.9,1020.5,rising,26.8,0,N,28.1,15.2,39,1500,none,0.0,0.0,15,7.3,725.3,Clear,100,280,69.6,108.5,20.0,38.9,2.53,05:00,19:00,14,2.0,48.3,1.41
2023-05-25,16:36,SEA001,Seattle - Sea-Tac,47.4502,-122.3088,137,-12.7,9.1,-19.5,-26.5,31,989.7,1006.0,steady,12.9,238,WSW,17.5,7.0,89,900,snow,0.0,7.0,83,3.5,433.9,Light Snow,120,209,51.2,80.1,10.4,20.4,2.2,05:00,19:00,14,-13.9,15.0,2.22
2023-05-25,16:40,LAS001,Las Vegas - McCarran,36.084,-115.1537,664,-10.9,12.4,-18.3,-25.1,29,944.2,1022.3,steady,16.6,214,SW,37.1,34.0,57,300,none,0.0,0.0,75,5.3,559.0,Smoke,107,14,0.1,5.7,47.4,44.5,2.18,05:00,19:00,14,-14.5,28.0,2.89
2023-05-25,22:26,ABQ001,Albuquerque - Intl Sunport,35.0402,-106.609,1619,-9.9,14.2,-17.3,-12.7,86,843.5,1026.1,falling rapidly,18.0,70,ENE,32.5,4.0,49,9000,none,0.0,0.0,63,0,0,Mist,109,68,18.3,35.7,89.7,75.1,0.57,05:00,19:00,14,-14.6,11.2,0
2023-05-26,02:58,HNL001,Honolulu - Intl,21.325,-157.925,4,-0.1,31.8,-4.8,-6.5,68,1012.6,1013.1,rising,16.2,167,SSE,19.8,37.0,31,6000,none,0.0,0.0,55,0,0,Fog,105,272,66.4,108.0,19.8,23.8,0.53,05:00,19:00,14,-2.9,37.0,0
2023-05-26,08:23,TPA001,Tampa - Intl,27.9755,-82.5332,9,7.2,45.0,5.8,-4.8,40,1006.0,1007.1,rising rapidly,7.8,143,SE,8.8,36.3,95,600,none,0.0,0.0,47,1.7,227.8,Mist,109,277,66.5,111.9,48.4,77.0,0.66,05:00,19:00,14,5.0,20.0,4.18
2023-05-26,13:41,IND001,Indianapolis - Intl,39.7173,-86.2944,248,-9.6,14.7,-14.0,-23.8,29,968.6,997.6,falling,8.0,341,NNW,21.5,34.0,18,,none,0.0,0.0,28,9.7,910.0,Partly Cloudy,102,82,20.7,32.2,10.2,9.0,1.76,05:00,19:00,14,-12.5,14.7,3.54
2023-05-26,15:31,RDU001,Raleigh-Durham - Intl,35.8801,-78.788,132,-1.1,30.0,-6.3,-9.7,57,1010.8,1026.8,steady,18.2,277,W,25.6,8.3,37,,snow,0.0,24.2,18,7.5,734.3,Heavy Snow,122,176,40.8,62.4,38.7,22.3,0.62,05:00,19:00,14,-2.9,55.2,4.09
2023-05-26,18:50,BWI001,Baltimore - Washington,39.1754,-76.6684,46,-5.4,22.3,-10.4,-8.0,87,1007.1,1012.6,steady,12.1,354,N,35.1,27.3,96,900,snow,0.0,37.9,87,1.7,225.6,Heavy Snow,122,168,39.0,60.0,75.5,48.9,2.56,05:00,19:00,14,-9.6,26.1,1.16
2023-05-26,20:03,ORD001,Chicago - O'Hare Area,41.9742,-87.9073,201,-12.3,9.9,-21.2,-14.3,90,983.9,1007.7,steady,22.4,57,ENE,29.2,16.3,44,6000,snow,0.0,28.3,57,0,0.0,Blowing Snow,123,90,26.1,39.8,38.9,47.0,0.53,05:00,19:00,14,-14.3,10.8,0.7
2023-05-27,09:52,MIA001,Miami - International,25.7959,-80.287,3,4.3,39.7,4.3,0.9,83,1030.6,1031.0,steady,3.1,351,N,3.1,27.0,78,1500,none,0.0,0.0,96,3.3,380.3,Partly Cloudy,102,198,53.7,83.8,88.2,11.7,1.49,05:00,19:00,14,0.9,40.4,2.83
2023-05-27,13:35,SFO001,San Francisco - Intl,37.6213,-122.379,4,3.7,38.7,0.1,-5.1,56,1015.9,1016.4,falling,15.5,59,ENE,26.2,19.6,2,,none,0.0,0.0,3,10.9,990.0,Partly Cloudy,102,272,66.4,105.9,78.8,70.3,1.9,05:00,19:00,14,2.1,9.8,2.35
2023-05-27,18:35,MSP001,Minneapolis - St Paul,44.8848,-93.2223,255,-13.0,8.6,-13.0,-23.2,49,983.4,1013.7,rising,4.7,89,E,4.7,24.0,54,300,none,0.0,0.0,54,3.1,316.7,Mostly Cloudy,103,227,60.0,97.9,73.6,24.1,0.68,05:00,19:00,14,-17.3,36.5,0.96
2023-05-27,21:50,MKE001,Milwaukee - Mitchell,42.9472,-87.8966,211,-6.4,20.5,-9.6,-20.4,30,988.9,1014.1,falling,6.4,134,SE,8.6,11.7,45,3000,snow,0.0,39.4,8,0,0,Moderate Snow,121,34,6.6,16.0,55.5,56.9,1.28,05:00,19:00,14,-10.6,41.7,6.42
2023-05-27,23:10,IAH001,Houston - Hobby,29.6454,-95.2789,15,-4.3,24.3,-8.8,-18.9,27,1020.5,1022.3,rising rapidly,11.2,157,SSE,34.8,30.5,67,150,sleet,30.9,0.0,55,0,0,Sleet,130,187,42.8,71.0,36.0,28.5,1.59,05:00,19:00,14,-6.3,7.6,4.01
2023-05-28,00:50,NYC001,New York - Central Park,40.7829,-73.9654,39,-10.5,13.1,-17.3,-18.5,60,1003.7,1008.4,falling rapidly,14.8,41,NE,17.9,5.7,69,150,snow,0.0,20.8,48,0,0,Heavy Snow,122,90,21.0,29.4,28.5,50.6,2.91,05:00,19:00,14,-12.1,47.5,5.77
2023-05-28,09:08,MCI001,Kansas City - Intl,39.2976,-94.7139,313,-1.4,29.5,-5.8,-10.8,53,988.0,1025.6,rising rapidly,13.4,99,E,26.1,27.8,84,900,none,0.0,0.0,64,3.0,361.6,Dust,108,252,56.6,90.8,51.3,56.0,0.38,05:00,19:00,14,-3.2,36.0,1.87
2023-05-28,11:09,ATL001,Atlanta - Hartsfield,33.6407,-84.4277,313,7.1,44.8,7.1,-2.9,50,973.1,1010.1,falling rapidly,2.6,166,SSE,2.6,15.1,56,3000,none,0.0,0.0,94,6.2,648.7,Mostly Clear,101,18,4.1,7.8,58.4,21.2,2.13,05:00,19:00,14,2.5,40.7,2.74
2023-05-28,12:06,STL001,St Louis - Lambert,38.7487,-90.37,172,1.8,35.2,-2.6,-2.2,80,1002.8,1023.5,falling rapidly,17.7,65,ENE,37.9,3.3,78,900,none,0.0,0.0,73,5.1,594.7,Smoke,107,254,57.6,88.5,87.9,39.1,2.99,05:00,19:00,14,-2.7,50.6,2.79
2023-05-28,12:22,PHL001,Philadelphia - Intl,39.8729,-75.2437,9,-2.7,27.1,-10.4,-17.1,28,1003.8,1004.9,rising rapidly,33.5,347,NNW,45.6,15.3,69,,hail,38.4,0.0,74,5.8,638.6,Hail,140,66,14.3,24.4,32.2,77.8,2.32,05:00,19:00,14,-4.8,43.4,2.08
2023-05-29,09:02,CLE001,Cleveland - Hopkins,41.4117,-81.8498,245,-4.1,24.6,-10.2,-10.5,68,983.4,1012.5,falling rapidly,18.6,74,ENE,35.2,25.8,15,,none,0.0,0.0,50,6.2,576.7,Smoke,107,39,11.9,17.4,45.7,15.4,1.42,05:00,19:00,14,-5.7,25.3,3.6
2023-05-29,18:24,DTW001,Detroit - Metro Wayne,42.2162,-83.3554,195,-2.8,27.0,-8.6,-11.0,59,1004.5,1028.1,rising rapidly,18.9,91,E,38.2,4.0,89,3000,snow,0.0,35.6,62,1.9,240.8,Heavy Snow,122,107,36.5,54.3,63.7,32.3,0.96,05:00,19:00,14,-4.9,29.3,1.21
2023-05-30,01:01,MSY001,New Orleans - Moisant,29.9934,-90.258,3,-8.1,17.4,-15.6,-8.9,96,1001.0,1001.4,falling,20.5,50,NE,33.8,38.4,9,,snow,0.0,38.3,46,0,0,Snow Showers,124,184,43.5,65.7,18.8,78.1,2.98,05:00,19:00,14,-10.6,48.2,2.63
2023-05-30,04:15,BOS001,Boston - Logan,42.3656,-71.0096,9,-13.1,8.4,-22.0,-14.5,93,1023.3,1024.4,steady,20.9,73,ENE,21.0,20.1,94,9000,none,0.0,0.0,22,0,0,Mist,109,187,49.0,70.4,20.4,6.1,0.24,05:00,19:00,14,-15.2,19.8,4.87
2023-05-30,15:13,PHX001,Phoenix - Sky Harbor,33.4373,-112.0078,337,1.8,35.2,-0.2,-6.4,59,961.0,1000.4,rising rapidly,6.8,81,E,29.6,13.3,36,150,rain,3.2,0.0,64,7.5,738.8,Heavy Rain,112,288,70.7,121.7,45.5,61.7,0.62,05:00,19:00,14,-0.7,12.3,3.1
2023-05-30,16:38,DEN001,Denver - Stapleton,39.7392,-104.9903,1609,-14.9,5.2,-23.0,-26.7,41,836.7,1016.5,rising rapidly,15.6,46,NE,22.3,3.8,25,,hail,14.4,0.0,26,7.2,684.1,Heavy Hail,141,262,62.6,91.8,63.8,46.2,1.02,05:00,19:00,14,-16.4,27.9,0.32
2023-06-07,20:39,DEN001,Denver - Stapleton,39.7392,-104.9903,1609,-22.9,-9.2,-35.8,-34.7,41,829.1,1007.3,rising,27.0,66,ENE,38.9,36.5,13,,sleet,1.7,0.0,100,0,0.0,Sleet,130,169,45.6,71.5,67.5,45.5,0.86,04:00,20:00,16,-24.0,43.6,5.72
2023-06-08,11:44,RDU001,Raleigh-Durham - Intl,35.8801,-78.788,132,-0.5,31.1,-6.6,-15.9,23,998.5,1014.3,falling rapidly,25.4,221,SW,43.3,7.4,42,300,snow,0.0,9.8,12,7.1,711.8,Moderate Snow,121,154,34.8,56.6,36.4,23.0,1.91,04:00,20:00,16,-2.3,50.5,3.54
2023-06-08,16:28,ABQ001,Albuquerque - Intl Sunport,35.0402,-106.609,1619,-3.6,25.5,-7.9,-4.2,97,835.2,1016.0,falling,10.9,55,NE,21.8,31.5,61,6000,none,0.0,0.0,91,5.1,543.4,Clear,100,7,0.1,3.2,82.6,66.1,0.74,04:00,20:00,16,-8.6,25.0,0
2023-06-08,19:22,TPA001,Tampa - Intl,27.9755,-82.5332,9,0.5,32.9,-4.1,-8.9,53,1011.9,1013.0,falling,16.6,304,NW,34.1,22.6,34,1500,sleet,11.5,0.0,93,1.9,184.7,Freezing Rain,131,168,41.4,64.7,70.5,23.1,0.97,04:00,20:00,16,-3.5,25.4,0.89
2023-06-09,04:26,SLC001,Salt Lake City - Intl,40.7884,-111.9778,1288,-15.0,5.0,-23.1,-20.2,74,872.4,1018.9,falling rapidly,15.5,115,ESE,21.4,4.4,21,,none,0.0,0.0,40,0,0,Fog,105,46,14.2,21.6,29.5,12.9,2.07,04:00,20:00,16,-19.7,54.7,3.53
2023-06-09,06:06,STL001,St Louis - Lambert,38.7487,-90.37,172,-12.8,9.0,-23.0,-16.6,81,993.8,1014.4,rising rapidly,29.1,175,S,33.9,34.9,3,,snow,0.0,15.5,87,0,0.0,Blizzard,125,177,44.5,67.5,82.4,14.3,1.95,04:00,20:00,16,-14.0,38.8,2.34
2023-06-09,14:11,CLE001,Cleveland - Hopkins,41.4117,-81.8498,245,-3.5,25.7,-9.2,-14.1,47,1002.8,1032.5,steady,17.6,31,NNE,28.4,35.5,70,1500,snow,0.0,7.9,5,5.7,633.7,Blowing Snow,123,193,48.0,80.5,84.9,63.0,1.88,04:00,20:00,16,-5.1,56.9,1.12
2023-06-09,15:27,MKE001,Milwaukee - Mitchell,42.9472,-87.8966,211,-9.9,14.2,-17.5,-18.1,59,983.8,1008.8,rising rapidly,18.7,78,ENE,20.3,8.7,19,,none,0.0,0.0,10,8.7,815.4,Clear,100,85,21.6,39.6,34.0,14.5,0.43,04:00,20:00,16,-14.3,54.7,4.98
2023-06-09,20:35,LAS001,Las Vegas - McCarran,36.084,-115.1537,664,-10.0,14.0,-14.9,-11.6,92,933.1,1010.3,rising,8.9,265,W,21.5,1.0,20,,none,0.0,0.0,24,0,0.0,Mist,109,290,67.9,107.8,70.2,12.4,1.78,04:00,20:00,16,-13.8,42.7,3.93
2023-06-09,21:04,MSY001,New Orleans - Moisant,29.9934,-90.258,3,-6.1,21.0,-10.9,-14.9,56,1012.2,1012.6,falling rapidly,10.9,7,N,31.4,10.9,44,300,thunderstorm,30.2,0.0,67,0,0,Thunderstorm,150,47,12.1,20.5,40.0,67.6,0.29,04:00,20:00,16,-9.2,15.8,6.53
2023-06-09,21:13,PHX001,Phoenix - Sky Harbor,33.4373,-112.0078,337,-12.3,9.9,-18.0,-19.7,63,975.5,1015.5,falling rapidly,10.0,136,SE,24.1,17.1,82,9000,rain,37.6,0.0,83,0,0,Moderate Rain,111,248,64.3,99.8,27.5,21.9,2.15,04:00,20:00,16,-13.5,18.7,2.78
2023-06-10,11:24,SEA001,Seattle - Sea-Tac,47.4502,-122.3088,137,-12.3,9.9,-21.0,-18.5,69,998.7,1015.1,steady,21.3,327,NNW,44.9,36.0,3,,rain,56.5,0.0,40,9.7,887.5,Heavy Rain,112,82,19.0,33.8,39.4,26.3,2.62,04:00,20:00,16,-13.8,58.9,2.72
2023-06-11,06:12,BWI001,Baltimore - Washington,39.1754,-76.6684,46,-8.2,17.2,-12.4,-9.8,92,1008.3,1013.8,steady,8.0,170,S,12.9,32.5,54,3000,snow,0.0,30.8,8,0,0.0,Heavy Snow,122,13,0.4,0.1,75.4,59.4,2.23,04:00,20:00,16,-11.5,41.6,2.28
2023-06-11,14:25,ATL001,Atlanta - Hartsfield,33.6407,-84.4277,313,3.1,37.6,-0.0,-9.3,38,973.3,1010.3,falling rapidly,11.8,266,W,28.9,10.1,63,,thunderstorm,14.4,0.0,44,6.2,667.8,Thunderstorm,150,233,59.1,91.9,12.5,19.0,1.85,04:00,20:00,16,0.9,42.2,4.92
2023-06-11,19:58,IAH001,Houston - Hobby,29.6454,-95.2789,15,-0.6,30.9,-4.4,-12.8,39,997.7,999.5,rising,11.4,357,N,29.6,6.3,76,600,none,0.0,0.0,98,1.2,138.0,Mostly Clear,101,178,40.2,67.8,11.2,57.2,1.12,04:00,20:00,16,-4.9,24.0,3.52
2023-06-12,01:30,ANC001,Anchorage - Intl,61.1743,-149.9963,46,-30.9,-23.6,-30.9,-44.5,32,1008.9,1014.4,falling rapidly,3.7,246,WSW,3.7,1.6,72,6000,snow,0.0,1.1,91,0,0,Light Snow,120,95,20.4,43.6,66.0,19.8,2.44,04:00,20:00,16,-33.8,12.2,3.51
2023-06-12,06:13,MSP001,Minneapolis - St Paul,44.8848,-93.2223,255,-12.5,9.5,-19.1,-19.7,64,980.4,1010.6,rising,12.4,286,WNW,20.4,1.8,52,9000,none,0.0,0.0,69,0,0.0,Dust,108,141,31.8,55.3,70.5,70.2,2.08,04:00,20:00,16,-15.2,30.0,0.59
2023-06-12,08:34,PDX001,Portland - Intl,45.5898,-122.5951,9,-15.3,4.5,-24.5,-29.1,31,1009.5,1010.6,steady,19.8,251,WSW,28.0,12.3,33,9000,none,0.0,0.0,69,3.7,362.3,Mostly Cloudy,103,138,34.1,59.5,33.5,54.3,2.28,04:00,20:00,16,-18.7,40.9,2.93
2023-06-12,16:46,MCI001,Kansas City - Intl,39.2976,-94.7139,313,-9.4,15.1,-15.2,-16.0,67,992.6,1030.3,rising,12.1,3,N,22.7,1.3,73,6000,snow,0.0,31.3,49,4.4,496.5,Snow Showers,124,15,0.1,0.1,60.5,49.7,1.83,04:00,20:00,16,-14.2,40.5,1.23
2023-06-12,17:41,ORD001,Chicago - O'Hare Area,41.9742,-87.9073,201,-11.9,10.6,-20.4,-16.5,77,991.3,1015.3,falling,20.6,211,SSW,42.2,24.4,18,,none,0.0,0.0,85,6.0,567.4,Mostly Cloudy,103,271,72.3,119.3,60.7,56.8,1.73,04:00,20:00,16,-13.4,35.9,3.91
2023-06-12,21:41,LAX001,Los Angeles - Downtown,34.0522,-118.2437,71,-6.5,20.3,-10.7,-13.3,66,1006.2,1014.7,falling rapidly,8.9,33,NNE,14.6,14.4,65,900,sleet,42.7,0.0,7,0,0,Freezing Rain,131,176,48.1,79.1,60.9,56.8,0.12,04:00,20:00,16,-9.4,42.3,2.79
2023-06-12,22:44,DTW001,Detroit - Metro Wayne,42.2162,-83.3554,195,-16.9,1.6,-22.6,-20.7,81,989.2,1012.4,rising rapidly,8.1,324,NW,28.8,21.8,97,,none,0.0,0.0,19,0,0,Smoke,107,103,20.5,33.6,71.6,30.8,0.87,04:00,20:00,16,-21.6,52.8,1.78
2023-06-13,00:12,NYC001,New York - Central Park,40.7829,-73.9654,39,-17.3,0.9,-28.9,-30.7,33,1020.8,1025.5,rising rapidly,29.3,329,NNW,29.6,15.2,87,150,none,0.0,0.0,77,0,0,Mist,109,46,10.5,18.5,81.2,17.5,1.39,04:00,20:00,16,-19.3,37.4,2.17
2023-06-13,02:36,IND001,Indianapolis - Intl,39.7173,-86.2944,248,-20.6,-5.1,-28.5,-25.0,78,980.0,1009.4,steady,11.4,259,W,18.5,37.0,4,,sleet,22.5,0.0,89,0,0,Sleet,130,94,23.1,35.6,42.1,72.1,2.17,04:00,20:00,16,-23.2,51.4,0
2023-06-13,03:29,BOS001,Boston - Logan,42.3656,-71.0096,9,-13.9,7.0,-24.5,-29.3,23,989.8,990.9,falling rapidly,29.4,59,ENE,48.9,1.4,31,300,snow,0.0,19.6,91,0,0,Heavy Snow,122,208,50.4,76.9,31.0,13.2,0.48,04:00,20:00,16,-17.4,24.5,2.82
2023-06-13,05:12,HNL001,Honolulu - Intl,21.325,-157.925,4,1.7,35.1,-0.8,-9.3,45,1013.0,1013.5,falling rapidly,8.2,304,NW,12.5,31.9,54,1500,thunderstorm,18.2,0.0,91,0,0,Thunderstorm,150,59,16.4,27.4,59.3,26.2,0.68,04:00,20:00,16,-3.1,22.8,4.58
2023-06-13,12:25,MIA001,Miami - International,25.7959,-80.287,3,5.4,41.7,3.1,1.0,78,1014.6,1015.0,rising rapidly,10.2,121,ESE,16.3,9.0,37,600,none,0.0,0.0,91,8.1,794.6,Haze,106,6,0.1,0.1,34.6,71.9,2.28,04:00,20:00,16,1.7,51.0,7.12
2023-06-13,13:43,SFO001,San Francisco - Intl,37.6213,-122.379,4,-1.1,30.0,-5.4,-10.3,54,1014.2,1014.7,falling rapidly,13.1,333,NNW,27.8,36.5,95,9000,none,0.0,0.0,97,4.0,525.0,Overcast,104,12,1.6,3.9,23.3,48.7,0.27,04:00,20:00,16,-4.4,23.7,5.48
2023-06-13,22:06,DFW001,Dallas - Fort Worth,32.8998,-97.0403,182,-15.4,4.3,-23.7,-19.0,82,985.7,1007.3,steady,16.0,278,W,17.7,28.1,75,600,snow,0.0,10.5,97,0,0,Blowing Snow,123,264,64.9,104.6,52.5,49.2,2.5,04:00,20:00,16,-18.4,52.6,0.65
2023-06-14,05:08,PHL001,Philadelphia - Intl,39.8729,-75.2437,9,-6.6,20.1,-10.4,-13.0,68,1010.7,1011.8,steady,7.7,122,ESE,18.7,11.6,78,300,snow,0.0,16.2,76,0,0,Snow Showers,124,279,75.6,131.4,49.6,59.4,1.44,04:00,20:00,16,-10.0,53.7,5.98
2023-06-22,14:29,TPA001,Tampa - Intl,27.9755,-82.5332,9,0.1,32.2,-5.4,-5.1,74,1009.5,1010.6,steady,22.3,51,NE,39.4,2.0,52,9000,none,0.0,0.0,79,7.0,721.4,Dust,108,259,70.1,114.5,32.1,23.5,1.02,04:00,20:00,16,-1.7,5.4,1.3
2023-06-22,21:56,RDU001,Raleigh-Durham - Intl,35.8801,-78.788,132,-10.1,13.8,-19.8,-12.9,86,992.1,1007.8,falling rapidly,31.3,181,S,51.2,19.3,3,,rain,58.9,0.0,21,0,0,Light Rain,110,60,22.8,32.6,29.1,11.6,1.92,04:00,20:00,16,-11.5,17.5,0.8
2023-06-23,11:01,SEA001,Seattle - Sea-Tac,47.4502,-122.3088,137,-11.2,11.8,-20.9,-17.6,68,1012.8,1029.4,falling rapidly,28.5,156,SSE,40.9,10.4,39,600,none,0.0,0.0,97,7.3,725.3,Partly Cloudy,102,178,43.5,72.1,85.1,19.4,2.22,04:00,20:00,16,-13.0,33.7,2.96
2023-06-23,12:35,PDX001,Portland - Intl,45.5898,-122.5951,9,-7.6,18.3,-11.6,-22.6,25,1020.5,1021.6,rising rapidly,7.8,178,S,17.2,12.2,51,,snow,0.0,38.2,87,7.1,726.3,Snow Showers,124,137,31.9,52.0,42.7,79.7,2.1,04:00,20:00,16,-9.3,29.1,0
2023-06-23,14:30,MCI001,Kansas City - Intl,39.2976,-94.7139,313,-6.1,21.0,-13.1,-19.9,31,976.6,1013.7,rising,20.7,186,S,21.9,37.9,59,9000,none,0.0,0.0,92,6.5,687.3,Mostly Cloudy,103,128,29.5,52.7,74.7,76.1,0.55,04:00,20:00,16,-9.0,10.8,3.65
2023-06-24,05:02,IAH001,Houston - Hobby,29.6454,-95.2789,15,-6.3,20.7,-6.3,-7.1,96,1025.6,1027.4,steady,3.2,338,NNW,3.2,1.3,36,150,sleet,28.1,0.0,60,0,0,Ice Storm,133,168,37.4,58.5,84.3,25.1,2.95,04:00,20:00,16,-9.8,59.7,4.12
2023-06-24,06:33,IND001,Indianapolis - Intl,39.7173,-86.2944,248,-7.1,19.2,-14.3,-19.1,40,977.8,1007.1,rising,20.8,113,ESE,25.1,15.7,26,,snow,0.0,17.7,73,0,0.0,Blowing Snow,123,114,29.0,45.7,56.6,11.6,2.69,04:00,20:00,16,-8.6,49.5,3.49
2023-06-24,09:05,PHL001,Philadelphia - Intl,39.8729,-75.2437,9,-2.4,27.7,-6.7,-10.2,61,1020.0,1021.1,falling,11.9,42,NE,16.3,28.2,82,900,thunderstorm,42.7,0.0,92,3.1,367.9,Severe Thunderstorm,151,205,52.5,80.6,15.1,49.7,0.36,04:00,20:00,16,-3.8,15.5,4.0
2023-06-24,10:36,ORD001,Chicago - O'Hare Area,41.9742,-87.9073,201,-7.4,18.7,-17.7,-15.2,61,991.6,1015.6,falling,43.7,160,SSE,50.8,7.2,58,9000,snow,0.0,15.5,42,5.3,555.1,Snow Showers,124,113,26.3,29.8,17.4,78.2,0.65,04:00,20:00,16,-11.4,7.9,7.53
2023-06-24,14:37,MIA001,Miami - International,25.7959,-80.287,3,9.6,49.3,9.6,3.6,70,1010.9,1011.3,falling rapidly,1.0,93,E,1.0,35.7,4,,none,0.0,0.0,1,10.4,955.4,Haze,106,118,27.9,46.3,23.5,51.2,1.7,04:00,20:00,16,4.9,55.9,4.54
2023-06-24,19:05,MSY001,New Orleans - Moisant,29.9934,-90.258,3,-1.4,29.5,-1.4,-6.8,73,1013.6,1014.0,rising,1.3,75,ENE,1.3,3.2,61,,snow,0.0,18.1,69,1.5,154.7,Snow Showers,124,12,0.1,0.1,60.1,52.0,2.05,04:00,20:00,16,-2.5,52.4,5.19
2023-06-24,23:08,NYC001,New York - Central Park,40.7829,-73.9654,39,-14.8,5.4,-21.9,-24.6,51,1009.4,1014.1,falling rapidly,12.4,151,SSE,32.4,1.8,20,,none,0.0,0.0,4,0,0,Haze,106,197,52.6,86.3,53.8,57.0,0.15,04:00,20:00,16,-19.3,20.9,0.47
2023-06-25,01:31,LAX001,Los Angeles - Downtown,34.0522,-118.2437,71,-14.8,5.4,-24.0,-30.0,24,1013.7,1022.3,rising rapidly,20.5,200,SSW,41.8,1.3,38,600,sleet,50.6,0.0,79,0,0,Sleet,130,165,45.9,69.9,84.1,16.5,0.98,04:00,20:00,16,-16.5,25.6,0.98
2023-06-25,08:20,PHX001,Phoenix - Sky Harbor,33.4373,-112.0078,337,-0.3,31.5,-5.4,-15.9,22,972.9,1012.8,rising rapidly,18.6,32,NNE,19.6,34.5,0,,none,0.0,0.0,34,4.8,433.9,Clear,100,281,67.5,112.6,17.0,14.6,1.95,04:00,20:00,16,-2.0,42.0,4.18
2023-06-25,13:21,LAS001,Las Vegas - McCarran,36.084,-115.1537,664,-6.9,19.6,-12.8,-11.7,76,946.0,1024.3,rising,14.5,167,SSE,37.9,32.6,33,1500,none,0.0,0.0,95,8.6,835.0,Smoke,107,231,56.7,85.8,72.3,12.0,2.76,04:00,20:00,16,-11.1,25.6,2.84
2023-06-25,23:11,ATL001,Atlanta - Hartsfield,33.6407,-84.4277,313,-5.3,22.5,-8.5,-20.1,26,981.3,1018.6,falling rapidly,6.9,75,ENE,21.0,3.6,20,,rain,20.2,0.0,40,0,0,Light Rain,110,41,11.4,31.3,63.7,54.2,0.41,04:00,20:00,16,-8.9,22.3,3.91
2023-06-26,12:45,SLC001,Salt Lake City - Intl,40.7884,-111.9778,1288,-11.9,10.6,-20.8,-17.9,70,875.6,1022.7,falling rapidly,23.0,8,N,31.0,32.2,87,300,snow,0.0,38.1,64,4.5,550.8,Blowing Snow,123,180,46.3,70.0,59.0,58.5,1.23,04:00,20:00,16,-16.0,47.0,5.23
2023-06-26,14:44,DEN001,Denver - Stapleton,39.7392,-104.9903,1609,-14.5,5.9,-23.9,-23.7,54,824.8,1002.1,falling,21.6,223,SW,33.9,34.5,9,,snow,0.0,36.1,98,10.1,931.1,Blowing Snow,123,134,33.9,56.9,33.0,30.4,0.89,04:00,20:00,16,-17.9,44.3,4.31
2023-06-26,15:43,ANC001,Anchorage - Intl,61.1743,-149.9963,46,-26.0,-14.8,-39.2,-27.0,95,1007.4,1012.9,falling,24.4,194,SSW,44.8,21.6,0,,snow,0.0,17.1,88,9.9,901.0,Blizzard,125,160,38.6,64.6,85.5,76.8,0.91,04:00,20:00,16,-30.5,35.3,5.32
2023-06-26,16:27,DFW001,Dallas - Fort Worth,32.8998,-97.0403,182,-1.0,30.2,-6.9,-14.2,34,997.8,1019.7,steady,23.1,299,WNW,43.6,28.8,6,,none,0.0,0.0,84,8.3,758.4,Clear,100,219,60.1,96.9,17.4,59.3,1.06,04:00,20:00,16,-3.4,58.9,5.14
2023-06-26,17:05,ABQ001,Albuquerque - Intl Sunport,35.0402,-106.609,1619,-16.2,2.8,-27.2,-31.8,22,834.9,1015.6,rising rapidly,27.8,295,WNW,48.5,25.0,58,300,rain,17.7,0.0,96,4.2,442.7,Drizzle,113,24,8.4,13.1,38.4,70.2,1.57,04:00,20:00,16,-19.7,34.6,2.78
2023-06-26,18:50,MKE001,Milwaukee - Mitchell,42.9472,-87.8966,211,-11.9,10.6,-18.2,-12.3,98,982.6,1007.6,rising,11.8,12,NNE,27.6,28.8,80,1500,snow,0.0,35.8,73,2.2,260.3,Light Snow,120,231,61.4,95.4,83.4,43.7,2.04,04:00,20:00,16,-13.6,57.8,0.96
2023-06-26,23:45,MSP001,Minneapolis - St Paul,44.8848,-93.2223,255,-25.6,-14.1,-35.7,-29.8,79,984.7,1015.1,falling,14.1,82,E,18.4,30.1,96,900,snow,0.0,19.5,29,0,0,Light Snow,120,230,60.8,94.6,32.5,35.3,1.13,04:00,20:00,16,-30.3,44.2,0.76
2023-06-27,14:18,DTW001,Detroit - Metro Wayne,42.2162,-83.3554,195,-8.2,17.2,-14.8,-22.2,30,994.3,1017.7,falling,16.2,230,SW,29.2,18.8,87,900,snow,0.0,19.6,30,4.5,550.8,Blizzard,125,186,50.9,82.1,43.2,47.7,2.26,04:00,20:00,16,-11.0,29.7,1.12
2023-06-27,17:10,CLE001,Cleveland - Hopkins,41.4117,-81.8498,245,-11.0,12.2,-18.0,-11.6,97,994.4,1023.8,steady,14.9,91,E,25.3,22.2,16,,none,0.0,0.0,75,6.1,573.6,Fog,105,290,69.2,107.5,40.5,50.8,2.57,04:00,20:00,16,-16.0,23.1,2.69
2023-06-28,04:55,BOS001,Boston - Logan,42.3656,-71.0096,9,-16.0,3.2,-25.0,-29.4,33,1006.8,1007.9,rising,18.2,262,W,39.8,10.1,51,150,sleet,15.4,0.0,27,0,0,Ice Storm,133,163,39.7,62.9,33.8,62.8,0.23,04:00,20:00,16,-20.5,24.9,3.23
2023-06-28,06:28,SFO001,San Francisco - Intl,37.6213,-122.379,4,-5.4,22.3,-13.8,-12.2,66,1019.2,1019.7,rising,32.4,140,SE,41.6,37.3,44,9000,snow,0.0,35.7,36,0,0.0,Blizzard,125,56,10.0,17.7,18.4,67.1,0.65,04:00,20:00,16,-7.1,28.6,4.21
2023-06-28,07:17,STL001,St Louis - Lambert,38.7487,-90.37,172,-7.3,18.9,-12.4,-21.5,29,983.6,1003.9,steady,11.1,151,SSE,24.5,10.7,96,150,snow,0.0,2.0,52,0.9,115.7,Blizzard,125,72,21.8,31.9,44.9,43.6,0.66,04:00,20:00,16,-9.1,44.8,4.67
2023-06-28,08:25,HNL001,Honolulu - Intl,21.325,-157.925,4,7.6,45.7,5.9,6.6,95,1016.0,1016.5,rising rapidly,9.2,86,E,23.8,24.8,48,600,none,0.0,0.0,24,3.2,329.8,Overcast,104,241,61.5,100.8,11.4,31.4,1.06,04:00,20:00,16,5.9,49.3,4.12
2023-06-28,19:15,BWI001,Baltimore - Washington,39.1754,-76.6684,46,-15.2,4.6,-21.4,-27.6,38,1004.0,1009.5,falling rapidly,9.7,29,NNE,31.3,14.9,0,,none,0.0,0.0,49,2.4,222.5,Mist,109,19,9.3,20.2,11.6,7.1,2.0,04:00,20:00,16,-20.1,24.4,2.06
2023-07-07,10:56,BOS001,Boston - Logan,42.3656,-71.0096,9,-12.1,10.2,-18.2,-19.5,63,1021.1,1022.2,rising,11.1,263,W,27.3,19.5,54,6000,sleet,38.8,0.0,80,5.5,570.7,Ice Pellets,132,30,9.8,23.1,27.7,47.0,0.79,03:00,21:00,18,-15.1,27.9,3.44
2023-07-07,19:59,HNL001,Honolulu - Intl,21.325,-157.925,4,-2.5,27.5,-8.0,-9.3,66,999.7,1000.2,falling,17.8,82,E,36.8,25.3,100,3000,none,0.0,0.0,73,0.8,111.3,Haze,106,232,62.8,99.8,56.4,25.6,2.96,03:00,21:00,18,-4.6,19.5,1.58
2023-07-07,23:56,MCI001,Kansas City - Intl,39.2976,-94.7139,313,-15.2,4.6,-22.3,-32.2,15,966.1,1002.8,falling,12.3,247,WSW,20.8,35.4,68,1500,snow,0.0,14.3,45,0,0,Blowing Snow,123,57,15.2,28.6,78.4,60.7,2.92,03:00,21:00,18,-16.6,16.2,3.66
2023-07-08,00:41,SFO001,San Francisco - Intl,37.6213,-122.379,4,-16.5,2.3,-16.5,-29.7,34,1021.7,1022.2,rising rapidly,1.6,230,SW,1.6,6.3,20,,snow,0.0,31.2,100,0,0,Heavy Snow,122,79,17.7,25.7,50.4,40.1,1.21,03:00,21:00,18,-18.6,16.5,3.7
2023-07-08,00:51,PHX001,Phoenix - Sky Harbor,33.4373,-112.0078,337,-11.9,10.6,-11.9,-20.7,56,957.9,997.2,falling rapidly,0.4,10,N,0.4,17.7,1,,rain,18.2,0.0,31,0,0,Freezing Drizzle,115,193,51.3,77.0,48.7,41.3,2.47,03:00,21:00,18,-16.2,22.4,5.37
2023-07-08,04:28,SLC001,Salt Lake City - Intl,40.7884,-111.9778,1288,-21.9,-7.4,-32.6,-26.9,75,873.9,1020.7,rising,19.0,266,W,22.2,26.8,53,900,none,0.0,0.0,5,0,0,Haze,106,262,63.7,109.3,33.7,24.4,1.5,03:00,21:00,18,-25.0,34.7,7.3
2023-07-08,12:26,MSY001,New Orleans - Moisant,29.9934,-90.258,3,9.9,49.8,8.8,3.7,69,999.3,999.7,falling rapidly,8.2,219,SW,30.4,11.2,28,,none,0.0,0.0,69,8.7,838.4,Mostly Clear,101,93,14.8,20.5,52.2,62.3,2.67,03:00,21:00,18,6.9,43.1,2.31
2023-07-08,12:28,LAX001,Los Angeles - Downtown,34.0522,-118.2437,71,-3.7,25.3,-3.7,-6.7,85,986.2,994.6,falling,0.6,143,SE,0.6,37.7,16,,none,0.0,0.0,3,9.6,896.9,Haze,106,206,52.0,74.9,52.9,34.6,0.65,03:00,21:00,18,-5.2,28.9,1.4
2023-07-09,02:01,LAS001,Las Vegas - McCarran,36.084,-115.1537,664,-15.2,4.6,-24.4,-19.2,80,939.4,1017.1,falling,19.8,323,NW,27.7,34.8,14,,snow,0.0,31.5,23,0,0,Snow Showers,124,39,14.7,20.5,37.3,43.5,2.3,03:00,21:00,18,-19.3,10.7,6.73
2023-07-09,03:33,MKE001,Milwaukee - Mitchell,42.9472,-87.8966,211,-20.1,-4.2,-29.3,-29.5,53,999.2,1024.6,falling rapidly,15.3,333,NNW,32.6,18.6,69,900,none,0.0,0.0,70,0,0,Mostly Clear,101,121,27.1,48.8,78.9,25.1,1.8,03:00,21:00,18,-21.1,55.5,5.17
2023-07-09,06:40,DEN001,Denver - Stapleton,39.7392,-104.9903,1609,-23.1,-9.6,-32.1,-26.7,82,830.6,1009.1,falling,12.9,75,ENE,25.8,1.7,48,600,none,0.0,0.0,80,0,0.0,Dust,108,26,7.3,1.6,50.3,42.2,1.69,03:00,21:00,18,-28.0,22.4,0.97
2023-07-09,16:38,ORD001,Chicago - O'Hare Area,41.9742,-87.9073,201,-9.4,15.1,-16.8,-23.8,28,985.5,1009.4,steady,18.4,52,NE,24.8,24.9,47,6000,snow,0.0,10.7,39,5.9,598.1,Blowing Snow,123,270,72.6,121.3,37.6,73.8,1.52,03:00,21:00,18,-11.3,22.2,0
2023-07-10,02:57,IND001,Indianapolis - Intl,39.7173,-86.2944,248,-12.7,9.1,-20.2,-29.1,18,969.7,998.8,rising rapidly,15.4,55,NE,21.2,23.7,31,3000,sleet,49.3,0.0,37,0,0,Ice Pellets,132,285,73.3,118.6,13.2,42.1,2.85,03:00,21:00,18,-16.5,54.0,2.0
2023-07-10,05:48,NYC001,New York - Central Park,40.7829,-73.9654,39,-11.6,11.1,-17.8,-27.4,21,1015.8,1020.5,falling,11.8,123,ESE,26.0,17.5,72,,snow,0.0,25.4,7,0,0,Blowing Snow,123,135,32.3,54.4,21.9,75.0,0.2,03:00,21:00,18,-14.2,59.5,6.1
2023-07-10,09:12,MIA001,Miami - International,25.7959,-80.287,3,0.3,32.5,-5.3,-6.5,66,1021.3,1021.7,rising rapidly,23.1,106,ESE,35.3,6.2,46,9000,none,0.0,0.0,12,4.8,480.1,Dust,108,217,53.6,76.2,37.9,49.0,0.14,03:00,21:00,18,-2.4,36.8,5.06
2023-07-11,01:26,CLE001,Cleveland - Hopkins,41.4117,-81.8498,245,-24.2,-11.6,-24.2,-38.4,29,995.3,1024.8,rising,2.9,321,NW,2.9,2.6,55,300,snow,0.0,4.5,93,0,0,Heavy Snow,122,135,31.4,51.4,56.5,58.5,0.31,03:00,21:00,18,-28.6,45.9,2.84
2023-07-11,03:58,BWI001,Baltimore - Washington,39.1754,-76.6684,46,-8.0,17.6,-13.8,-19.8,41,1017.0,1022.6,falling,13.1,219,SW,34.6,24.3,15,,snow,0.0,9.2,94,0,0,Heavy Snow,122,174,44.1,74.0,85.2,72.3,1.86,03:00,21:00,18,-11.2,54.6,3.6
2023-07-11,05:59,ATL001,Atlanta - Hartsfield,33.6407,-84.4277,313,-7.5,18.5,-15.2,-8.1,97,977.8,1015.0,rising,23.0,157,SSE,28.1,18.3,3,,snow,0.0,5.7,89,0,0,Snow Showers,124,22,5.5,5.1,85.3,79.8,2.07,03:00,21:00,18,-10.9,50.3,1.81
2023-07-11,10:47,PDX001,Portland - Intl,45.5898,-122.5951,9,-15.7,3.7,-24.3,-25.1,53,1003.1,1004.2,falling rapidly,16.8,229,SW,32.9,17.3,27,,none,0.0,0.0,5,7.1,676.3,Fog,105,196,54.6,87.2,21.2,61.3,2.54,03:00,21:00,18,-17.3,53.1,0
2023-07-11,11:54,IAH001,Houston - Hobby,29.6454,-95.2789,15,2.9,37.2,-1.2,-4.7,62,997.5,999.3,rising,17.5,20,NNE,27.9,29.8,7,,none,0.0,0.0,9,9.4,869.4,Overcast,104,131,31.7,56.3,25.0,37.1,1.12,03:00,21:00,18,0.4,42.7,4.73
2023-07-11,14:25,STL001,St Louis - Lambert,38.7487,-90.37,172,-10.6,12.9,-17.8,-15.2,77,997.6,1018.2,rising rapidly,16.3,271,W,34.0,7.4,70,,snow,0.0,24.9,95,5.7,633.7,Blizzard,125,15,1.0,3.4,42.5,9.9,2.31,03:00,21:00,18,-15.5,15.2,2.71
2023-07-11,15:01,ABQ001,Albuquerque - Intl Sunport,35.0402,-106.609,1619,-13.8,7.2,-19.0,-21.4,62,843.5,1026.1,falling,8.2,239,WSW,19.3,19.2,4,,none,0.0,0.0,38,9.6,882.9,Fog,105,44,5.9,4.9,55.5,69.6,0.51,03:00,21:00,18,-18.2,44.5,0
2023-07-12,00:48,PHL001,Philadelphia - Intl,39.8729,-75.2437,9,-11.0,12.2,-18.1,-16.0,75,1012.8,1013.9,falling,15.4,80,E,23.9,16.3,0,,rain,33.7,0.0,61,0,0,Light Rain,110,11,0.1,5.0,55.7,37.1,0.66,03:00,21:00,18,-13.9,47.6,4.5
2023-07-12,03:27,DFW001,Dallas - Fort Worth,32.8998,-97.0403,182,-8.3,17.1,-14.2,-19.1,46,1004.6,1026.6,falling rapidly,13.3,272,W,27.2,7.5,27,,snow,0.0,28.4,0,0,0,Snow Showers,124,174,43.8,65.2,32.8,21.6,0.27,03:00,21:00,18,-10.4,25.3,1.07
2023-07-12,03:56,SEA001,Seattle - Sea-Tac,47.4502,-122.3088,137,-20.6,-5.1,-32.8,-30.2,52,991.3,1007.6,falling rapidly,27.2,105,ESE,51.3,16.7,16,,none,0.0,0.0,91,0,0,Mist,109,27,4.4,7.4,84.0,67.2,1.34,03:00,21:00,18,-24.1,54.0,0
2023-07-12,06:44,RDU001,Raleigh-Durham - Intl,35.8801,-78.788,132,-9.1,15.6,-16.0,-25.1,20,999.5,1015.3,rising rapidly,16.7,252,WSW,27.0,0.9,62,6000,snow,0.0,32.7,32,0,0.0,Moderate Snow,121,298,74.3,120.3,62.3,43.9,1.31,03:00,21:00,18,-10.2,20.6,0
2023-07-12,09:40,MSP001,Minneapolis - St Paul,44.8848,-93.2223,255,-9.0,15.8,-12.5,-18.2,54,988.5,1019.0,rising rapidly,6.3,246,WSW,7.7,35.0,57,3000,snow,0.0,4.7,56,4.3,445.8,Snow Showers,124,152,29.8,45.9,66.2,62.3,1.61,03:00,21:00,18,-11.4,21.7,5.76
2023-07-13,02:56,ANC001,Anchorage - Intl,61.1743,-149.9963,46,-32.8,-27.0,-45.5,-34.2,93,994.2,999.6,falling,16.6,356,N,38.0,37.1,86,6000,snow,0.0,15.8,68,0,0,Blizzard,125,70,19.1,32.2,20.4,8.3,2.61,03:00,21:00,18,-34.4,28.4,0
2023-07-13,05:58,TPA001,Tampa - Intl,27.9755,-82.5332,9,-1.5,29.3,-1.5,-11.3,51,1017.5,1018.6,rising rapidly,0.3,3,N,0.3,28.9,13,,snow,0.0,38.7,89,0,0,Moderate Snow,121,261,58.6,91.5,26.1,59.4,1.46,03:00,21:00,18,-2.6,41.7,4.32
2023-07-13,07:26,DTW001,Detroit - Metro Wayne,42.2162,-83.3554,195,-17.1,1.2,-17.1,-25.1,60,992.8,1016.1,rising,1.8,232,SW,1.8,27.5,19,,snow,0.0,8.9,76,2.1,201.4,Heavy Snow,122,32,5.5,14.5,68.2,25.1,1.45,03:00,21:00,18,-20.2,54.8,0.86
2023-07-21,20:48,TPA001,Tampa - Intl,27.9755,-82.5332,9,-2.0,28.4,-8.7,-8.0,70,1005.0,1006.1,rising,26.6,8,N,28.2,1.1,32,3000,rain,23.4,0.0,81,0,0.0,Moderate Rain,111,88,20.0,33.2,44.9,54.9,0.45,03:00,21:00,18,-4.2,31.5,4.56
2023-07-21,22:12,LAS001,Las Vegas - McCarran,36.084,-115.1537,664,-14.3,6.3,-14.3,-22.5,59,933.8,1011.0,rising rapidly,2.0,304,NW,2.0,33.4,70,150,none,0.0,0.0,7,0,0,Mist,109,237,58.2,99.1,19.5,24.6,2.53,03:00,21:00,18,-16.3,33.5,0.79
2023-07-21,22:41,PDX001,Portland - Intl,45.5898,-122.5951,9,-25.1,-13.2,-36.4,-38.7,32,1018.9,1020.0,rising rapidly,18.2,210,SSW,25.9,38.2,99,3000,snow,0.0,35.9,94,0,0,Snow Showers,124,135,30.8,43.8,46.7,24.5,2.25,03:00,21:00,18,-28.3,54.0,5.36
2023-07-21,23:18,SFO001,San Francisco - Intl,37.6213,-122.379,4,-16.2,2.8,-16.2,-29.0,36,994.6,995.1,falling rapidly,1.7,119,ESE,1.7,13.2,4,,sleet,14.6,0.0,24,0,0,Freezing Rain,131,246,63.1,105.7,77.0,78.9,2.64,03:00,21:00,18,-19.2,46.3,0
2023-07-22,02:40,MSP001,Minneapolis - St Paul,44.8848,-93.2223,255,-20.5,-4.9,-27.8,-37.1,17,981.0,1011.3,falling,10.1,117,ESE,34.4,21.7,54,300,none,0.0,0.0,30,0,0,Mist,109,67,18.1,33.2,83.4,55.4,2.63,03:00,21:00,18,-23.2,27.7,1.01
2023-07-22,09:58,DEN001,Denver - Stapleton,39.7392,-104.9903,1609,-16.3,2.7,-26.1,-25.7,53,837.9,1018.0,rising rapidly,21.1,95,E,29.2,30.5,44,600,none,0.0,0.0,72,4.8,486.3,Overcast,104,138,35.3,54.1,28.5,57.0,2.73,03:00,21:00,18,-19.4,42.3,4.25
2023-07-22,14:30,NYC001,New York - Central Park,40.7829,-73.9654,39,-8.6,16.5,-13.0,-10.0,93,1012.1,1016.8,rising,8.5,189,S,22.8,8.5,12,,snow,0.0,8.5,22,9.9,916.4,Snow Showers,124,73,18.2,20.7,23.8,56.5,0.59,03:00,21:00,18,-11.7,49.0,3.66
2023-07-22,17:16,HNL001,Honolulu - Intl,21.325,-157.925,4,7.0,44.6,2.0,-3.8,46,1007.9,1008.4,rising rapidly,39.0,58,ENE,56.4,19.9,26,,none,0.0,0.0,53,5.7,542.4,Smoke,107,107,28.6,46.3,20.0,17.7,2.2,03:00,21:00,18,3.1,54.2,0
2023-07-22,18:14,MCI001,Kansas City - Intl,39.2976,-94.7139,313,-19.1,-2.4,-27.3,-28.5,53,976.7,1013.8,rising rapidly,13.0,91,E,15.9,22.9,81,1500,none,0.0,0.0,57,2.2,258.2,Dust,108,280,68.1,107.6,88.8,48.8,1.02,03:00,21:00,18,-21.1,41.2,2.65
2023-07-22,18:24,BWI001,Baltimore - Washington,39.1754,-76.6684,46,-13.3,8.1,-20.7,-18.9,72,998.0,1003.5,falling,14.6,87,E,18.9,25.5,38,9000,rain,36.6,0.0,9,3.6,351.4,Drizzle,113,132,35.5,60.4,10.1,37.4,1.36,03:00,21:00,18,-14.9,11.5,4.93
2023-07-22,19:40,BOS001,Boston - Logan,42.3656,-71.0096,9,-16.5,2.3,-21.9,-23.1,67,1004.4,1005.5,rising,7.6,243,WSW,29.8,13.4,73,9000,snow,0.0,23.5,26,1.3,141.3,Blizzard,125,234,59.8,96.9,43.0,15.1,0.52,03:00,21:00,18,-19.1,39.9,1.61
2023-07-23,06:06,ANC001,Anchorage - Intl,61.1743,-149.9963,46,-32.7,-26.9,-48.3,-41.7,55,1015.9,1021.5,steady,26.5,290,WNW,36.8,34.9,15,,snow,0.0,26.0,21,0,0.0,Heavy Snow,122,60,17.0,28.8,40.7,15.2,0.23,03:00,21:00,18,-35.4,13.2,3.41
2023-07-23,11:47,SLC001,Salt Lake City - Intl,40.7884,-111.9778,1288,-10.1,13.8,-17.7,-19.1,55,862.2,1007.0,rising,18.7,25,NNE,30.4,38.7,83,9000,snow,0.0,19.9,70,4.4,527.1,Blowing Snow,123,246,63.3,108.5,78.0,65.0,0.9,03:00,21:00,18,-13.4,25.6,0
2023-07-23,11:48,ORD001,Chicago - O'Hare Area,41.9742,-87.9073,201,-5.7,21.7,-13.0,-11.9,69,993.6,1017.7,rising,23.3,243,WSW,28.7,10.2,23,,none,0.0,0.0,1,8.4,797.4,Haze,106,268,64.3,93.7,51.8,75.9,0.5,03:00,21:00,18,-7.0,19.4,5.12
2023-07-23,23:40,STL001,St Louis - Lambert,38.7487,-90.37,172,-13.5,7.7,-18.8,-29.5,20,979.7,1000.0,falling,8.4,232,SW,24.3,16.2,77,900,snow,0.0,11.8,72,0,0,Blizzard,125,207,52.9,84.6,69.4,6.9,2.67,03:00,21:00,18,-15.0,20.5,1.12
2023-07-24,01:32,ABQ001,Albuquerque - Intl Sunport,35.0402,-106.609,1619,-13.3,8.1,-23.2,-14.7,93,838.1,1019.5,steady,26.4,355,N,40.2,4.2,13,,none,0.0,0.0,58,0,0,Haze,106,269,67.2,108.0,44.7,72.4,2.03,03:00,21:00,18,-15.2,8.2,3.71
2023-07-24,01:48,IND001,Indianapolis - Intl,39.7173,-86.2944,248,-22.7,-8.9,-31.6,-31.9,54,985.0,1014.5,steady,12.7,301,WNW,31.6,8.6,33,1500,snow,0.0,18.1,67,0,0,Blowing Snow,123,209,54.2,90.0,27.9,46.2,0.95,03:00,21:00,18,-25.0,13.6,4.99
2023-07-24,09:15,RDU001,Raleigh-Durham - Intl,35.8801,-78.788,132,-6.7,19.9,-12.6,-19.1,38,993.4,1009.1,falling,14.8,13,NNE,37.6,12.5,98,1500,snow,0.0,24.7,26,2.4,318.0,Snow Showers,124,72,19.8,33.2,12.4,60.9,0.66,03:00,21:00,18,-11.3,42.7,4.08
2023-07-24,22:34,ATL001,Atlanta - Hartsfield,33.6407,-84.4277,313,-14.7,5.5,-26.3,-21.9,64,970.1,1007.0,rising rapidly,34.2,134,SE,49.9,22.8,32,600,sleet,54.7,0.0,6,0,0,Freezing Rain,131,197,50.3,83.1,11.7,57.8,0.39,03:00,21:00,18,-16.9,14.4,1.1
2023-07-25,09:11,LAX001,Los Angeles - Downtown,34.0522,-118.2437,71,-2.7,27.1,-8.2,-19.7,15,1012.8,1021.4,rising,17.4,148,SSE,23.4,15.9,78,6000,none,0.0,0.0,64,3.3,380.3,Mostly Cloudy,103,273,73.9,119.0,76.7,13.6,0.63,03:00,21:00,18,-5.7,5.4,1.68
2023-07-25,10:51,DFW001,Dallas - Fort Worth,32.8998,-97.0403,182,2.2,36.0,-2.2,-4.6,66,1003.8,1025.8,steady,18.3,214,SW,40.0,30.9,66,900,none,0.0,0.0,76,4.8,523.8,Dust,108,36,10.1,15.9,18.2,55.9,1.05,03:00,21:00,18,-2.3,12.2,7.28
2023-07-26,03:08,MKE001,Milwaukee - Mitchell,42.9472,-87.8966,211,-18.3,-0.9,-28.5,-23.3,75,981.4,1006.4,rising,20.7,34,NE,26.1,39.2,50,150,hail,58.5,0.0,9,0,0,Heavy Hail,141,176,41.0,66.7,44.7,32.4,1.5,03:00,21:00,18,-20.6,48.8,0.01
2023-07-26,10:28,MIA001,Miami - International,25.7959,-80.287,3,9.0,48.2,6.4,8.4,97,1007.1,1007.5,steady,17.6,25,NNE,36.1,32.8,99,900,rain,26.1,0.0,37,2.9,394.8,Freezing Drizzle,115,99,23.7,41.9,31.8,71.2,2.1,03:00,21:00,18,7.4,45.9,3.95
2023-07-26,21:27,PHL001,Philadelphia - Intl,39.8729,-75.2437,9,-8.7,16.3,-17.2,-22.7,30,1010.4,1011.5,falling,25.6,191,S,27.5,3.6,28,,snow,0.0,12.1,2,0,0,Light Snow,120,128,33.6,56.8,20.7,51.9,0.49,03:00,21:00,18,-11.1,6.9,0.9
2023-07-26,21:45,IAH001,Houston - Hobby,29.6454,-95.2789,15,-5.2,22.6,-9.3,-5.4,99,1004.3,1006.1,rising rapidly,9.3,128,SE,22.3,3.5,98,600,rain,35.2,0.0,92,0,0,Heavy Rain,112,154,36.3,57.9,23.9,42.7,1.54,03:00,21:00,18,-8.9,19.1,2.53
2023-07-27,03:08,MSY001,New Orleans - Moisant,29.9934,-90.258,3,-16.0,3.2,-16.0,-25.0,55,1003.9,1004.3,falling,4.3,272,W,4.3,23.3,90,6000,none,0.0,0.0,59,0,0,Overcast,104,264,64.0,107.8,56.9,7.2,1.93,03:00,21:00,18,-20.4,8.3,2.95
2023-07-27,03:44,DTW001,Detroit - Metro Wayne,42.2162,-83.3554,195,-13.3,8.1,-24.1,-20.7,63,993.2,1016.5,falling rapidly,31.6,53,NE,48.7,3.4,28,,snow,0.0,33.6,57,0,0,Moderate Snow,121,10,5.3,9.7,15.7,32.5,0.68,03:00,21:00,18,-16.5,25.9,4.78
2023-07-27,08:08,SEA001,Seattle - Sea-Tac,47.4502,-122.3088,137,-14.1,6.6,-19.0,-26.1,40,996.3,1012.7,steady,7.3,221,SW,20.5,7.1,57,1500,snow,0.0,5.6,21,3.0,310.2,Moderate Snow,121,103,27.8,44.0,10.3,77.5,2.09,03:00,21:00,18,-16.2,10.5,7.96
2023-07-27,09:27,CLE001,Cleveland - Hopkins,41.4117,-81.8498,245,-11.1,12.0,-18.1,-12.7,92,987.3,1016.5,rising,15.0,260,W,34.7,12.9,41,900,snow,0.0,12.1,18,5.0,495.7,Blizzard,125,19,3.0,0.1,55.2,42.4,1.57,03:00,21:00,18,-14.2,54.2,4.2
2023-07-28,00:04,PHX001,Phoenix - Sky Harbor,33.4373,-112.0078,337,-13.2,8.2,-18.7,-16.8,82,974.4,1014.4,rising rapidly,9.1,319,NW,20.0,31.0,48,600,none,0.0,0.0,65,0,0,Mostly Cloudy,103,91,18.7,30.4,34.2,68.0,2.31,03:00,21:00,18,-15.3,36.4,3.45
2023-08-05,07:35,IND001,Indianapolis - Intl,39.7173,-86.2944,248,-11.0,12.2,-14.5,-14.0,85,982.5,1012.0,falling,5.7,173,S,5.8,32.0,61,6000,snow,0.0,20.0,78,1.5,154.7,Blowing Snow,123,296,73.9,119.3,50.3,31.1,2.04,04:00,20:00,16,-15.4,11.1,2.82
2023-08-05,12:46,LAS001,Las Vegas - McCarran,36.084,-115.1537,664,-11.9,10.6,-19.8,-28.3,18,935.6,1013.0,falling,18.0,78,ENE,40.8,14.5,16,,none,0.0,0.0,24,9.6,896.9,Mostly Cloudy,103,247,62.9,93.4,77.5,12.1,2.74,04:00,20:00,16,-14.4,48.6,3.16
2023-08-05,17:25,MIA001,Miami - International,25.7959,-80.287,3,0.7,33.3,-3.3,-3.3,80,1012.9,1013.3,rising,13.6,60,ENE,29.5,20.8,40,9000,none,0.0,0.0,97,5.0,498.8,Haze,106,231,55.6,86.4,68.3,47.5,0.16,04:00,20:00,16,-0.8,15.6,4.73
2023-08-05,18:22,NYC001,New York - Central Park,40.7829,-73.9654,39,-11.7,10.9,-18.9,-15.3,82,1000.9,1005.5,falling rapidly,15.4,37,NE,29.5,19.9,12,,snow,0.0,17.8,40,4.4,407.9,Moderate Snow,121,102,28.2,50.4,24.8,72.5,2.05,04:00,20:00,16,-12.7,34.2,1.66
2023-08-06,04:18,DTW001,Detroit - Metro Wayne,42.2162,-83.3554,195,-18.4,-1.1,-29.0,-24.4,70,983.9,1007.0,rising,22.2,50,NE,41.5,25.9,74,6000,none,0.0,0.0,43,0,0,Mostly Cloudy,103,72,20.3,27.4,80.7,25.2,0.19,04:00,20:00,16,-21.9,9.3,3.59
2023-08-06,09:27,RDU001,Raleigh-Durham - Intl,35.8801,-78.788,132,-2.1,28.2,-8.0,-18.3,19,994.8,1010.5,falling,20.6,272,W,34.9,34.0,70,9000,sleet,47.4,0.0,70,3.7,405.3,Ice Pellets,132,51,14.5,25.1,55.8,61.8,0.83,04:00,20:00,16,-3.4,48.2,4.97
2023-08-06,18:08,ORD001,Chicago - O'Hare Area,41.9742,-87.9073,201,-11.9,10.6,-19.6,-28.7,16,990.7,1014.7,rising rapidly,17.0,351,N,25.7,20.9,66,6000,snow,0.0,17.8,94,2.7,290.7,Heavy Snow,122,115,29.3,40.8,58.8,13.8,2.13,04:00,20:00,16,-15.7,26.3,0
2023-08-06,18:09,ABQ001,Albuquerque - Intl Sunport,35.0402,-106.609,1619,-13.3,8.1,-13.3,-23.1,51,836.2,1017.2,steady,3.6,101,E,3.6,10.1,100,300,none,0.0,0.0,48,1.6,216.9,Mostly Cloudy,103,168,42.2,69.1,37.7,61.8,1.48,04:00,20:00,16,-16.7,42.1,3.37
2023-08-06,18:47,LAX001,Los Angeles - Downtown,34.0522,-118.2437,71,-3.8,25.2,-11.2,-16.2,38,1018.1,1026.7,rising rapidly,28.4,48,NE,33.1,14.0,82,3000,none,0.0,0.0,88,2.2,256.0,Overcast,104,82,19.0,36.8,20.7,6.7,0.92,04:00,20:00,16,-7.5,45.3,0.94
2023-08-06,20:38,IAH001,Houston - Hobby,29.6454,-95.2789,15,0.4,32.7,-2.7,-16.4,16,1008.8,1010.6,rising rapidly,9.4,323,NW,24.1,16.7,25,,none,0.0,0.0,18,0,0.0,Clear,100,165,42.9,71.6,50.2,30.3,0.97,04:00,20:00,16,-2.6,46.9,0.74
2023-08-06,21:15,PHL001,Philadelphia - Intl,39.8729,-75.2437,9,-8.2,17.2,-12.9,-10.6,88,1015.7,1016.8,steady,9.4,286,WNW,15.8,35.6,51,300,none,0.0,0.0,18,0,0,Clear,100,47,13.7,30.0,50.4,41.8,2.73,04:00,20:00,16,-10.4,17.1,1.46
2023-08-07,15:00,HNL001,Honolulu - Intl,21.325,-157.925,4,10.5,50.9,10.5,8.3,89,1011.0,1011.5,falling,31.7,38,NE,52.9,39.9,42,3000,none,0.0,0.0,53,7.1,711.8,Partly Cloudy,102,269,64.9,102.1,41.8,33.2,2.93,04:00,20:00,16,6.6,53.6,3.17
2023-08-07,15:24,TPA001,Tampa - Intl,27.9755,-82.5332,9,0.5,32.9,-2.5,-13.3,31,1007.1,1008.2,rising rapidly,9.3,41,NE,19.7,32.3,42,,thunderstorm,17.7,0.0,76,7.1,711.8,Thunderstorm with Hail,152,103,24.9,41.0,41.6,59.4,2.91,04:00,20:00,16,-2.0,56.4,4.36
2023-08-07,18:28,BOS001,Boston - Logan,42.3656,-71.0096,9,-8.0,17.6,-15.5,-11.0,85,1013.5,1014.6,rising,20.7,354,N,39.9,6.7,43,,none,0.0,0.0,98,3.4,340.6,Dust,108,7,1.0,0.1,77.8,38.1,1.31,04:00,20:00,16,-11.8,14.1,3.81
2023-08-08,02:08,SFO001,San Francisco - Intl,37.6213,-122.379,4,-18.5,-1.3,-18.5,-23.5,75,1018.2,1018.7,steady,2.7,279,W,2.7,2.3,93,1500,sleet,3.2,0.0,69,0,0,Ice Storm,133,268,68.0,102.0,69.5,27.7,1.07,04:00,20:00,16,-20.4,22.4,1.48
2023-08-08,19:08,MCI001,Kansas City - Intl,39.2976,-94.7139,313,-12.1,10.2,-23.5,-15.5,83,973.0,1010.0,rising rapidly,39.3,359,N,49.0,3.2,41,150,none,0.0,0.0,88,1.8,176.9,Partly Cloudy,102,283,71.5,117.5,15.4,29.3,0.45,04:00,20:00,16,-14.2,12.0,5.96
2023-08-08,23:18,SEA001,Seattle - Sea-Tac,47.4502,-122.3088,137,-17.7,0.1,-27.9,-24.9,64,995.4,1011.8,falling,21.4,123,ESE,24.6,36.1,12,,sleet,20.7,0.0,100,0,0,Sleet,130,12,0.1,0.1,79.9,48.1,0.6,04:00,20:00,16,-22.4,40.8,4.29
2023-08-09,02:53,MSY001,New Orleans - Moisant,29.9934,-90.258,3,-7.6,18.3,-11.0,-19.8,39,1011.0,1011.4,falling rapidly,6.4,207,SSW,30.1,11.4,96,6000,thunderstorm,31.8,0.0,59,0,0,Thunderstorm,150,54,18.6,29.2,86.6,13.7,0.24,04:00,20:00,16,-10.5,12.4,4.34
2023-08-09,10:28,STL001,St Louis - Lambert,38.7487,-90.37,172,-9.8,14.4,-19.0,-19.4,52,987.5,1007.9,steady,28.3,149,SSE,30.1,37.3,59,9000,none,0.0,0.0,25,5.2,551.2,Partly Cloudy,102,232,57.7,95.0,72.3,51.8,2.81,04:00,20:00,16,-11.8,24.8,1.29
2023-08-09,15:19,SLC001,Salt Lake City - Intl,40.7884,-111.9778,1288,-14.4,6.1,-19.6,-25.4,45,876.5,1023.7,steady,7.8,156,SSE,12.0,38.9,38,600,snow,0.0,34.7,68,7.4,729.8,Moderate Snow,121,198,44.4,68.8,66.0,17.6,2.37,04:00,20:00,16,-17.5,57.4,3.7
2023-08-09,15:22,CLE001,Cleveland - Hopkins,41.4117,-81.8498,245,-6.1,21.0,-10.5,-21.9,21,977.6,1006.6,falling,9.8,297,WNW,18.0,36.5,8,,snow,0.0,8.2,79,9.4,864.9,Blowing Snow,123,87,19.1,31.6,11.8,15.1,2.42,04:00,20:00,16,-10.3,6.7,2.52
2023-08-09,22:06,PDX001,Portland - Intl,45.5898,-122.5951,9,-21.3,-6.3,-26.1,-33.5,39,1019.4,1020.5,steady,5.4,302,WNW,30.2,35.6,38,600,none,0.0,0.0,100,0,0,Dust,108,261,67.7,110.9,12.1,26.0,1.64,04:00,20:00,16,-24.7,24.8,0.55
2023-08-10,00:10,MKE001,Milwaukee - Mitchell,42.9472,-87.8966,211,-22.4,-8.3,-34.1,-25.8,83,985.6,1010.7,falling,22.3,122,ESE,29.8,11.5,56,1500,none,0.0,0.0,65,0,0,Haze,106,29,0.5,8.5,81.9,9.5,1.19,04:00,20:00,16,-23.8,34.8,5.67
2023-08-10,09:19,MSP001,Minneapolis - St Paul,44.8848,-93.2223,255,-12.7,9.1,-19.8,-21.5,56,996.0,1026.7,rising rapidly,14.0,240,WSW,38.9,7.0,34,1500,snow,0.0,0.8,59,5.3,517.5,Snow Showers,124,133,33.7,53.6,20.5,21.8,2.03,04:00,20:00,16,-14.2,30.7,4.75
2023-08-10,11:34,DEN001,Denver - Stapleton,39.7392,-104.9903,1609,-11.0,12.2,-18.1,-12.6,92,833.8,1013.0,falling,15.6,83,E,40.3,1.2,54,150,snow,0.0,4.0,23,6.3,657.7,Heavy Snow,122,107,31.7,50.3,69.5,64.4,1.19,04:00,20:00,16,-14.3,41.8,2.76
2023-08-10,12:08,BWI001,Baltimore - Washington,39.1754,-76.6684,46,-3.6,25.5,-6.6,-8.2,77,1017.7,1023.3,rising rapidly,7.1,277,W,26.4,38.0,60,150,none,0.0,0.0,20,6.4,682.4,Fog,105,212,49.5,74.6,40.7,77.3,1.45,04:00,20:00,16,-7.7,32.4,7.53
2023-08-10,13:42,PHX001,Phoenix - Sky Harbor,33.4373,-112.0078,337,3.2,37.8,0.2,1.4,91,961.6,1001.0,falling rapidly,11.3,288,WNW,12.6,15.3,90,1500,none,0.0,0.0,2,4.4,550.0,Clear,100,246,65.1,108.1,19.2,40.2,0.82,04:00,20:00,16,2.0,48.9,0.87
2023-08-10,16:36,DFW001,Dallas - Fort Worth,32.8998,-97.0403,182,-0.8,30.6,-4.5,-1.6,96,988.6,1010.2,rising,11.0,244,WSW,24.6,24.9,71,6000,thunderstorm,46.5,0.0,20,4.5,504.3,Thunderstorm,150,189,48.1,78.0,32.3,74.2,0.41,04:00,20:00,16,-3.4,23.7,2.2
2023-08-10,23:01,ATL001,Atlanta - Hartsfield,33.6407,-84.4277,313,-10.4,13.3,-15.8,-25.0,27,978.6,1015.8,rising,10.1,105,ESE,34.5,30.0,55,9000,none,0.0,0.0,49,0,0,Partly Cloudy,102,14,1.3,0.1,68.2,64.8,2.37,04:00,20:00,16,-15.2,12.9,3.86
2023-08-11,02:23,ANC001,Anchorage - Intl,61.1743,-149.9963,46,-30.7,-23.3,-41.3,-37.7,65,1008.3,1013.8,rising rapidly,12.7,205,SSW,21.9,38.5,58,1500,none,0.0,0.0,87,0,0,Smoke,107,272,67.5,109.9,18.2,61.1,2.28,04:00,20:00,16,-31.9,22.2,1.85
2023-08-19,22:47,MSY001,New Orleans - Moisant,29.9934,-90.258,3,-7.8,18.0,-15.1,-9.6,91,1013.5,1013.9,falling,20.2,227,SW,34.6,38.8,5,,thunderstorm,30.4,0.0,82,0,0,Derecho,153,215,53.5,81.6,11.4,7.7,1.51,04:00,20:00,16,-9.5,49.5,3.98
2023-08-20,08:05,RDU001,Raleigh-Durham - Intl,35.8801,-78.788,132,2.9,37.2,-1.4,-10.9,31,977.0,992.5,rising rapidly,18.6,67,ENE,20.7,26.2,7,,rain,30.1,0.0,20,4.5,418.7,Moderate Rain,111,80,22.0,39.8,63.3,44.8,1.76,04:00,20:00,16,-1.8,24.4,0
2023-08-20,11:51,LAX001,Los Angeles - Downtown,34.0522,-118.2437,71,5.2,41.4,1.9,2.2,85,998.9,1007.4,falling,15.4,203,SSW,26.9,8.2,59,300,hail,49.0,0.0,8,6.0,635.2,Heavy Hail,141,197,54.8,88.7,46.4,11.5,0.6,04:00,20:00,16,2.9,46.0,4.86
2023-08-20,16:19,LAS001,Las Vegas - McCarran,36.084,-115.1537,664,-4.7,23.5,-4.7,-12.9,59,928.6,1005.4,rising rapidly,3.2,241,WSW,3.2,2.6,85,6000,none,0.0,0.0,96,3.7,449.6,Partly Cloudy,102,152,36.7,52.9,68.0,29.3,0.92,04:00,20:00,16,-7.4,37.1,2.08
2023-08-20,18:45,IND001,Indianapolis - Intl,39.7173,-86.2944,248,-7.7,18.1,-7.7,-23.7,20,994.8,1024.6,rising rapidly,1.1,159,SSE,1.1,5.1,22,,snow,0.0,5.5,56,4.1,386.2,Light Snow,120,62,15.6,32.1,29.9,79.8,1.86,04:00,20:00,16,-11.4,30.0,3.52
2023-08-20,19:09,MIA001,Miami - International,25.7959,-80.287,3,2.2,36.0,2.2,-13.0,24,1027.2,1027.6,rising rapidly,3.6,266,W,3.6,36.7,80,9000,none,0.0,0.0,69,1.1,133.5,Overcast,104,68,19.3,32.4,55.6,10.9,0.23,04:00,20:00,16,-2.6,52.8,6.19
2023-08-20,23:23,BWI001,Baltimore - Washington,39.1754,-76.6684,46,-20.6,-5.1,-33.4,-37.2,17,1000.0,1005.5,falling rapidly,30.1,183,S,36.0,27.5,99,,rain,38.7,0.0,84,0,0,Moderate Rain,111,212,51.1,90.1,40.6,74.9,2.43,04:00,20:00,16,-25.2,21.4,2.07
2023-08-21,05:48,SFO001,San Francisco - Intl,37.6213,-122.379,4,-8.7,16.3,-16.2,-10.7,90,1000.2,1000.7,falling,19.7,43,NE,36.6,37.5,1,,snow,0.0,30.6,39,0,0,Blizzard,125,70,21.7,36.3,59.9,7.0,2.88,04:00,20:00,16,-11.4,5.8,3.51
2023-08-21,12:43,HNL001,Honolulu - Intl,21.325,-157.925,4,7.9,46.2,5.0,-8.9,16,1008.4,1008.9,rising,17.8,157,SSE,17.8,32.6,21,,none,0.0,0.0,53,9.2,872.6,Partly Cloudy,102,50,9.2,17.8,39.4,20.9,2.2,04:00,20:00,16,6.4,49.0,0.76
2023-08-22,01:48,ABQ001,Albuquerque - Intl Sunport,35.0402,-106.609,1619,-17.1,1.2,-25.5,-27.3,49,838.5,1020.0,falling,14.9,264,W,32.8,39.0,37,150,snow,0.0,10.8,33,0,0,Blizzard,125,243,65.8,110.2,69.3,40.2,0.43,04:00,20:00,16,-18.7,52.6,3.79
2023-08-22,03:50,SLC001,Salt Lake City - Intl,40.7884,-111.9778,1288,-20.7,-5.3,-28.2,-27.1,68,875.6,1022.7,falling,10.3,353,N,14.7,4.3,56,300,snow,0.0,21.6,71,0,0,Blowing Snow,123,109,26.8,40.3,32.7,15.8,2.28,04:00,20:00,16,-24.3,54.4,2.89
2023-08-22,10:28,ATL001,Atlanta - Hartsfield,33.6407,-84.4277,313,-1.1,30.0,-8.0,-9.5,58,967.9,1004.7,falling,31.2,87,E,44.8,38.9,52,6000,snow,0.0,11.6,79,5.6,578.6,Moderate Snow,121,129,32.1,51.3,27.5,21.9,2.32,04:00,20:00,16,-3.5,19.6,5.96
2023-08-22,16:55,DTW001,Detroit - Metro Wayne,42.2162,-83.3554,195,-13.3,8.1,-21.4,-25.3,40,991.9,1015.2,rising,17.2,180,S,23.7,27.3,35,6000,snow,0.0,11.1,39,6.6,645.0,Heavy Snow,122,257,67.6,106.9,78.6,41.2,1.17,04:00,20:00,16,-15.5,42.9,3.08
2023-08-23,11:47,STL001,St Louis - Lambert,38.7487,-90.37,172,-3.5,25.7,-8.6,-20.3,16,996.4,1017.0,rising,14.3,327,NNW,33.8,33.7,85,3000,sleet,52.5,0.0,92,4.3,518.1,Sleet,130,142,38.6,57.2,31.8,45.4,1.42,04:00,20:00,16,-6.9,45.8,2.24
2023-08-23,19:25,MCI001,Kansas City - Intl,39.2976,-94.7139,313,-13.4,7.9,-22.6,-26.4,35,981.1,1018.4,falling,22.2,127,SE,30.0,17.8,91,6000,snow,0.0,4.0,52,1.0,121.3,Snow Showers,124,45,13.7,21.3,55.3,51.8,1.79,04:00,20:00,16,-17.6,39.9,1.56
2023-08-23,22:53,IAH001,Houston - Hobby,29.6454,-95.2789,15,-2.7,27.1,-8.5,-11.9,54,1000.6,1002.4,rising rapidly,19.3,14,NNE,35.1,29.3,5,,none,0.0,0.0,77,0,0,Mist,109,11,5.2,6.8,16.1,65.5,2.43,04:00,20:00,16,-6.1,5.2,2.11
2023-08-24,02:08,NYC001,New York - Central Park,40.7829,-73.9654,39,-15.7,3.7,-24.1,-24.9,54,1012.2,1016.9,falling rapidly,16.0,133,SE,40.0,14.3,18,,none,0.0,0.0,40,0,0,Mostly Clear,101,197,50.2,80.4,15.9,7.2,0.71,04:00,20:00,16,-18.1,19.1,4.15
2023-08-24,12:35,PHX001,Phoenix - Sky Harbor,33.4373,-112.0078,337,2.8,37.0,2.8,-3.8,67,962.5,1002.0,falling,1.3,202,SSW,1.3,20.7,74,6000,none,0.0,0.0,22,5.4,614.2,Mist,109,61,16.5,28.4,56.0,27.5,0.88,04:00,20:00,16,-1.0,44.7,2.43
2023-08-24,15:38,DFW001,Dallas - Fort Worth,32.8998,-97.0403,182,-7.3,18.9,-10.5,-18.9,42,979.2,1000.6,steady,6.1,162,SSE,7.9,15.0,62,6000,snow,0.0,17.5,79,5.8,621.7,Snow Showers,124,10,10.9,19.4,21.2,28.7,1.77,04:00,20:00,16,-10.2,27.7,0
2023-08-24,15:59,PDX001,Portland - Intl,45.5898,-122.5951,9,-6.2,20.8,-13.7,-13.0,66,1014.2,1015.3,falling,24.0,128,SE,38.9,7.2,4,,snow,0.0,7.3,23,9.6,882.9,Heavy Snow,122,195,50.7,79.1,54.9,71.2,2.47,04:00,20:00,16,-10.5,47.3,3.54
2023-08-24,18:10,CLE001,Cleveland - Hopkins,41.4117,-81.8498,245,-11.2,11.8,-16.4,-15.4,79,991.2,1020.6,falling rapidly,9.2,210,SSW,33.4,9.5,22,,snow,0.0,18.9,30,4.1,386.2,Moderate Snow,121,26,5.0,6.0,28.4,20.5,0.89,04:00,20:00,16,-13.5,47.1,3.41
2023-08-24,20:14,ORD001,Chicago - O'Hare Area,41.9742,-87.9073,201,-16.4,2.5,-24.9,-33.2,16,985.8,1009.7,rising rapidly,16.0,134,SE,25.1,7.2,97,3000,snow,0.0,22.1,76,0,0.0,Blizzard,125,6,1.6,0.1,81.3,14.0,1.63,04:00,20:00,16,-18.2,48.7,3.52
2023-08-24,22:49,MSP001,Minneapolis - St Paul,44.8848,-93.2223,255,-16.5,2.3,-16.5,-32.3,21,984.2,1014.6,rising,2.8,267,W,2.8,23.9,34,,sleet,21.7,0.0,15,0,0,Ice Pellets,132,91,19.4,36.9,40.1,18.9,1.45,04:00,20:00,16,-18.1,23.5,1.63
2023-08-25,01:44,SEA001,Seattle - Sea-Tac,47.4502,-122.3088,137,-19.5,-3.1,-27.8,-27.3,61,1003.0,1019.5,steady,13.1,185,S,15.4,10.0,34,9000,rain,16.1,0.0,15,0,0,Moderate Rain,111,264,68.7,109.3,50.1,70.5,0.44,04:00,20:00,16,-22.1,45.2,3.78
2023-08-25,03:01,ANC001,Anchorage - Intl,61.1743,-149.9963,46,-22.4,-8.3,-32.3,-38.2,21,1012.9,1018.5,rising rapidly,15.9,334,NNW,26.9,12.2,54,900,snow,0.0,29.5,31,0,0,Blowing Snow,123,276,70.6,108.6,71.6,52.2,0.12,04:00,20:00,16,-25.7,53.7,1.76
2023-08-25,06:16,DEN001,Denver - Stapleton,39.7392,-104.9903,1609,-21.4,-6.5,-29.6,-27.6,69,831.3,1010.0,steady,11.6,271,W,35.8,29.4,21,,none,0.0,0.0,52,0,0.0,Fog,105,300,77.6,120.8,47.8,57.4,1.77,04:00,20:00,16,-22.6,32.8,2.66
2023-08-25,07:50,MKE001,Milwaukee - Mitchell,42.9472,-87.8966,211,-11.0,12.2,-11.0,-22.2,44,981.2,1006.2,falling rapidly,2.6,198,SSW,2.6,27.2,5,,snow,0.0,16.1,11,2.4,217.0,Blowing Snow,123,290,73.7,121.3,67.1,66.8,1.17,04:00,20:00,16,-15.6,13.0,0.35
2023-08-25,13:50,PHL001,Philadelphia - Intl,39.8729,-75.2437,9,-9.2,15.4,-16.7,-17.6,58,1012.8,1013.9,rising,19.4,155,SSE,38.9,20.5,100,900,snow,0.0,30.6,94,3.7,500.0,Light Snow,120,137,36.9,55.6,29.0,15.4,1.76,04:00,20:00,16,-11.8,52.7,1.82
2023-08-25,22:59,BOS001,Boston - Logan,42.3656,-71.0096,9,-17.3,0.9,-27.4,-18.3,95,1007.9,1009.0,falling,21.4,331,NNW,38.6,36.1,87,6000,none,0.0,0.0,26,0,0,Haze,106,110,24.8,41.6,22.9,58.5,0.68,04:00,20:00,16,-22.2,55.2,0.54
2023-08-25,23:41,TPA001,Tampa - Intl,27.9755,-82.5332,9,-3.6,25.5,-9.8,-16.8,34,1009.5,1010.6,falling,19.8,258,WSW,41.2,18.8,67,9000,none,0.0,0.0,44,0,0,Mist,109,238,57.7,89.8,56.0,77.8,1.68,04:00,20:00,16,-5.9,44.8,0
2023-09-03,21:28,HNL001,Honolulu - Intl,21.325,-157.925,4,5.2,41.4,1.1,-11.6,16,999.0,999.5,rising,21.7,66,ENE,39.6,9.1,88,150,none,0.0,0.0,17,0,0,Mostly Cloudy,103,267,65.8,110.0,85.4,11.3,1.44,05:00,19:00,14,1.8,21.7,2.49
2023-09-04,03:34,TPA001,Tampa - Intl,27.9755,-82.5332,9,1.4,34.5,-1.1,-7.4,56,1008.0,1009.1,rising,8.1,343,NNW,23.5,10.0,25,,none,0.0,0.0,0,0,0,Partly Cloudy,102,113,23.7,38.0,89.3,79.3,2.44,05:00,19:00,14,-0.1,33.9,3.83
2023-09-04,14:04,DFW001,Dallas - Fort Worth,32.8998,-97.0403,182,1.8,35.2,-2.0,-0.6,88,1007.0,1029.1,rising,14.1,208,SSW,21.8,12.3,89,,rain,22.8,0.0,85,4.4,541.1,Rain Showers,114,138,28.8,45.3,20.7,48.4,2.3,05:00,19:00,14,-1.8,47.4,3.68
2023-09-05,14:16,DTW001,Detroit - Metro Wayne,42.2162,-83.3554,195,-8.0,17.6,-16.8,-11.2,84,986.8,1010.0,rising,29.3,99,E,36.0,15.9,55,300,rain,38.0,0.0,87,6.8,706.8,Heavy Rain,112,124,37.5,56.0,42.3,30.2,0.92,05:00,19:00,14,-12.4,49.3,0
2023-09-05,20:52,MSY001,New Orleans - Moisant,29.9934,-90.258,3,3.2,37.8,3.2,-10.0,34,1008.4,1008.8,rising,1.6,239,WSW,1.6,31.6,46,3000,none,0.0,0.0,97,0,0.0,Smoke,107,28,9.9,21.5,52.8,8.3,1.33,05:00,19:00,14,0.0,14.5,0
2023-09-05,21:12,LAS001,Las Vegas - McCarran,36.084,-115.1537,664,-8.9,16.0,-15.8,-18.7,51,919.7,995.8,falling rapidly,16.8,353,N,26.4,8.4,62,600,rain,24.6,0.0,88,0,0,Light Rain,110,189,50.8,80.5,77.7,41.8,1.65,05:00,19:00,14,-12.6,43.1,1.89
2023-09-06,05:49,LAX001,Los Angeles - Downtown,34.0522,-118.2437,71,-0.2,31.6,-5.0,-7.4,64,998.0,1006.5,rising,16.9,140,SE,18.7,29.4,76,300,none,0.0,0.0,82,0,0,Mist,109,181,44.3,76.5,37.5,16.5,0.8,05:00,19:00,14,-1.2,19.8,0
2023-09-06,09:26,ABQ001,Albuquerque - Intl Sunport,35.0402,-106.609,1619,-7.3,18.9,-16.1,-10.1,86,832.3,1012.4,falling,31.1,32,NNE,42.0,31.4,32,3000,snow,0.0,34.1,12,5.4,523.7,Light Snow,120,51,10.7,14.7,84.6,71.1,1.95,05:00,19:00,14,-10.6,28.3,1.54
2023-09-06,18:17,RDU001,Raleigh-Durham - Intl,35.8801,-78.788,132,-2.1,28.2,-7.3,-14.9,36,1001.4,1017.3,steady,16.8,216,SW,29.8,37.7,94,3000,snow,0.0,21.7,15,1.8,230.0,Moderate Snow,121,71,15.7,22.2,76.6,34.7,2.6,05:00,19:00,14,-4.7,28.1,0
2023-09-06,18:42,PDX001,Portland - Intl,45.5898,-122.5951,9,-7.0,19.4,-12.4,-23.4,18,1012.6,1013.7,steady,12.5,235,SW,32.4,30.7,33,600,snow,0.0,2.5,20,3.7,362.3,Blowing Snow,123,76,24.3,40.7,13.0,51.7,0.44,05:00,19:00,14,-10.8,15.9,2.13
2023-09-06,20:19,ANC001,Anchorage - Intl,61.1743,-149.9963,46,-15.1,4.8,-23.8,-15.7,97,1009.2,1014.7,steady,18.0,141,SE,20.3,0.4,26,,snow,0.0,28.8,72,0,0.0,Snow Showers,124,195,49.2,80.9,75.9,73.1,0.23,05:00,19:00,14,-16.9,20.7,0
2023-09-06,22:55,STL001,St Louis - Lambert,38.7487,-90.37,172,-5.3,22.5,-9.4,-17.7,38,991.3,1011.8,falling rapidly,9.3,14,NNE,32.4,19.9,63,300,snow,0.0,7.5,0,0,0,Light Snow,120,102,28.3,41.4,46.9,77.8,2.19,05:00,19:00,14,-7.2,31.4,4.37
2023-09-07,03:48,ATL001,Atlanta - Hartsfield,33.6407,-84.4277,313,-11.1,12.0,-18.9,-18.9,61,978.9,1016.1,falling rapidly,18.3,172,S,19.6,39.9,29,,snow,0.0,35.0,3,0,0,Snow Showers,124,223,56.5,87.0,59.2,53.5,2.85,05:00,19:00,14,-16.1,11.9,4.48
2023-09-07,07:51,BWI001,Baltimore - Washington,39.1754,-76.6684,46,-4.9,23.2,-11.4,-19.5,27,1007.4,1012.9,falling,20.1,237,WSW,26.9,25.0,67,150,none,0.0,0.0,48,1.4,148.0,Overcast,104,146,36.4,51.3,81.4,25.7,1.02,05:00,19:00,14,-6.4,14.9,4.26
2023-09-07,08:47,SLC001,Salt Lake City - Intl,40.7884,-111.9778,1288,-8.2,17.2,-10.9,-21.6,33,867.6,1013.3,rising rapidly,5.0,72,ENE,5.0,23.2,44,,none,0.0,0.0,27,3.4,338.4,Mostly Cloudy,103,61,17.5,21.8,51.7,78.2,2.04,05:00,19:00,14,-11.3,59.4,2.87
2023-09-07,14:40,NYC001,New York - Central Park,40.7829,-73.9654,39,-2.3,27.9,-5.0,-9.9,62,1005.8,1010.5,rising rapidly,6.8,216,SW,20.8,25.9,41,1500,rain,13.3,0.0,41,7.8,775.1,Heavy Rain,112,57,13.2,20.7,60.0,20.9,2.03,05:00,19:00,14,-5.4,38.1,4.7
2023-09-07,17:06,MKE001,Milwaukee - Mitchell,42.9472,-87.8966,211,-9.9,14.2,-15.0,-21.9,40,973.1,997.9,steady,9.5,174,S,19.5,31.4,81,1500,snow,0.0,36.2,99,3.2,371.0,Blowing Snow,123,35,8.5,7.7,52.4,22.4,0.33,05:00,19:00,14,-12.9,22.2,3.17
2023-09-07,18:16,MCI001,Kansas City - Intl,39.2976,-94.7139,313,-6.6,20.1,-14.0,-11.8,74,974.1,1011.1,steady,22.5,69,ENE,28.1,34.0,52,6000,none,0.0,0.0,69,3.1,321.1,Mostly Cloudy,103,218,56.4,84.5,43.5,48.7,2.3,05:00,19:00,14,-8.5,25.1,3.92
2023-09-07,20:52,IND001,Indianapolis - Intl,39.7173,-86.2944,248,-8.7,16.3,-16.4,-24.9,19,992.8,1022.6,rising,20.9,275,W,23.9,9.0,10,,snow,0.0,11.2,35,0,0.0,Light Snow,120,202,48.0,83.5,83.2,75.8,0.9,05:00,19:00,14,-10.7,11.3,2.91
2023-09-08,02:06,BOS001,Boston - Logan,42.3656,-71.0096,9,-16.6,2.1,-21.8,-19.4,86,1015.4,1016.5,falling rapidly,7.1,232,SW,21.5,17.2,37,900,snow,0.0,26.1,9,0,0,Blowing Snow,123,283,71.9,113.3,36.7,45.8,2.12,05:00,19:00,14,-18.5,44.8,5.08
2023-09-08,08:59,ORD001,Chicago - O'Hare Area,41.9742,-87.9073,201,-3.8,25.2,-9.6,-13.8,50,985.7,1009.6,falling,17.3,175,S,34.0,0.8,77,9000,none,0.0,0.0,93,2.3,266.8,Mostly Clear,101,160,38.5,62.1,81.6,48.9,1.23,05:00,19:00,14,-6.9,46.1,2.39
2023-09-08,20:48,MSP001,Minneapolis - St Paul,44.8848,-93.2223,255,-16.2,2.8,-22.1,-24.6,58,992.4,1023.0,rising,8.7,129,SE,25.8,14.1,52,300,hail,13.0,0.0,92,0,0.0,Hail,140,83,20.6,35.6,41.1,79.1,0.77,05:00,19:00,14,-18.3,44.8,2.44
2023-09-08,21:27,CLE001,Cleveland - Hopkins,41.4117,-81.8498,245,-15.0,5.0,-20.5,-26.4,43,991.1,1020.5,falling,8.3,255,WSW,26.4,38.9,20,,none,0.0,0.0,2,0,0,Fog,105,100,26.8,48.3,10.4,25.8,1.87,05:00,19:00,14,-16.4,39.9,0.22
2023-09-08,22:11,IAH001,Houston - Hobby,29.6454,-95.2789,15,-3.5,25.7,-3.5,-3.7,99,1011.3,1013.1,falling rapidly,4.4,73,ENE,4.4,5.8,66,600,none,0.0,0.0,46,0,0,Mist,109,232,53.3,84.8,22.0,53.5,0.55,05:00,19:00,14,-5.2,19.6,1.98
2023-09-09,04:35,PHX001,Phoenix - Sky Harbor,33.4373,-112.0078,337,2.8,37.0,0.3,-11.4,29,975.1,1015.1,rising rapidly,9.0,165,SSE,33.4,7.4,49,600,none,0.0,0.0,16,0,0,Partly Cloudy,102,112,29.7,49.1,63.8,11.3,1.85,05:00,19:00,14,-0.4,41.2,0.04
2023-09-09,05:46,SEA001,Seattle - Sea-Tac,47.4502,-122.3088,137,-5.9,21.4,-5.9,-11.9,70,1014.1,1030.8,steady,3.7,137,SE,3.7,32.3,85,6000,snow,0.0,17.4,44,0,0,Heavy Snow,122,65,15.7,23.6,56.3,28.7,0.21,05:00,19:00,14,-8.2,14.0,4.12
2023-09-09,14:41,SFO001,San Francisco - Intl,37.6213,-122.379,4,-1.4,29.5,-5.9,-15.0,32,1018.9,1019.4,falling,14.0,297,WNW,29.4,21.9,31,,rain,36.5,0.0,80,8.5,823.8,Light Rain,110,22,3.7,1.5,42.5,35.2,0.38,05:00,19:00,14,-4.1,22.3,3.76
2023-09-09,19:57,MIA001,Miami - International,25.7959,-80.287,3,0.8,33.4,-3.6,-7.6,58,1017.3,1017.7,falling,16.0,195,SSW,33.3,19.5,30,,none,0.0,0.0,57,2.0,189.1,Fog,105,265,71.9,114.8,50.0,76.9,1.66,05:00,19:00,14,-2.6,21.9,3.87
2023-09-10,00:21,PHL001,Philadelphia - Intl,39.8729,-75.2437,9,-12.3,9.9,-17.3,-12.9,97,1012.3,1013.4,rising rapidly,8.3,82,E,20.5,16.2,31,150,snow,0.0,32.3,47,0,0,Blizzard,125,210,52.8,81.3,45.4,56.2,1.64,05:00,19:00,14,-14.4,37.7,3.15
2023-09-10,01:07,DEN001,Denver - Stapleton,39.7392,-104.9903,1609,-14.6,5.7,-21.3,-26.6,40,830.1,1008.5,rising,11.4,351,N,34.3,14.5,67,6000,sleet,6.6,0.0,23,0,0,Freezing Rain,131,238,56.1,92.4,69.8,47.4,0.79,05:00,19:00,14,-18.8,12.4,2.9
2023-09-18,13:16,PHL001,Philadelphia - Intl,39.8729,-75.2437,9,1.9,35.4,-1.8,-10.3,39,1005.4,1006.5,falling rapidly,13.4,109,ESE,32.2,26.8,65,600,none,0.0,0.0,4,6.2,675.0,Overcast,104,147,35.9,62.3,12.1,63.1,2.74,05:00,19:00,14,-0.4,33.3,3.19
2023-09-18,18:22,NYC001,New York - Central Park,40.7829,-73.9654,39,-6.0,21.2,-9.9,-11.8,71,1002.1,1006.8,rising rapidly,8.4,164,SSE,25.7,36.9,13,,none,0.0,0.0,35,4.4,405.7,Haze,106,237,59.1,94.4,57.6,57.2,0.24,05:00,19:00,14,-7.3,12.1,1.18
2023-09-18,18:51,HNL001,Honolulu - Intl,21.325,-157.925,4,9.9,49.8,7.7,-6.1,20,1024.2,1024.7,rising rapidly,16.1,168,SSE,21.7,19.9,25,,none,0.0,0.0,46,4.0,379.6,Haze,106,61,12.1,15.5,77.7,35.0,1.72,05:00,19:00,14,5.4,29.8,6.86
2023-09-18,18:56,SFO001,San Francisco - Intl,37.6213,-122.379,4,-10.4,13.3,-17.3,-27.4,15,1024.9,1025.4,rising rapidly,15.3,171,S,27.6,7.0,2,,none,0.0,0.0,34,4.7,429.5,Haze,106,128,32.6,53.4,81.6,65.4,0.96,05:00,19:00,14,-14.5,46.7,2.4
2023-09-18,19:02,SLC001,Salt Lake City - Intl,40.7884,-111.9778,1288,-13.5,7.7,-19.3,-15.7,89,854.8,998.4,falling,9.6,297,WNW,29.1,25.7,25,,snow,0.0,12.7,62,2.0,194.7,Moderate Snow,121,143,36.1,56.8,67.1,53.5,2.43,05:00,19:00,14,-17.4,30.3,3.9
2023-09-18,19:03,ANC001,Anchorage - Intl,61.1743,-149.9963,46,-16.9,1.6,-26.7,-21.1,79,1002.3,1007.8,falling,20.7,212,SSW,42.6,39.6,60,900,snow,0.0,33.9,30,1.5,155.8,Blowing Snow,123,158,39.7,63.3,20.5,29.2,0.42,05:00,19:00,14,-20.1,17.4,3.85
2023-09-19,00:47,ORD001,Chicago - O'Hare Area,41.9742,-87.9073,201,-17.7,0.1,-25.4,-31.1,33,986.6,1010.5,falling,12.5,246,WSW,25.4,14.7,32,300,none,0.0,0.0,31,0,0,Mostly Cloudy,103,111,33.0,55.8,74.7,9.5,2.88,05:00,19:00,14,-22.0,32.9,3.6
2023-09-19,01:28,TPA001,Tampa - Intl,27.9755,-82.5332,9,-0.6,30.9,-0.6,-11.8,44,1016.8,1017.9,falling rapidly,3.8,359,N,3.8,14.1,28,,sleet,53.5,0.0,73,0,0,Sleet,130,79,20.1,35.6,82.8,49.4,1.47,05:00,19:00,14,-3.5,29.7,3.24
2023-09-19,11:56,IAH001,Houston - Hobby,29.6454,-95.2789,15,3.5,38.3,-0.7,-11.7,24,1012.7,1014.5,rising,19.0,99,E,36.7,31.8,13,,none,0.0,0.0,18,9.1,842.4,Mostly Cloudy,103,184,45.0,73.5,30.5,9.2,2.81,05:00,19:00,14,0.5,52.7,5.18
2023-09-19,16:54,DTW001,Detroit - Metro Wayne,42.2162,-83.3554,195,-9.6,14.7,-17.2,-24.0,28,984.9,1008.0,falling,19.4,170,S,23.7,10.3,52,3000,snow,0.0,5.1,70,5.6,578.6,Moderate Snow,121,171,41.1,60.7,61.2,16.7,0.15,05:00,19:00,14,-12.4,43.0,1.25
2023-09-19,19:11,RDU001,Raleigh-Durham - Intl,35.8801,-78.788,132,-1.6,29.1,-5.9,-2.4,96,1004.0,1019.9,falling,12.6,123,ESE,17.4,35.7,82,150,hail,23.9,0.0,79,1.1,131.3,Hail,140,274,66.7,111.1,69.3,55.3,1.8,05:00,19:00,14,-5.9,51.2,2.54
2023-09-19,20:33,CLE001,Cleveland - Hopkins,41.4117,-81.8498,245,-9.4,15.1,-18.4,-21.4,40,995.7,1025.2,rising,27.7,4,N,50.7,36.3,71,9000,sleet,25.4,0.0,17,0,0.0,Freezing Rain,131,285,71.4,121.0,60.4,64.7,2.03,05:00,19:00,14,-12.8,20.8,3.9
2023-09-19,20:40,MSY001,New Orleans - Moisant,29.9934,-90.258,3,-7.7,18.1,-14.1,-14.5,66,1013.4,1013.8,falling,15.8,46,NE,19.7,2.7,81,3000,snow,0.0,5.6,81,0,0.0,Moderate Snow,121,286,75.9,123.8,30.2,43.0,2.72,05:00,19:00,14,-11.7,44.7,3.64
2023-09-20,06:26,ABQ001,Albuquerque - Intl Sunport,35.0402,-106.609,1619,-8.8,16.2,-13.7,-21.0,39,823.5,1001.7,falling rapidly,9.6,335,NNW,25.7,34.5,91,3000,snow,0.0,15.8,61,0,0.0,Snow Showers,124,152,33.6,48.4,74.6,22.2,0.67,05:00,19:00,14,-11.7,57.0,3.89
2023-09-20,11:19,PDX001,Portland - Intl,45.5898,-122.5951,9,-5.8,21.6,-14.5,-8.4,87,1010.0,1011.1,falling rapidly,33.6,98,E,49.4,29.1,39,600,snow,0.0,4.7,2,7.3,725.3,Moderate Snow,121,146,39.8,75.1,62.5,16.5,1.09,05:00,19:00,14,-7.4,19.9,1.97
2023-09-20,11:51,STL001,St Louis - Lambert,38.7487,-90.37,172,1.5,34.7,-3.2,-14.5,20,993.2,1013.7,falling rapidly,19.0,225,SW,38.6,29.2,94,600,rain,16.1,0.0,9,3.7,477.5,Heavy Rain,112,23,5.5,12.7,72.4,26.8,0.99,05:00,19:00,14,-1.2,35.3,2.55
2023-09-20,19:44,MSP001,Minneapolis - St Paul,44.8848,-93.2223,255,-14.3,6.3,-24.1,-27.9,32,988.4,1018.9,rising,24.1,219,SW,27.5,37.9,3,,snow,0.0,21.0,81,2.4,219.2,Moderate Snow,121,11,9.9,14.0,48.4,42.9,1.87,05:00,19:00,14,-15.3,8.7,1.21
2023-09-21,00:45,BWI001,Baltimore - Washington,39.1754,-76.6684,46,-10.8,12.6,-17.0,-19.4,57,1019.1,1024.7,falling rapidly,12.4,65,ENE,14.9,9.9,47,1500,none,0.0,0.0,5,0,0,Fog,105,284,67.8,112.4,74.2,7.9,1.9,05:00,19:00,14,-12.9,31.3,3.45
2023-09-21,06:54,BOS001,Boston - Logan,42.3656,-71.0096,9,-9.1,15.6,-9.1,-25.3,19,1018.3,1019.4,rising rapidly,0.5,282,WNW,0.5,5.6,37,3000,snow,0.0,1.9,42,0,0.0,Moderate Snow,121,19,3.7,9.0,42.5,74.2,2.58,05:00,19:00,14,-12.9,29.3,2.88
2023-09-22,01:47,MIA001,Miami - International,25.7959,-80.287,3,2.3,36.1,-0.2,-2.7,75,1009.7,1010.1,rising,8.4,181,S,32.7,1.0,67,150,none,0.0,0.0,22,0,0,Haze,106,179,41.8,63.4,34.3,17.8,0.63,05:00,19:00,14,-2.3,56.5,0
2023-09-22,06:44,IND001,Indianapolis - Intl,39.7173,-86.2944,248,-8.5,16.7,-16.9,-20.1,42,982.9,1012.4,rising rapidly,25.5,170,S,41.5,1.0,39,150,none,0.0,0.0,38,0,0.0,Mostly Cloudy,103,249,68.0,105.7,48.1,61.9,1.55,05:00,19:00,14,-11.5,12.0,7.15
2023-09-22,14:57,PHX001,Phoenix - Sky Harbor,33.4373,-112.0078,337,5.6,42.1,1.7,-5.0,47,969.6,1009.4,falling rapidly,21.4,278,W,32.9,18.8,13,,none,0.0,0.0,85,9.8,911.6,Smoke,107,279,70.3,121.1,21.7,26.6,1.7,05:00,19:00,14,0.6,33.4,0.23
2023-09-23,09:05,DFW001,Dallas - Fort Worth,32.8998,-97.0403,182,5.2,41.4,2.8,3.2,90,983.0,1004.5,rising,10.6,234,SW,18.2,0.2,0,,none,0.0,0.0,95,6.9,623.5,Haze,106,157,38.1,58.9,65.1,76.3,2.57,05:00,19:00,14,2.0,43.1,3.63
2023-09-23,15:37,MKE001,Milwaukee - Mitchell,42.9472,-87.8966,211,-8.9,16.0,-18.8,-20.5,42,986.9,1012.0,rising rapidly,35.7,31,NNE,52.1,27.3,72,1500,snow,0.0,38.3,71,5.2,576.6,Blizzard,125,50,11.7,24.8,59.7,29.4,1.82,05:00,19:00,14,-10.9,51.3,1.22
2023-09-23,16:34,LAX001,Los Angeles - Downtown,34.0522,-118.2437,71,-4.4,24.1,-8.8,-6.8,88,1011.4,1020.0,falling,10.8,154,SSE,18.0,3.1,12,,sleet,48.1,0.0,93,7.9,734.9,Sleet,130,299,70.6,115.0,81.6,28.7,1.96,05:00,19:00,14,-8.3,50.5,0.55
2023-09-23,18:32,ATL001,Atlanta - Hartsfield,33.6407,-84.4277,313,2.1,35.8,-1.6,-0.7,86,979.9,1017.2,steady,14.0,36,NE,25.8,25.3,60,9000,none,0.0,0.0,19,2.9,303.7,Overcast,104,240,62.4,100.4,46.9,45.9,1.5,05:00,19:00,14,1.0,34.2,1.12
2023-09-23,22:07,SEA001,Seattle - Sea-Tac,47.4502,-122.3088,137,-11.5,11.3,-20.1,-21.3,51,1004.4,1020.9,falling,22.0,17,NNE,28.0,32.2,10,,snow,0.0,23.8,94,0,0,Heavy Snow,122,75,18.8,26.9,40.4,70.6,2.36,05:00,19:00,14,-13.5,58.4,7.86
2023-09-24,05:09,LAS001,Las Vegas - McCarran,36.084,-115.1537,664,-9.3,15.3,-9.3,-20.7,43,936.6,1014.1,falling,2.8,242,WSW,2.8,36.5,4,,snow,0.0,33.2,100,0,0,Blowing Snow,123,149,32.4,49.9,44.0,77.6,1.12,05:00,19:00,14,-13.1,44.9,2.25
2023-09-24,11:36,MCI001,Kansas City - Intl,39.2976,-94.7139,313,2.9,37.2,2.9,0.5,88,964.5,1001.2,rising,3.3,20,NNE,3.3,3.8,25,,none,0.0,0.0,89,8.3,788.3,Clear,100,98,25.5,42.9,58.2,69.6,1.08,05:00,19:00,14,-1.1,35.7,2.69
2023-09-24,15:30,DEN001,Denver - Stapleton,39.7392,-104.9903,1609,-15.2,4.6,-26.6,-19.2,80,827.5,1005.4,falling,31.9,81,E,42.3,35.1,75,9000,snow,0.0,32.8,38,5.0,563.1,Snow Showers,124,141,33.3,51.7,11.5,8.2,2.52,05:00,19:00,14,-17.2,28.5,3.46
2023-10-03,19:04,MKE001,Milwaukee - Mitchell,42.9472,-87.8966,211,-0.1,31.8,-6.6,-5.3,74,979.8,1004.7,falling rapidly,30.1,309,NW,45.7,0.7,36,900,snow,0.0,23.8,20,1.9,182.5,Blizzard,125,126,34.3,52.0,89.8,71.6,1.62,06:00,18:00,12,-4.9,32.9,3.03
2023-10-03,22:48,RDU001,Raleigh-Durham - Intl,35.8801,-78.788,132,-4.6,23.7,-11.4,-6.8,89,999.6,1015.4,rising rapidly,22.2,167,SSE,45.4,29.2,94,9000,sleet,46.7,0.0,20,0,0,Ice Pellets,132,46,2.9,6.6,52.8,38.3,2.62,06:00,18:00,12,-5.9,43.6,6.09
2023-10-04,01:15,SLC001,Salt Lake City - Intl,40.7884,-111.9778,1288,-17.6,0.3,-28.9,-33.4,21,877.8,1025.2,steady,27.1,193,SSW,40.9,29.1,84,1500,snow,0.0,12.0,24,0,0,Blowing Snow,123,127,30.5,46.0,20.9,19.3,2.99,06:00,18:00,12,-19.5,45.6,3.05
2023-10-04,04:04,MSY001,New Orleans - Moisant,29.9934,-90.258,3,7.5,45.5,7.5,7.3,99,1008.1,1008.5,rising rapidly,1.8,15,NNE,1.8,36.4,0,,thunderstorm,6.8,0.0,68,0,0,Thunderstorm,150,160,36.8,66.4,72.5,56.4,2.24,06:00,18:00,12,5.7,18.3,4.26
2023-10-04,10:00,HNL001,Honolulu - Intl,21.325,-157.925,4,12.5,54.5,12.5,0.9,42,1001.3,1001.8,falling rapidly,27.7,109,ESE,43.6,33.9,52,1500,none,0.0,0.0,72,5.6,578.6,Partly Cloudy,102,290,70.2,114.2,67.5,54.2,0.93,06:00,18:00,12,11.0,56.1,0
2023-10-04,10:18,NYC001,New York - Central Park,40.7829,-73.9654,39,10.9,51.6,10.9,-0.7,42,1010.3,1015.0,falling,12.3,341,NNW,37.2,33.2,36,300,none,0.0,0.0,99,6.5,641.1,Overcast,104,151,36.6,64.8,18.4,68.1,2.28,06:00,18:00,12,8.4,10.3,2.97
2023-10-04,14:38,SFO001,San Francisco - Intl,37.6213,-122.379,4,8.7,47.7,6.9,1.7,65,1016.5,1017.0,steady,11.1,319,NW,17.1,19.5,6,,none,0.0,0.0,69,10.3,945.7,Haze,106,162,34.8,56.8,27.9,55.4,1.01,06:00,18:00,12,6.1,13.4,5.69
2023-10-04,16:08,LAX001,Los Angeles - Downtown,34.0522,-118.2437,71,6.6,43.9,2.1,-3.8,48,996.0,1004.4,rising rapidly,31.1,169,S,53.6,24.9,51,3000,rain,24.9,0.0,61,5.7,582.5,Moderate Rain,111,37,9.7,13.1,83.2,37.8,0.59,06:00,18:00,12,1.8,25.1,5.8
2023-10-04,16:26,PHX001,Phoenix - Sky Harbor,33.4373,-112.0078,337,5.7,42.3,2.3,-5.5,44,953.5,992.6,falling,17.5,350,N,32.8,22.3,88,900,none,0.0,0.0,53,3.6,437.8,Haze,106,48,14.2,31.8,35.8,61.6,2.23,06:00,18:00,12,2.8,7.5,5.22
2023-10-04,16:58,CLE001,Cleveland - Hopkins,41.4117,-81.8498,245,-2.8,27.0,-7.2,-11.0,59,983.2,1012.3,rising,12.1,311,NW,18.3,12.6,24,,sleet,27.9,0.0,15,7.2,688.0,Freezing Rain,131,271,68.4,109.4,47.9,61.3,0.35,06:00,18:00,12,-4.5,10.8,2.31
2023-10-04,19:30,IND001,Indianapolis - Intl,39.7173,-86.2944,248,-2.3,27.9,-7.0,-15.5,34,984.3,1013.8,falling,13.9,169,S,26.1,2.1,1,,none,0.0,0.0,10,2.4,221.4,Smoke,107,40,8.5,12.0,53.8,37.4,0.17,06:00,18:00,12,-6.6,23.7,2.5
2023-10-05,00:10,DEN001,Denver - Stapleton,39.7392,-104.9903,1609,-10.8,12.6,-17.8,-21.8,45,838.5,1018.7,falling rapidly,15.4,334,NNW,23.4,37.4,79,3000,snow,0.0,36.2,6,0,0,Blowing Snow,123,117,35.3,55.2,77.8,71.2,0.35,06:00,18:00,12,-14.0,45.8,4.14
2023-10-05,04:00,DTW001,Detroit - Metro Wayne,42.2162,-83.3554,195,2.2,36.0,-2.6,1.8,98,980.3,1003.3,falling,21.1,297,WNW,37.5,28.5,69,600,none,0.0,0.0,92,0,0,Smoke,107,20,0.5,0.1,67.0,64.0,0.3,06:00,18:00,12,-0.4,57.0,4.45
2023-10-05,10:09,ABQ001,Albuquerque - Intl Sunport,35.0402,-106.609,1619,-2.2,28.0,-7.1,-15.4,34,827.0,1006.0,steady,15.1,99,E,23.7,10.9,60,9000,sleet,57.6,0.0,75,5.2,547.3,Freezing Rain,131,85,24.4,36.2,61.8,79.6,2.47,06:00,18:00,12,-6.7,23.6,0.85
2023-10-05,20:51,PDX001,Portland - Intl,45.5898,-122.5951,9,-3.0,26.6,-7.3,-14.4,43,1001.7,1002.8,rising,11.6,139,SE,31.5,15.1,23,,sleet,49.5,0.0,18,0,0.0,Freezing Rain,131,85,21.0,26.0,48.4,27.0,2.62,06:00,18:00,12,-5.9,23.2,3.01
2023-10-05,23:33,LAS001,Las Vegas - McCarran,36.084,-115.1537,664,-3.7,25.3,-7.1,-6.3,87,928.8,1005.6,rising,8.0,342,NNW,15.6,10.8,30,,hail,38.5,0.0,73,0,0,Small Hail,142,300,71.8,119.0,35.3,73.6,2.59,06:00,18:00,12,-6.0,41.9,6.2
2023-10-06,10:14,BOS001,Boston - Logan,42.3656,-71.0096,9,3.7,38.7,1.4,1.9,91,1002.3,1003.4,falling,8.9,227,SW,13.0,17.7,33,150,none,0.0,0.0,56,6.7,652.8,Overcast,104,280,75.3,122.6,81.8,6.0,1.77,06:00,18:00,12,2.4,39.5,1.35
2023-10-06,16:45,IAH001,Houston - Hobby,29.6454,-95.2789,15,8.8,47.8,5.3,-6.8,22,1006.7,1008.5,falling,25.9,304,NW,41.8,14.7,75,900,thunderstorm,28.1,0.0,92,4.3,488.6,Thunderstorm with Hail,152,156,38.3,62.1,51.9,26.3,0.8,06:00,18:00,12,5.8,25.0,8.64
2023-10-06,18:51,STL001,St Louis - Lambert,38.7487,-90.37,172,3.6,38.5,-1.3,0.4,84,980.8,1001.1,rising rapidly,24.8,70,ENE,39.5,31.0,62,300,none,0.0,0.0,100,2.8,299.4,Mostly Clear,101,82,17.4,31.8,82.4,77.9,1.18,06:00,18:00,12,0.2,59.8,2.77
2023-10-07,04:15,SEA001,Seattle - Sea-Tac,47.4502,-122.3088,137,-7.6,18.3,-14.1,-23.0,23,988.9,1005.2,falling,16.4,265,W,16.6,23.5,51,900,snow,0.0,33.4,3,0,0,Light Snow,120,198,47.2,80.6,86.0,53.8,0.58,06:00,18:00,12,-8.7,47.1,4.41
2023-10-07,12:09,BWI001,Baltimore - Washington,39.1754,-76.6684,46,11.6,52.9,11.6,2.8,56,1000.8,1006.3,rising,10.0,153,SSE,20.6,13.2,62,1500,none,0.0,0.0,22,6.3,672.7,Partly Cloudy,102,233,53.4,89.5,28.2,57.4,3.0,06:00,18:00,12,7.3,57.4,1.76
2023-10-07,13:40,ATL001,Atlanta - Hartsfield,33.6407,-84.4277,313,6.0,42.8,6.0,5.6,98,977.0,1014.1,falling,3.9,200,SSW,3.9,21.6,39,,none,0.0,0.0,55,8.1,805.0,Fog,105,28,8.7,16.8,15.1,5.7,1.33,06:00,18:00,12,2.9,23.9,2.46
2023-10-07,17:47,TPA001,Tampa - Intl,27.9755,-82.5332,9,12.1,53.8,12.1,2.5,52,1013.7,1014.8,steady,23.9,18,NNE,34.1,2.1,65,1500,none,0.0,0.0,67,3.9,420.9,Dust,108,252,56.2,85.2,57.5,52.2,2.78,06:00,18:00,12,10.3,29.7,0.8
2023-10-07,19:43,DFW001,Dallas - Fort Worth,32.8998,-97.0403,182,3.9,39.0,2.6,-3.5,63,1006.9,1028.9,falling rapidly,5.7,266,W,24.0,28.1,65,300,none,0.0,0.0,43,1.4,150.2,Fog,105,19,2.2,8.6,77.6,42.6,0.22,06:00,18:00,12,1.8,51.7,0.56
2023-10-07,19:57,MIA001,Miami - International,25.7959,-80.287,3,9.1,48.4,6.9,-6.1,24,1014.2,1014.6,rising rapidly,14.4,174,S,32.3,32.7,11,,none,0.0,0.0,27,2.3,210.3,Fog,105,40,7.8,15.5,20.1,17.5,2.47,06:00,18:00,12,4.7,35.0,0
2023-10-08,01:37,MCI001,Kansas City - Intl,39.2976,-94.7139,313,-3.1,26.4,-10.8,-18.7,22,964.9,1001.6,falling,32.1,115,ESE,39.4,37.7,34,9000,none,0.0,0.0,24,0,0,Haze,106,102,29.2,41.8,78.6,29.1,0.46,06:00,18:00,12,-8.0,8.9,1.75
2023-10-08,02:59,PHL001,Philadelphia - Intl,39.8729,-75.2437,9,-2.2,28.0,-6.3,-11.0,56,1021.2,1022.3,rising rapidly,11.3,33,NNE,30.8,22.9,99,,sleet,33.8,0.0,18,0,0,Freezing Rain,131,151,39.0,66.0,61.1,47.8,0.17,06:00,18:00,12,-6.2,42.5,0
2023-10-08,12:00,ORD001,Chicago - O'Hare Area,41.9742,-87.9073,201,-1.0,30.2,-7.9,-12.4,43,1001.2,1025.4,falling rapidly,30.9,190,S,53.5,25.6,20,,none,0.0,0.0,61,9.3,877.4,Mist,109,81,24.1,35.9,52.7,59.5,1.69,06:00,18:00,12,-4.8,14.1,0.37
2023-10-08,14:24,ANC001,Anchorage - Intl,61.1743,-149.9963,46,-5.0,23.0,-9.4,-15.4,48,1019.4,1025.0,falling rapidly,10.4,163,SSE,25.9,17.0,100,900,none,0.0,0.0,5,3.6,487.5,Mostly Cloudy,103,266,67.7,105.9,87.6,79.5,0.51,06:00,18:00,12,-9.5,12.7,4.43
2023-10-08,17:09,MSP001,Minneapolis - St Paul,44.8848,-93.2223,255,-2.8,27.0,-8.9,-17.0,29,984.6,1015.0,falling,20.6,266,W,25.8,2.2,16,,sleet,45.3,0.0,56,6.1,573.6,Ice Storm,133,228,61.7,100.6,53.6,21.8,1.86,06:00,18:00,12,-7.5,51.2,1.15
2023-10-17,06:20,SLC001,Salt Lake City - Intl,40.7884,-111.9778,1288,-3.4,25.9,-8.2,-4.6,94,877.0,1024.3,falling,13.0,186,S,15.9,28.5,88,600,none,0.0,0.0,39,0,0.0,Partly Cloudy,102,29,6.0,8.3,75.7,72.3,0.39,06:00,18:00,12,-7.8,33.9,4.56
2023-10-17,11:00,ORD001,Chicago - O'Hare Area,41.9742,-87.9073,201,3.2,37.8,3.2,-12.2,23,994.2,1018.3,rising rapidly,1.2,296,WNW,1.2,26.7,92,300,none,0.0,0.0,2,3.8,486.5,Overcast,104,82,21.0,29.7,68.1,15.4,2.1,06:00,18:00,12,-0.1,23.3,2.54
2023-10-17,13:18,PHL001,Philadelphia - Intl,39.8729,-75.2437,9,12.6,54.7,12.6,12.0,97,1014.5,1015.6,falling,2.1,148,SSE,2.1,30.9,57,150,rain,36.1,0.0,92,6.8,715.0,Moderate Rain,111,70,20.0,30.6,72.4,48.0,0.59,06:00,18:00,12,11.0,59.6,3.49
2023-10-17,16:12,IND001,Indianapolis - Intl,39.7173,-86.2944,248,-1.4,29.5,-6.5,-16.8,23,977.3,1006.6,steady,17.0,58,ENE,18.5,17.6,87,1500,snow,0.0,34.8,25,3.6,441.7,Blowing Snow,123,270,65.8,105.9,89.5,15.2,2.67,06:00,18:00,12,-5.2,53.4,1.32
2023-10-17,20:48,HNL001,Honolulu - Intl,21.325,-157.925,4,8.3,46.9,7.7,-7.9,19,997.8,998.3,rising rapidly,5.3,83,E,26.2,22.6,90,300,none,0.0,0.0,91,0,0.0,Haze,106,157,37.8,64.3,18.9,20.7,2.74,06:00,18:00,12,6.4,23.9,1.63
2023-10-17,23:41,ANC001,Anchorage - Intl,61.1743,-149.9963,46,-17.7,0.1,-27.4,-34.7,15,1020.0,1025.6,falling,19.3,82,E,40.9,20.1,4,,snow,0.0,33.2,10,0,0,Blowing Snow,123,221,57.6,92.0,73.4,66.5,0.23,06:00,18:00,12,-22.4,7.3,1.69
2023-10-17,23:49,ABQ001,Albuquerque - Intl Sunport,35.0402,-106.609,1619,-9.0,15.8,-15.7,-19.0,50,829.2,1008.7,steady,15.7,18,NNE,29.8,9.8,28,,sleet,59.6,0.0,29,0,0,Ice Pellets,132,147,36.5,61.2,77.7,20.0,0.41,06:00,18:00,12,-10.1,41.2,3.98
2023-10-18,00:24,MKE001,Milwaukee - Mitchell,42.9472,-87.8966,211,-6.7,19.9,-11.9,-15.5,56,996.6,1022.0,falling rapidly,11.9,356,N,27.2,25.9,71,900,thunderstorm,31.4,0.0,23,0,0,Severe Thunderstorm,151,201,47.8,82.3,36.4,78.5,0.6,06:00,18:00,12,-10.6,20.4,2.42
2023-10-18,05:29,DTW001,Detroit - Metro Wayne,42.2162,-83.3554,195,-8.6,16.5,-15.7,-24.4,21,991.5,1014.8,rising rapidly,17.8,18,NNE,18.0,31.0,65,9000,none,0.0,0.0,65,0,0,Dust,108,288,72.9,118.2,89.1,30.2,0.92,06:00,18:00,12,-11.2,16.1,2.17
2023-10-18,06:48,DEN001,Denver - Stapleton,39.7392,-104.9903,1609,-4.5,23.9,-10.2,-17.3,36,833.9,1013.1,rising rapidly,16.2,248,WSW,17.8,18.4,22,,none,0.0,0.0,47,0,0.0,Haze,106,26,5.4,8.7,88.5,29.8,0.42,06:00,18:00,12,-9.0,54.3,1.16
2023-10-18,09:03,BOS001,Boston - Logan,42.3656,-71.0096,9,6.7,44.1,5.3,-0.5,64,993.6,994.7,steady,7.3,206,SSW,21.8,24.9,99,9000,none,0.0,0.0,34,2.3,314.9,Mostly Cloudy,103,70,18.1,25.2,31.1,65.3,2.05,06:00,18:00,12,4.4,47.9,1.78
2023-10-18,10:32,MSY001,New Orleans - Moisant,29.9934,-90.258,3,15.9,60.6,15.9,3.3,37,1011.6,1012.0,falling rapidly,7.0,156,SSE,21.7,20.5,5,,none,0.0,0.0,29,8.3,762.3,Clear,100,237,63.4,102.4,61.2,77.2,0.45,06:00,18:00,12,12.5,26.9,4.66
2023-10-18,15:54,PDX001,Portland - Intl,45.5898,-122.5951,9,7.0,44.6,7.0,-1.0,60,1017.7,1018.8,steady,1.1,73,ENE,1.1,14.4,74,300,none,0.0,0.0,13,5.0,567.6,Dust,108,60,14.3,27.5,61.2,59.7,2.47,06:00,18:00,12,2.3,46.4,2.08
2023-10-19,03:16,CLE001,Cleveland - Hopkins,41.4117,-81.8498,245,-4.4,24.1,-11.9,-16.0,42,969.3,998.0,rising rapidly,27.8,224,SW,30.6,1.0,67,600,sleet,3.8,0.0,74,0,0,Sleet,130,76,15.5,22.5,59.3,35.3,1.97,06:00,18:00,12,-8.9,17.1,1.47
2023-10-19,08:50,STL001,St Louis - Lambert,38.7487,-90.37,172,5.5,41.9,5.5,-4.1,52,999.7,1020.4,falling,3.7,209,SSW,3.7,6.7,98,600,none,0.0,0.0,69,1.7,221.3,Overcast,104,29,2.1,1.3,35.7,52.9,0.24,06:00,18:00,12,2.0,28.9,1.96
2023-10-19,11:44,ATL001,Atlanta - Hartsfield,33.6407,-84.4277,313,10.1,50.2,10.1,1.3,56,988.8,1026.4,rising rapidly,23.7,47,NE,40.3,6.6,29,,none,0.0,0.0,73,8.0,770.3,Mostly Clear,101,73,16.4,25.2,69.3,49.1,0.36,06:00,18:00,12,8.0,42.5,0.15
2023-10-19,19:50,IAH001,Houston - Hobby,29.6454,-95.2789,15,7.1,44.8,3.4,-9.3,18,1005.7,1007.5,falling,23.1,93,E,36.2,8.6,73,6000,none,0.0,0.0,23,1.3,141.3,Fog,105,86,25.2,39.6,31.4,70.3,2.79,06:00,18:00,12,3.6,40.1,3.28
2023-10-19,21:01,MSP001,Minneapolis - St Paul,44.8848,-93.2223,255,-10.2,13.6,-14.8,-25.4,24,985.6,1016.0,steady,8.3,77,ENE,28.5,18.5,9,,none,0.0,0.0,3,0,0,Partly Cloudy,102,124,36.7,60.5,58.3,45.4,1.48,06:00,18:00,12,-13.5,18.9,4.26
2023-10-19,23:20,SEA001,Seattle - Sea-Tac,47.4502,-122.3088,137,-8.1,17.4,-13.9,-19.3,44,1018.7,1035.4,falling rapidly,12.9,300,WNW,26.3,1.9,70,600,snow,0.0,28.2,5,0,0,Blizzard,125,12,1.5,9.7,76.3,27.3,1.03,06:00,18:00,12,-9.3,7.8,1.97
2023-10-20,05:29,TPA001,Tampa - Intl,27.9755,-82.5332,9,6.1,43.0,2.5,-5.3,43,1005.9,1007.0,falling,19.9,28,NNE,22.7,3.0,85,3000,none,0.0,0.0,65,0,0,Haze,106,289,75.5,124.7,75.1,41.3,1.53,06:00,18:00,12,5.0,43.0,4.36
2023-10-20,14:02,LAS001,Las Vegas - McCarran,36.084,-115.1537,664,-0.5,31.1,-3.8,-13.5,35,933.1,1010.3,falling,9.5,353,N,20.3,2.9,78,1500,snow,0.0,18.7,93,5.1,594.7,Snow Showers,124,114,32.2,49.7,43.6,78.1,2.24,06:00,18:00,12,-4.6,7.6,1.75
2023-10-21,11:52,LAX001,Los Angeles - Downtown,34.0522,-118.2437,71,13.7,56.7,13.7,4.9,56,998.4,1006.9,falling,21.0,206,SSW,29.8,2.9,33,300,none,0.0,0.0,34,7.7,752.3,Clear,100,138,36.2,53.7,58.9,62.8,0.72,06:00,18:00,12,10.5,53.0,3.61
2023-10-22,00:17,RDU001,Raleigh-Durham - Intl,35.8801,-78.788,132,-3.0,26.6,-9.1,-19.8,16,1000.8,1016.6,falling rapidly,20.2,278,W,40.9,14.7,97,900,snow,0.0,4.9,39,0,0,Heavy Snow,122,228,53.3,79.8,14.1,28.1,2.6,06:00,18:00,12,-5.4,33.5,6.71
2023-10-22,04:26,SFO001,San Francisco - Intl,37.6213,-122.379,4,0.2,32.4,-4.7,-0.2,98,1009.9,1010.4,rising,18.0,288,WNW,36.8,5.8,96,3000,none,0.0,0.0,31,0,0,Mostly Cloudy,103,107,27.1,38.9,84.3,35.3,0.9,06:00,18:00,12,-3.4,15.1,4.92
2023-10-22,12:03,DFW001,Dallas - Fort Worth,32.8998,-97.0403,182,10.5,50.9,10.5,-6.5,15,982.7,1004.2,rising rapidly,45.3,8,N,54.6,36.1,74,6000,none,0.0,0.0,53,5.4,614.2,Dust,108,96,26.2,35.7,17.8,25.8,2.61,06:00,18:00,12,7.6,30.8,4.84
2023-10-22,13:07,MIA001,Miami - International,25.7959,-80.287,3,11.6,52.9,11.6,1.6,50,1012.5,1012.9,falling,15.7,262,W,17.8,9.3,79,,rain,7.2,0.0,70,5.2,605.0,Rain Showers,114,131,28.7,42.9,15.5,78.8,0.79,06:00,18:00,12,9.3,42.2,5.86
2023-10-22,16:56,MCI001,Kansas City - Intl,39.2976,-94.7139,313,2.0,35.6,-1.6,-7.6,52,975.3,1012.4,steady,13.2,353,N,26.1,10.1,42,,none,0.0,0.0,71,6.2,617.6,Haze,106,49,9.1,12.5,61.0,19.6,1.94,06:00,18:00,12,-1.8,34.8,4.89
2023-10-23,02:05,NYC001,New York - Central Park,40.7829,-73.9654,39,-0.7,30.7,-5.2,-10.7,50,998.2,1002.8,rising,14.8,17,NNE,21.1,15.8,37,6000,sleet,49.7,0.0,32,0,0,Ice Pellets,132,261,59.6,95.3,32.7,19.3,1.58,06:00,18:00,12,-4.9,17.6,4.28
2023-10-23,04:04,BWI001,Baltimore - Washington,39.1754,-76.6684,46,1.7,35.1,-0.3,-8.9,47,1000.1,1005.6,falling,6.5,59,ENE,7.7,37.0,6,,sleet,7.8,0.0,18,0,0,Ice Storm,133,46,13.4,20.1,46.9,71.5,2.57,06:00,18:00,12,-2.3,56.1,3.16
2023-10-23,05:14,PHX001,Phoenix - Sky Harbor,33.4373,-112.0078,337,5.9,42.6,1.1,1.9,80,976.6,1016.6,rising,31.6,62,ENE,46.3,34.4,27,,thunderstorm,58.9,0.0,87,0,0,Derecho,153,93,24.6,42.2,55.9,39.4,2.67,06:00,18:00,12,4.0,10.2,3.14
2023-11-01,00:06,DFW001,Dallas - Fort Worth,32.8998,-97.0403,182,2.6,36.7,-2.4,-3.6,69,987.4,1009.0,falling,23.8,173,S,28.9,3.1,85,300,none,0.0,0.0,54,0,0,Overcast,104,28,4.1,7.9,40.4,13.9,0.43,07:00,17:00,10,-1.4,44.7,2.41
2023-11-01,07:53,IAH001,Houston - Hobby,29.6454,-95.2789,15,6.3,43.3,3.7,-8.5,26,1017.2,1019.0,falling rapidly,12.6,338,NNW,23.3,9.9,53,600,none,0.0,0.0,61,1.6,163.6,Clear,100,94,25.0,48.4,51.2,65.7,2.85,07:00,17:00,10,5.3,46.1,2.69
2023-11-01,14:16,SEA001,Seattle - Sea-Tac,47.4502,-122.3088,137,13.3,55.9,13.3,0.7,37,1010.4,1027.0,rising,29.8,350,N,40.2,2.1,67,9000,rain,29.8,0.0,96,5.9,648.3,Rain Showers,114,262,64.1,92.9,32.2,56.8,1.94,07:00,17:00,10,11.1,38.1,2.02
2023-11-01,19:08,LAS001,Las Vegas - McCarran,36.084,-115.1537,664,2.7,36.9,2.7,-11.3,30,944.5,1022.6,rising rapidly,4.0,243,WSW,4.0,8.6,50,600,none,0.0,0.0,13,1.6,166.9,Haze,106,180,42.1,59.4,83.4,14.1,0.94,07:00,17:00,10,0.3,38.4,2.52
2023-11-01,20:40,CLE001,Cleveland - Hopkins,41.4117,-81.8498,245,5.7,42.3,2.2,4.1,92,991.1,1020.4,falling,17.6,262,W,25.9,1.2,50,,none,0.0,0.0,79,0,0.0,Dust,108,211,50.3,87.4,32.8,44.2,2.85,07:00,17:00,10,3.1,19.1,2.83
2023-11-01,21:46,SLC001,Salt Lake City - Intl,40.7884,-111.9778,1288,-5.2,22.6,-5.2,-14.4,54,873.4,1020.1,rising,3.8,47,NE,3.8,2.8,70,6000,snow,0.0,35.0,59,0,0,Blizzard,125,141,35.2,58.1,55.4,22.7,0.42,07:00,17:00,10,-7.0,47.2,3.04
2023-11-01,23:44,MKE001,Milwaukee - Mitchell,42.9472,-87.8966,211,4.6,40.3,2.5,-1.6,69,997.7,1023.1,falling rapidly,8.7,68,ENE,23.2,4.0,41,,none,0.0,0.0,61,0,0,Partly Cloudy,102,215,54.2,88.5,73.9,51.3,0.3,07:00,17:00,10,2.1,38.6,7.63
2023-11-02,04:07,HNL001,Honolulu - Intl,21.325,-157.925,4,16.5,61.7,16.5,10.1,68,1008.0,1008.5,steady,19.8,247,WSW,37.7,6.7,36,9000,none,0.0,0.0,8,0,0,Mostly Cloudy,103,190,47.0,73.0,85.4,5.9,1.09,07:00,17:00,10,15.2,55.8,2.98
2023-11-02,05:44,ABQ001,Albuquerque - Intl Sunport,35.0402,-106.609,1619,-7.2,19.0,-14.3,-23.2,20,841.1,1023.2,falling rapidly,20.0,354,N,23.3,39.6,28,,rain,59.0,0.0,81,0,0,Light Rain,110,91,24.2,35.6,39.9,51.6,0.96,07:00,17:00,10,-12.0,43.3,1.86
2023-11-02,11:38,TPA001,Tampa - Intl,27.9755,-82.5332,9,20.1,68.2,20.1,15.5,77,1013.3,1014.4,rising rapidly,18.3,311,NW,29.3,25.2,87,9000,none,0.0,0.0,61,4.2,509.0,Mist,109,235,57.2,88.9,20.4,11.4,1.64,07:00,17:00,10,18.3,52.5,1.34
2023-11-02,11:46,RDU001,Raleigh-Durham - Intl,35.8801,-78.788,132,8.4,47.1,5.7,-7.4,21,991.1,1006.8,steady,16.6,302,WNW,31.5,17.4,82,900,none,0.0,0.0,75,4.5,531.6,Haze,106,103,30.4,47.2,81.1,55.8,2.71,07:00,17:00,10,6.9,9.5,4.49
2023-11-03,09:52,IND001,Indianapolis - Intl,39.7173,-86.2944,248,9.3,48.7,7.3,8.3,95,989.6,1019.3,falling rapidly,13.1,331,NNW,34.2,24.5,86,150,none,0.0,0.0,88,2.9,355.4,Fog,105,214,58.4,86.9,66.2,27.4,0.92,07:00,17:00,10,5.0,27.5,5.71
2023-11-03,12:58,BWI001,Baltimore - Washington,39.1754,-76.6684,46,10.8,51.4,10.8,-0.8,42,1004.4,1009.9,falling,12.3,215,SW,33.4,24.9,0,,rain,7.7,0.0,57,10.7,974.9,Freezing Drizzle,115,292,67.3,108.8,59.9,36.3,0.15,07:00,17:00,10,5.9,57.2,6.96
2023-11-03,17:02,PHX001,Phoenix - Sky Harbor,33.4373,-112.0078,337,11.3,52.3,11.3,6.1,74,975.3,1015.3,rising rapidly,13.2,208,SSW,19.0,12.2,55,1500,none,0.0,0.0,60,4.3,452.0,Smoke,107,61,11.5,17.4,79.0,18.0,2.88,07:00,17:00,10,7.9,11.3,6.06
2023-11-03,18:56,MSP001,Minneapolis - St Paul,44.8848,-93.2223,255,0.4,32.7,-5.8,-2.6,85,992.1,1022.7,rising rapidly,28.7,237,WSW,33.7,32.9,47,600,rain,41.2,0.0,64,3.3,331.9,Moderate Rain,111,150,37.3,49.2,66.3,32.9,2.28,07:00,17:00,10,-4.3,54.9,2.09
2023-11-04,06:50,MSY001,New Orleans - Moisant,29.9934,-90.258,3,13.8,56.8,13.8,12.4,93,1010.0,1010.4,falling rapidly,14.6,148,SSE,23.8,16.1,96,150,none,0.0,0.0,40,0,0.0,Fog,105,158,42.7,68.1,71.7,22.0,2.69,07:00,17:00,10,11.4,25.0,5.31
2023-11-04,07:19,NYC001,New York - Central Park,40.7829,-73.9654,39,2.0,35.6,-1.5,-0.4,88,1003.8,1008.5,rising,12.7,172,S,27.2,3.5,54,150,none,0.0,0.0,13,1.6,162.4,Overcast,104,47,6.9,19.1,17.0,23.1,0.66,07:00,17:00,10,0.4,19.2,3.12
2023-11-04,16:03,ORD001,Chicago - O'Hare Area,41.9742,-87.9073,201,4.6,40.3,3.4,1.8,86,982.8,1006.6,steady,5.5,157,SSE,27.2,36.2,48,,rain,52.6,0.0,52,5.8,594.2,Freezing Drizzle,115,169,41.4,69.7,67.9,76.1,0.97,07:00,17:00,10,2.8,37.6,3.29
2023-11-04,20:28,STL001,St Louis - Lambert,38.7487,-90.37,172,4.8,40.6,1.2,-10.2,25,998.7,1019.4,falling rapidly,17.3,144,SE,40.1,27.1,41,300,none,0.0,0.0,21,0,0.0,Smoke,107,48,10.3,10.5,24.3,34.5,1.45,07:00,17:00,10,3.7,21.5,2.01
2023-11-05,01:23,ANC001,Anchorage - Intl,61.1743,-149.9963,46,-7.6,18.3,-15.5,-20.8,34,1019.0,1024.6,steady,23.8,127,SE,38.7,28.0,90,150,none,0.0,0.0,40,0,0,Dust,108,115,29.6,50.8,70.0,38.1,1.43,07:00,17:00,10,-9.7,14.1,1.77
2023-11-05,01:44,DEN001,Denver - Stapleton,39.7392,-104.9903,1609,-6.1,21.0,-6.1,-20.5,28,836.0,1015.7,falling rapidly,4.3,304,NW,4.3,15.2,2,,snow,0.0,1.7,20,0,0,Snow Showers,124,18,11.4,15.1,43.6,25.2,0.24,07:00,17:00,10,-10.7,23.5,4.22
2023-11-05,10:35,BOS001,Boston - Logan,42.3656,-71.0096,9,12.4,54.3,12.4,-1.4,31,1011.8,1012.9,steady,22.7,345,NNW,25.6,11.0,8,,none,0.0,0.0,55,8.1,750.6,Haze,106,145,35.4,56.3,86.4,53.8,1.45,07:00,17:00,10,8.4,37.2,6.53
2023-11-06,00:48,PHL001,Philadelphia - Intl,39.8729,-75.2437,9,-0.7,30.7,-5.3,-15.7,25,997.7,998.8,falling,15.2,8,N,34.1,11.7,46,300,snow,0.0,35.6,23,0,0,Heavy Snow,122,8,6.6,10.4,86.8,40.4,2.77,07:00,17:00,10,-5.2,54.5,2.79
2023-11-06,02:57,DTW001,Detroit - Metro Wayne,42.2162,-83.3554,195,1.5,34.7,-3.6,-10.7,39,976.7,999.6,steady,21.6,163,SSE,46.0,33.2,5,,rain,51.8,0.0,27,0,0,Light Rain,110,34,10.0,20.5,68.0,60.9,1.83,07:00,17:00,10,-2.3,26.7,3.52
2023-11-06,07:02,MCI001,Kansas City - Intl,39.2976,-94.7139,313,8.0,46.4,7.2,-7.8,21,977.1,1014.2,falling rapidly,6.0,320,NW,26.2,25.5,78,6000,none,0.0,0.0,5,1.2,135.7,Mostly Cloudy,103,220,58.4,98.1,21.2,7.4,2.08,07:00,17:00,10,6.0,42.6,3.83
2023-11-06,08:42,LAX001,Los Angeles - Downtown,34.0522,-118.2437,71,12.3,54.1,12.3,-4.5,16,1006.4,1014.9,falling rapidly,4.4,93,E,4.4,25.8,70,150,none,0.0,0.0,40,2.5,282.0,Smoke,107,289,68.2,117.5,78.1,27.2,0.6,07:00,17:00,10,8.4,10.3,2.79
2023-11-06,09:32,SFO001,San Francisco - Intl,37.6213,-122.379,4,14.2,57.6,14.2,2.2,40,1012.0,1012.5,rising rapidly,13.0,180,S,18.3,9.7,74,3000,none,0.0,0.0,32,3.5,392.8,Partly Cloudy,102,258,69.5,107.4,63.9,58.8,0.22,07:00,17:00,10,11.1,57.3,0.95
2023-11-06,14:48,MIA001,Miami - International,25.7959,-80.287,3,18.2,64.8,18.2,5.6,37,1016.5,1016.9,steady,19.9,202,SSW,25.4,36.0,72,300,none,0.0,0.0,91,5.6,624.0,Smoke,107,137,34.6,56.6,44.3,15.9,0.22,07:00,17:00,10,16.4,52.2,2.24
2023-11-06,15:07,PDX001,Portland - Intl,45.5898,-122.5951,9,7.8,46.0,4.6,3.0,76,1016.7,1017.8,steady,20.2,192,SSW,40.3,14.5,5,,none,0.0,0.0,75,9.6,878.4,Mist,109,230,57.0,87.4,79.0,63.2,1.28,07:00,17:00,10,5.7,57.4,4.62
2023-11-07,05:42,ATL001,Atlanta - Hartsfield,33.6407,-84.4277,313,4.6,40.3,0.1,-2.6,64,969.3,1006.1,rising,23.7,92,E,37.9,35.8,38,3000,rain,53.7,0.0,46,0,0,Drizzle,113,10,5.5,9.6,59.0,79.0,0.58,07:00,17:00,10,0.9,24.7,0
2023-11-15,19:04,HNL001,Honolulu - Intl,21.325,-157.925,4,10.5,50.9,10.5,8.7,91,1004.1,1004.6,rising rapidly,14.2,148,SSE,15.3,5.0,78,900,none,0.0,0.0,45,1.2,135.7,Haze,106,106,25.3,38.2,16.0,19.4,0.62,07:00,17:00,10,8.1,51.7,4.07
2023-11-16,11:25,ATL001,Atlanta - Hartsfield,33.6407,-84.4277,313,9.2,48.6,5.4,-2.4,42,975.5,1012.6,falling rapidly,31.2,264,W,35.2,30.5,25,,none,0.0,0.0,20,8.3,788.3,Smoke,107,51,11.9,18.4,32.3,67.8,2.89,07:00,17:00,10,7.7,40.6,2.5
2023-11-16,15:34,MSY001,New Orleans - Moisant,29.9934,-90.258,3,12.7,54.9,12.7,12.3,98,1025.8,1026.2,falling rapidly,23.2,205,SSW,30.3,38.3,11,,none,0.0,0.0,93,9.2,851.4,Clear,100,73,21.3,28.5,15.6,51.9,1.27,07:00,17:00,10,10.1,7.2,1.92
2023-11-16,18:16,PHL001,Philadelphia - Intl,39.8729,-75.2437,9,8.3,46.9,7.3,-2.9,44,1014.4,1015.5,rising,6.7,179,S,17.6,2.6,21,,none,0.0,0.0,60,4.1,388.3,Clear,100,284,74.8,120.4,43.8,76.4,0.58,07:00,17:00,10,6.0,45.0,3.99
2023-11-16,20:45,MSP001,Minneapolis - St Paul,44.8848,-93.2223,255,-3.3,26.1,-9.8,-11.1,61,982.8,1013.1,rising rapidly,22.4,135,SE,31.1,38.5,48,3000,none,0.0,0.0,23,0,0.0,Smoke,107,216,55.2,94.2,76.5,58.6,0.98,07:00,17:00,10,-6.4,13.1,0.78
2023-11-16,22:59,NYC001,New York - Central Park,40.7829,-73.9654,39,3.5,38.3,1.9,-12.9,18,1010.6,1015.3,falling,6.2,152,SSE,17.3,38.7,61,9000,none,0.0,0.0,27,0,0,Dust,108,183,47.8,80.7,65.7,46.5,2.05,07:00,17:00,10,1.6,16.5,5.28
2023-11-17,01:35,RDU001,Raleigh-Durham - Intl,35.8801,-78.788,132,5.0,41.0,0.7,-6.6,42,996.0,1011.8,rising,23.3,109,ESE,35.1,23.2,40,150,none,0.0,0.0,44,0,0,Mist,109,236,53.7,86.7,88.3,70.4,1.69,07:00,17:00,10,0.6,29.4,2.25
2023-11-17,02:09,STL001,St Louis - Lambert,38.7487,-90.37,172,-7.6,18.3,-15.4,-19.4,41,991.5,1012.0,steady,23.3,67,ENE,46.4,30.5,41,300,snow,0.0,9.1,43,0,0,Snow Showers,124,194,52.7,81.8,88.0,61.3,1.15,07:00,17:00,10,-10.2,38.1,3.24
2023-11-17,03:07,ANC001,Anchorage - Intl,61.1743,-149.9963,46,-5.7,21.7,-11.7,-15.3,52,1009.1,1014.6,rising rapidly,16.2,292,WNW,30.9,5.4,12,,none,0.0,0.0,44,0,0,Fog,105,65,18.6,31.1,68.1,17.0,1.83,07:00,17:00,10,-10.0,43.6,3.47
2023-11-17,06:56,IND001,Indianapolis - Intl,39.7173,-86.2944,248,3.3,37.9,-1.1,-13.5,16,979.8,1009.2,steady,20.0,314,NW,24.6,13.4,21,,rain,12.5,0.0,35,0,0.0,Heavy Rain,112,146,37.7,58.5,63.4,29.8,0.13,07:00,17:00,10,1.2,40.8,5.81
2023-11-17,08:18,DFW001,Dallas - Fort Worth,32.8998,-97.0403,182,13.6,56.5,13.6,1.8,41,993.8,1015.6,falling,13.3,130,SE,17.8,11.0,0,,none,0.0,0.0,69,4.8,433.9,Haze,106,14,0.1,9.3,66.0,38.1,0.69,07:00,17:00,10,9.6,14.9,1.93
2023-11-17,22:16,SEA001,Seattle - Sea-Tac,47.4502,-122.3088,137,-1.1,30.0,-5.4,-2.7,92,987.2,1003.4,rising,13.2,111,ESE,17.3,31.8,5,,none,0.0,0.0,12,0,0,Smoke,107,121,34.1,58.0,28.3,72.7,2.01,07:00,17:00,10,-4.5,50.9,0.15
2023-11-18,04:41,PDX001,Portland - Intl,45.5898,-122.5951,9,-1.2,29.8,-3.7,-15.4,29,1002.1,1003.2,falling rapidly,6.8,293,WNW,7.0,36.6,80,150,rain,39.8,0.0,7,0,0,Drizzle,113,293,71.3,116.1,24.3,40.7,2.48,07:00,17:00,10,-5.5,32.6,4.53
2023-11-18,05:40,MKE001,Milwaukee - Mitchell,42.9472,-87.8966,211,-0.0,32.0,-4.1,-14.0,30,976.3,1001.1,rising,13.4,39,NE,20.6,11.9,1,,none,0.0,0.0,63,0,0,Fog,105,135,34.7,57.8,32.2,47.4,0.53,07:00,17:00,10,-4.2,49.9,0.92
2023-11-18,11:50,PHX001,Phoenix - Sky Harbor,33.4373,-112.0078,337,13.3,55.9,13.3,5.9,63,976.5,1016.5,rising rapidly,19.5,298,WNW,32.8,18.4,38,6000,rain,1.8,0.0,44,7.4,729.8,Heavy Rain,112,28,9.0,16.7,14.4,64.2,0.84,07:00,17:00,10,10.8,5.7,2.56
2023-11-18,14:11,DEN001,Denver - Stapleton,39.7392,-104.9903,1609,1.0,33.8,-4.3,-6.6,62,832.1,1010.9,rising rapidly,22.2,330,NNW,45.9,34.8,20,,hail,40.2,0.0,14,9.3,877.4,Hail,140,71,20.1,29.7,64.8,22.5,2.85,07:00,17:00,10,-0.4,28.5,5.73
2023-11-18,17:42,IAH001,Houston - Hobby,29.6454,-95.2789,15,15.4,59.7,15.4,6.0,53,1016.0,1017.8,rising rapidly,17.5,172,S,37.5,35.3,99,,none,0.0,0.0,9,2.3,314.9,Mostly Clear,101,178,37.4,63.2,78.2,16.9,2.18,07:00,17:00,10,13.5,41.3,4.05
2023-11-19,00:35,ORD001,Chicago - O'Hare Area,41.9742,-87.9073,201,2.8,37.0,-0.3,-7.8,47,994.1,1018.2,steady,11.3,200,SSW,13.1,18.1,0,,rain,55.4,0.0,51,0,0,Light Rain,110,33,8.3,13.4,89.9,40.5,2.31,07:00,17:00,10,1.5,32.8,4.29
2023-11-19,09:32,SLC001,Salt Lake City - Intl,40.7884,-111.9778,1288,-4.6,23.7,-10.6,-18.0,33,851.9,995.0,falling,17.7,179,S,32.0,7.6,39,150,sleet,8.7,0.0,19,5.1,501.9,Ice Storm,133,194,48.1,75.8,67.1,69.3,2.56,07:00,17:00,10,-5.7,29.4,3.57
2023-11-19,11:45,CLE001,Cleveland - Hopkins,41.4117,-81.8498,245,7.1,44.8,5.3,-5.1,39,987.3,1016.5,falling rapidly,9.2,276,W,25.2,25.8,28,,none,0.0,0.0,63,8.1,774.8,Haze,106,81,21.9,35.9,42.7,10.1,2.54,07:00,17:00,10,5.9,16.5,1.91
2023-11-19,19:18,MCI001,Kansas City - Intl,39.2976,-94.7139,313,8.8,47.8,5.1,-1.6,48,974.5,1011.5,falling rapidly,29.4,335,NNW,34.6,12.9,91,,none,0.0,0.0,84,1.0,121.3,Haze,106,259,69.8,109.0,74.5,61.3,2.12,07:00,17:00,10,7.1,56.3,4.74
2023-11-19,20:26,MIA001,Miami - International,25.7959,-80.287,3,14.7,58.5,14.7,10.3,78,1014.0,1014.4,steady,17.7,247,WSW,25.6,25.3,12,,none,0.0,0.0,64,0,0.0,Mist,109,52,22.1,29.3,84.8,67.3,0.41,07:00,17:00,10,11.4,11.6,1.18
2023-11-19,22:35,ABQ001,Albuquerque - Intl Sunport,35.0402,-106.609,1619,-2.9,26.8,-7.3,-7.5,77,823.4,1001.6,rising,12.0,332,NNW,22.3,27.9,36,900,sleet,15.0,0.0,44,0,0,Sleet,130,215,49.8,82.9,51.3,73.5,0.72,07:00,17:00,10,-3.9,59.2,2.37
2023-11-20,01:20,BWI001,Baltimore - Washington,39.1754,-76.6684,46,-2.4,27.7,-10.7,-6.2,81,1006.2,1011.7,rising,41.2,232,SW,61.8,0.7,20,,none,0.0,0.0,76,0,0,Fog,105,91,17.0,23.2,52.1,51.5,1.75,07:00,17:00,10,-5.4,11.8,0.84
2023-11-20,02:28,DTW001,Detroit - Metro Wayne,42.2162,-83.3554,195,-4.3,24.3,-9.2,-16.5,39,988.7,1011.9,falling rapidly,12.6,148,SSE,29.5,20.8,0,,hail,57.3,0.0,93,0,0,Heavy Hail,141,132,36.3,57.2,43.5,42.1,1.86,07:00,17:00,10,-7.3,15.1,0.37
2023-11-20,03:11,SFO001,San Francisco - Intl,37.6213,-122.379,4,4.5,40.1,-0.5,-8.5,35,1014.6,1015.1,steady,28.7,277,W,49.9,21.5,4,,none,0.0,0.0,23,0,0,Mostly Clear,101,293,75.3,123.9,20.8,67.9,0.61,07:00,17:00,10,2.8,55.2,2.7
2023-11-20,16:41,TPA001,Tampa - Intl,27.9755,-82.5332,9,17.7,63.9,17.7,0.9,16,1015.7,1016.8,rising rapidly,10.3,251,WSW,26.7,22.1,75,6000,thunderstorm,9.7,0.0,77,4.3,488.6,Derecho,153,266,64.8,106.2,83.7,10.8,0.56,07:00,17:00,10,15.3,46.0,0.02
2023-11-20,21:09,LAS001,Las Vegas - McCarran,36.084,-115.1537,664,-2.9,26.8,-2.9,-16.5,32,934.7,1012.0,rising rapidly,1.0,243,WSW,1.0,35.6,3,,none,0.0,0.0,54,0,0,Overcast,104,172,44.3,73.9,69.5,29.1,1.68,07:00,17:00,10,-5.7,10.2,4.82
2023-11-21,03:15,LAX001,Los Angeles - Downtown,34.0522,-118.2437,71,6.8,44.2,2.4,-9.0,21,1013.5,1022.1,falling rapidly,29.6,75,ENE,30.7,9.9,53,,none,0.0,0.0,43,0,0,Mostly Cloudy,103,203,53.6,87.4,17.6,8.7,0.4,07:00,17:00,10,2.6,59.0,3.13
2023-11-21,13:34,BOS001,Boston - Logan,42.3656,-71.0096,9,8.9,48.0,5.7,-3.9,36,1001.2,1002.3,rising,23.0,291,WNW,24.5,12.3,97,3000,hail,42.7,0.0,67,3.9,515.0,Small Hail,142,223,55.0,92.8,65.0,9.8,0.51,07:00,17:00,10,6.0,12.1,5.08
2023-11-30,16:35,IAH001,Houston - Hobby,29.6454,-95.2789,15,4.7,40.5,1.9,-8.3,35,1028.3,1030.1,rising rapidly,12.0,93,E,24.2,30.3,87,3000,none,0.0,0.0,41,3.6,441.7,Smoke,107,276,72.9,111.9,82.8,43.0,2.45,07:00,17:00,10,2.8,46.6,3.73
2023-11-30,17:32,MIA001,Miami - International,25.7959,-80.287,3,14.9,58.8,14.9,2.5,38,1013.9,1014.3,falling,9.5,154,SSE,31.3,29.2,33,150,rain,53.0,0.0,14,5.3,520.6,Moderate Rain,111,292,70.2,117.3,70.5,53.3,2.83,07:00,17:00,10,11.6,26.4,2.77
2023-11-30,19:50,BOS001,Boston - Logan,42.3656,-71.0096,9,-2.9,26.8,-2.9,-3.9,95,1026.2,1027.3,steady,4.1,236,SW,4.1,24.5,22,,none,0.0,0.0,27,2.1,198.0,Mostly Clear,101,211,57.5,92.9,70.1,50.9,2.02,07:00,17:00,10,-6.3,20.7,3.39
2023-12-01,03:29,BWI001,Baltimore - Washington,39.1754,-76.6684,46,8.6,47.5,7.5,7.0,92,999.8,1005.3,steady,7.3,16,NNE,26.4,17.0,29,,none,0.0,0.0,17,0,0,Haze,106,61,13.6,12.4,87.5,33.3,2.16,08:00,16:00,8,5.4,7.8,2.04
2023-12-01,04:56,PHX001,Phoenix - Sky Harbor,33.4373,-112.0078,337,10.5,50.9,10.5,-1.1,42,971.3,1011.1,falling,9.8,203,SSW,21.2,32.2,26,,none,0.0,0.0,50,0,0,Smoke,107,296,75.5,119.0,55.8,43.6,1.6,08:00,16:00,8,5.6,46.4,4.57
2023-12-01,07:53,MCI001,Kansas City - Intl,39.2976,-94.7139,313,15.0,59.0,15.0,12.6,88,983.9,1021.3,rising rapidly,13.3,61,ENE,33.3,17.4,58,,none,0.0,0.0,41,1.5,158.0,Partly Cloudy,102,236,55.9,83.7,43.5,26.1,2.44,08:00,16:00,8,12.2,22.0,2.55
2023-12-01,08:34,STL001,St Louis - Lambert,38.7487,-90.37,172,16.7,62.1,16.7,9.5,64,995.1,1015.7,steady,16.0,132,SE,27.6,8.4,8,,hail,14.9,0.0,74,4.5,416.5,Heavy Hail,141,28,6.4,5.5,33.3,37.0,1.2,08:00,16:00,8,15.4,59.3,3.98
2023-12-01,13:12,DTW001,Detroit - Metro Wayne,42.2162,-83.3554,195,11.9,53.4,11.9,8.3,82,985.2,1008.3,rising,11.6,134,SE,26.3,13.3,7,,none,0.0,0.0,14,10.5,965.0,Overcast,104,248,63.9,97.0,88.5,15.3,2.38,08:00,16:00,8,10.0,43.3,3.51
2023-12-01,22:42,ORD001,Chicago - O'Hare Area,41.9742,-87.9073,201,9.9,49.8,8.2,-5.5,23,983.8,1007.6,steady,11.8,107,ESE,26.0,13.8,51,6000,none,0.0,0.0,1,0,0,Smoke,107,108,30.7,47.7,39.2,33.0,1.68,08:00,16:00,8,6.7,52.6,2.23
2023-12-01,23:30,ATL001,Atlanta - Hartsfield,33.6407,-84.4277,313,11.1,52.0,11.1,5.7,73,982.5,1019.9,steady,16.8,21,NNE,25.0,7.8,3,,none,0.0,0.0,28,0,0,Fog,105,230,60.6,103.5,22.6,47.2,1.73,08:00,16:00,8,9.1,10.4,4.62
2023-12-01,23:32,SFO001,San Francisco - Intl,37.6213,-122.379,4,14.8,58.6,14.8,-1.4,19,1016.8,1017.3,steady,10.7,179,S,33.3,11.5,3,,none,0.0,0.0,42,0,0,Partly Cloudy,102,200,49.8,74.6,75.4,53.6,1.38,08:00,16:00,8,12.1,24.9,0
2023-12-02,00:04,CLE001,Cleveland - Hopkins,41.4117,-81.8498,245,-2.3,27.9,-5.5,-11.9,52,996.0,1025.5,falling rapidly,8.1,317,NW,24.4,11.2,73,9000,none,0.0,0.0,85,0,0,Mostly Clear,101,251,57.2,92.6,54.5,74.1,1.36,08:00,16:00,8,-7.3,12.6,5.41
2023-12-02,02:22,RDU001,Raleigh-Durham - Intl,35.8801,-78.788,132,6.6,43.9,5.8,3.4,84,987.5,1003.1,falling,5.3,120,ESE,24.9,34.4,60,9000,none,0.0,0.0,64,0,0,Mist,109,136,33.8,52.9,42.8,75.4,2.95,08:00,16:00,8,4.5,12.6,4.8
2023-12-02,19:20,MKE001,Milwaukee - Mitchell,42.9472,-87.8966,211,8.7,47.7,4.9,-4.9,32,990.8,1016.0,rising rapidly,30.0,222,SW,35.2,39.9,99,1500,rain,4.0,0.0,62,0.8,112.4,Drizzle,113,110,30.9,45.2,57.5,48.6,2.36,08:00,16:00,8,4.6,36.6,5.58
2023-12-02,20:42,SEA001,Seattle - Sea-Tac,47.4502,-122.3088,137,5.6,42.1,1.4,-6.4,40,1008.9,1025.5,falling rapidly,23.7,249,WSW,24.3,17.8,34,600,rain,56.5,0.0,7,0,0.0,Freezing Drizzle,115,238,61.8,98.9,24.3,5.7,1.64,08:00,16:00,8,3.8,41.3,5.05
2023-12-03,00:39,HNL001,Honolulu - Intl,21.325,-157.925,4,7.1,44.8,4.9,-7.5,27,1015.4,1015.9,rising,11.7,254,WSW,33.5,31.8,4,,rain,46.4,0.0,11,0,0,Freezing Drizzle,115,73,15.4,19.1,83.4,28.4,0.24,08:00,16:00,8,4.1,23.0,3.94
2023-12-03,03:16,MSY001,New Orleans - Moisant,29.9934,-90.258,3,7.4,45.3,3.0,-7.2,27,1008.3,1008.7,rising rapidly,32.6,300,WNW,39.0,31.0,63,600,none,0.0,0.0,66,0,0,Smoke,107,228,60.5,94.2,71.6,31.5,2.75,08:00,16:00,8,3.5,26.9,3.57
2023-12-03,10:24,PHL001,Philadelphia - Intl,39.8729,-75.2437,9,13.9,57.0,13.9,9.1,76,1011.1,1012.2,steady,20.1,20,NNE,31.6,36.2,22,,rain,9.3,0.0,34,7.3,695.8,Freezing Drizzle,115,63,14.9,19.9,25.6,34.3,2.87,08:00,16:00,8,10.0,44.2,0.88
2023-12-03,17:28,MSP001,Minneapolis - St Paul,44.8848,-93.2223,255,9.5,49.1,8.3,-1.5,45,990.5,1021.1,steady,8.6,211,SSW,17.3,4.6,47,6000,none,0.0,0.0,2,4.7,477.0,Fog,105,138,30.9,43.2,26.9,77.3,0.23,08:00,16:00,8,8.4,56.4,2.21
2023-12-04,05:43,TPA001,Tampa - Intl,27.9755,-82.5332,9,9.0,48.2,6.6,8.2,96,1002.1,1003.2,rising,15.3,106,ESE,27.6,29.0,82,3000,none,0.0,0.0,21,0,0,Mist,109,214,64.4,108.1,25.7,69.7,1.93,08:00,16:00,8,4.5,19.5,1.86
2023-12-04,06:50,ABQ001,Albuquerque - Intl Sunport,35.0402,-106.609,1619,7.1,44.8,3.7,-7.5,27,842.7,1025.1,falling,20.5,222,SW,38.3,12.7,76,900,none,0.0,0.0,98,0,0.0,Partly Cloudy,102,255,61.8,104.0,57.0,24.5,1.95,08:00,16:00,8,5.1,36.6,2.19
2023-12-04,09:02,NYC001,New York - Central Park,40.7829,-73.9654,39,19.1,66.4,19.1,16.3,86,1005.9,1010.6,falling,21.2,265,W,21.7,24.3,44,300,rain,4.2,0.0,40,4.8,486.3,Light Rain,110,290,69.4,110.0,54.3,57.0,2.34,08:00,16:00,8,17.7,35.2,4.83
2023-12-04,12:34,ANC001,Anchorage - Intl,61.1743,-149.9963,46,11.7,53.1,11.7,8.9,86,1014.8,1020.4,rising rapidly,3.2,274,W,3.2,33.2,54,1500,hail,34.2,0.0,36,6.9,711.7,Heavy Hail,141,69,14.7,22.1,83.8,73.8,0.61,08:00,16:00,8,9.4,33.9,0.15
2023-12-04,19:25,PDX001,Portland - Intl,45.5898,-122.5951,9,10.6,51.1,10.6,6.2,78,1023.2,1024.3,rising rapidly,10.9,180,S,16.2,4.8,59,3000,rain,40.7,0.0,97,1.5,156.9,Drizzle,113,176,46.3,74.1,64.7,58.5,2.6,08:00,16:00,8,6.0,24.5,3.44
2023-12-04,20:45,DEN001,Denver - Stapleton,39.7392,-104.9903,1609,1.4,34.5,-0.9,-12.4,31,824.6,1001.8,rising,7.5,212,SSW,14.7,27.4,59,9000,rain,42.2,0.0,19,0,0.0,Freezing Drizzle,115,249,60.6,94.4,76.0,30.8,1.69,08:00,16:00,8,-2.2,8.2,1.41
2023-12-04,22:26,LAS001,Las Vegas - McCarran,36.084,-115.1537,664,7.7,45.9,3.3,-8.5,19,932.7,1009.9,steady,34.4,195,SSW,40.7,2.3,30,,none,0.0,0.0,80,0,0,Mostly Clear,101,6,0.1,2.6,63.8,41.9,1.31,08:00,16:00,8,4.5,18.3,2.82
2023-12-05,01:34,SLC001,Salt Lake City - Intl,40.7884,-111.9778,1288,-4.0,24.8,-11.6,-11.8,61,866.4,1011.9,falling,29.3,16,NNE,34.9,14.5,39,600,rain,20.5,0.0,86,0,0,Light Rain,110,235,56.8,91.1,66.2,57.5,2.81,08:00,16:00,8,-5.9,41.0,7.05
2023-12-05,02:23,LAX001,Los Angeles - Downtown,34.0522,-118.2437,71,7.8,46.0,3.5,4.0,81,1004.4,1012.9,falling,32.6,90,E,44.7,39.4,79,6000,none,0.0,0.0,3,0,0,Mostly Cloudy,103,66,15.1,20.8,26.4,61.8,0.67,08:00,16:00,8,5.1,52.5,2.23
2023-12-05,05:52,DFW001,Dallas - Fort Worth,32.8998,-97.0403,182,4.1,39.4,-1.1,-0.7,76,998.9,1020.8,falling,29.7,104,ESE,43.9,37.9,39,9000,none,0.0,0.0,99,0,0,Mostly Clear,101,291,72.3,109.8,55.6,5.8,0.96,08:00,16:00,8,2.5,23.9,5.6
2023-12-05,10:13,IND001,Indianapolis - Intl,39.7173,-86.2944,248,5.6,42.1,0.9,-9.4,25,997.1,1027.0,falling,29.3,127,SE,43.1,27.6,23,,none,0.0,0.0,75,7.3,691.9,Overcast,104,9,0.9,1.7,54.1,13.7,1.39,08:00,16:00,8,1.2,11.0,7.57
2023-12-15,10:52,SLC001,Salt Lake City - Intl,40.7884,-111.9778,1288,5.5,41.9,0.6,3.7,91,862.2,1007.0,rising,30.8,123,ESE,36.1,37.8,95,6000,none,0.0,0.0,27,3.2,410.5,Mostly Cloudy,103,251,61.9,92.9,78.5,16.4,2.14,08:00,16:00,8,4.0,18.8,3.05
2023-12-15,18:18,LAX001,Los Angeles - Downtown,34.0522,-118.2437,71,18.2,64.8,18.2,5.6,37,1012.7,1021.3,falling rapidly,10.4,191,S,17.9,23.3,85,,rain,39.1,0.0,75,2.1,249.5,Rain Showers,114,181,42.8,69.4,58.2,12.6,0.67,08:00,16:00,8,13.7,31.2,7.63
2023-12-15,20:06,ANC001,Anchorage - Intl,61.1743,-149.9963,46,6.5,43.7,2.6,-5.9,38,1001.2,1006.7,steady,23.6,250,WSW,42.5,28.3,58,600,none,0.0,0.0,75,0,0.0,Clear,100,264,67.9,112.3,52.9,23.9,2.05,08:00,16:00,8,3.5,41.8,1.0
2023-12-15,23:49,BWI001,Baltimore - Washington,39.1754,-76.6684,46,5.7,42.3,5.7,-2.5,59,1009.1,1014.6,steady,3.6,261,W,3.6,2.9,18,,none,0.0,0.0,69,0,0,Mostly Clear,101,147,32.0,56.0,44.1,79.0,1.14,08:00,16:00,8,2.5,23.8,4.13
2023-12-15,23:57,IAH001,Houston - Hobby,29.6454,-95.2789,15,10.3,50.5,10.3,0.1,49,1010.1,1011.9,rising rapidly,28.8,119,ESE,46.0,23.0,33,600,none,0.0,0.0,80,0,0,Overcast,104,137,38.1,66.4,67.1,44.4,2.58,08:00,16:00,8,7.7,17.4,5.73
2023-12-16,04:19,TPA001,Tampa - Intl,27.9755,-82.5332,9,11.2,52.2,11.2,-0.4,42,999.0,1000.1,falling rapidly,23.9,177,S,27.7,24.4,69,,none,0.0,0.0,27,0,0,Overcast,104,57,15.9,22.5,26.6,61.6,1.32,08:00,16:00,8,8.3,21.8,2.82
2023-12-16,05:33,MSY001,New Orleans - Moisant,29.9934,-90.258,3,11.5,52.7,11.5,9.7,91,1019.3,1019.7,rising rapidly,12.3,61,ENE,20.1,28.3,16,,none,0.0,0.0,26,0,0,Smoke,107,171,42.4,67.8,51.2,49.7,1.32,08:00,16:00,8,7.4,13.8,2.52
2023-12-16,11:40,MIA001,Miami - International,25.7959,-80.287,3,26.4,79.5,26.4,24.2,89,1013.5,1013.9,rising rapidly,24.8,19,NNE,29.3,18.7,65,1500,none,0.0,0.0,5,5.6,608.2,Mostly Cloudy,103,17,6.0,9.6,31.1,56.0,2.07,08:00,16:00,8,23.1,28.0,1.97
2023-12-16,13:04,STL001,St Louis - Lambert,38.7487,-90.37,172,15.1,59.2,15.1,4.7,48,995.4,1016.0,falling,18.1,151,SSE,39.4,23.2,68,300,none,0.0,0.0,69,6.0,660.0,Smoke,107,23,7.0,13.2,31.5,46.8,1.95,08:00,16:00,8,13.9,41.3,3.18
2023-12-16,16:53,ORD001,Chicago - O'Hare Area,41.9742,-87.9073,201,19.5,67.1,19.5,10.1,53,979.9,1003.6,falling,24.6,20,NNE,48.5,31.5,80,6000,none,0.0,0.0,51,4.0,469.1,Mostly Clear,101,297,73.1,126.3,10.6,45.0,2.99,08:00,16:00,8,17.5,31.9,6.7
2023-12-16,17:00,MKE001,Milwaukee - Mitchell,42.9472,-87.8966,211,7.0,44.6,7.0,4.4,87,990.4,1015.6,falling,3.0,65,ENE,3.0,21.4,96,,none,0.0,0.0,18,2.5,324.2,Dust,108,8,2.5,1.9,25.9,76.3,1.52,08:00,16:00,8,4.1,22.8,5.09
2023-12-16,20:55,PHL001,Philadelphia - Intl,39.8729,-75.2437,9,5.6,42.1,3.6,-6.0,42,1020.7,1021.8,rising rapidly,9.2,3,N,15.6,10.8,93,6000,rain,52.7,0.0,80,0,0.0,Moderate Rain,111,169,41.5,73.4,36.8,44.4,1.59,08:00,16:00,8,1.9,50.5,6.0
2023-12-16,22:36,MSP001,Minneapolis - St Paul,44.8848,-93.2223,255,-1.8,28.8,-7.1,-9.0,64,974.0,1004.0,steady,17.6,117,ESE,26.9,17.5,66,3000,none,0.0,0.0,34,0,0,Overcast,104,297,79.9,134.6,35.1,64.9,1.14,08:00,16:00,8,-5.3,23.4,4.22
2023-12-17,11:28,SFO001,San Francisco - Intl,37.6213,-122.379,4,14.3,57.7,14.3,2.5,41,1004.3,1004.8,rising,9.1,67,ENE,19.7,5.1,47,900,none,0.0,0.0,59,6.8,689.2,Dust,108,291,70.2,106.7,64.1,30.4,1.54,08:00,16:00,8,12.6,39.8,4.9
2023-12-17,12:26,DTW001,Detroit - Metro Wayne,42.2162,-83.3554,195,12.8,55.0,12.8,9.0,81,991.3,1014.6,falling rapidly,8.4,242,WSW,23.6,26.5,22,,none,0.0,0.0,48,9.2,867.7,Fog,105,183,47.6,81.3,14.8,46.7,0.2,08:00,16:00,8,11.2,17.8,2.73
2023-12-18,06:43,BOS001,Boston - Logan,42.3656,-71.0096,9,11.3,52.3,11.3,9.7,92,1004.3,1005.4,rising,13.8,102,ESE,29.7,12.3,70,3000,none,0.0,0.0,40,0,0.0,Mostly Cloudy,103,62,12.3,16.5,71.5,54.9,1.02,08:00,16:00,8,9.0,18.0,2.9
2023-12-18,14:15,HNL001,Honolulu - Intl,21.325,-157.925,4,18.4,65.1,18.4,15.4,85,1011.9,1012.4,falling rapidly,4.2,91,E,4.2,10.9,47,9000,rain,17.7,0.0,84,7.4,745.8,Heavy Rain,112,201,52.4,90.1,51.1,20.6,2.64,08:00,16:00,8,16.7,16.8,3.02
2023-12-18,16:16,PHX001,Phoenix - Sky Harbor,33.4373,-112.0078,337,19.7,67.5,19.7,14.7,75,970.7,1010.5,steady,8.7,140,SE,30.9,32.3,58,600,none,0.0,0.0,41,5.3,555.1,Partly Cloudy,102,291,74.3,123.6,17.5,73.1,1.91,08:00,16:00,8,15.1,32.9,6.86
2023-12-18,17:03,MCI001,Kansas City - Intl,39.2976,-94.7139,313,12.2,54.0,12.2,0.6,42,975.3,1012.4,rising,18.4,281,W,38.5,33.4,47,,none,0.0,0.0,2,4.7,477.0,Overcast,104,238,67.4,109.1,88.4,45.4,2.06,08:00,16:00,8,7.6,56.2,2.63
2023-12-18,19:52,DFW001,Dallas - Fort Worth,32.8998,-97.0403,182,11.5,52.7,11.5,2.1,53,991.6,1013.3,falling rapidly,15.3,305,NW,39.2,10.8,46,600,none,0.0,0.0,47,1.7,171.3,Smoke,107,7,0.1,0.1,30.9,42.4,1.84,08:00,16:00,8,6.5,42.4,2.98
2023-12-18,20:32,NYC001,New York - Central Park,40.7829,-73.9654,39,9.1,48.4,9.1,-3.5,37,1013.0,1017.7,rising,1.0,243,WSW,1.0,21.9,47,3000,rain,58.9,0.0,45,0,0.0,Freezing Drizzle,115,73,22.1,40.9,83.5,32.6,1.01,08:00,16:00,8,7.2,11.8,4.17
2023-12-18,22:55,ATL001,Atlanta - Hartsfield,33.6407,-84.4277,313,2.5,36.5,-2.8,0.9,92,976.7,1013.8,rising rapidly,26.0,267,W,42.9,14.5,8,,none,0.0,0.0,95,0,0,Mostly Cloudy,103,118,26.5,41.7,52.9,76.7,1.32,08:00,16:00,8,1.0,40.4,2.25
2023-12-19,02:42,DEN001,Denver - Stapleton,39.7392,-104.9903,1609,-7.6,18.3,-12.5,-8.8,94,839.3,1019.7,falling,10.2,239,WSW,20.2,31.3,34,150,sleet,38.1,0.0,93,0,0,Ice Pellets,132,285,71.7,109.4,26.6,36.6,1.53,08:00,16:00,8,-11.7,47.9,4.59
2023-12-19,04:18,CLE001,Cleveland - Hopkins,41.4117,-81.8498,245,9.7,49.5,9.4,-2.7,38,983.2,1012.3,steady,5.0,319,NW,5.0,39.7,31,600,rain,12.7,0.0,40,0,0,Freezing Drizzle,115,211,57.5,90.7,63.7,61.5,2.28,08:00,16:00,8,8.0,41.4,6.84
2023-12-19,16:33,RDU001,Raleigh-Durham - Intl,35.8801,-78.788,132,15.3,59.5,15.3,-1.5,16,996.0,1011.8,rising,3.7,274,W,3.7,12.6,59,3000,none,0.0,0.0,9,5.2,551.2,Mostly Clear,101,35,5.0,5.2,81.3,18.4,0.98,08:00,16:00,8,11.7,30.9,2.95
2023-12-19,20:33,IND001,Indianapolis - Intl,39.7173,-86.2944,248,3.0,37.4,3.0,-4.2,64,984.6,1014.1,rising,0.2,304,NW,0.2,25.9,45,900,rain,25.7,0.0,51,0,0.0,Heavy Rain,112,219,50.5,81.6,79.2,68.9,0.97,08:00,16:00,8,-0.3,48.2,2.75
2023-12-20,04:36,SEA001,Seattle - Sea-Tac,47.4502,-122.3088,137,1.7,35.1,-3.9,-5.5,64,997.6,1014.0,falling rapidly,27.0,313,NW,47.6,11.0,98,,none,0.0,0.0,29,0,0,Fog,105,291,73.1,120.4,11.8,6.3,2.54,08:00,16:00,8,-2.6,38.6,0
2023-12-20,11:50,PDX001,Portland - Intl,45.5898,-122.5951,9,14.7,58.5,14.7,2.3,38,1009.1,1010.2,rising,15.0,200,SSW,29.3,21.9,34,,none,0.0,0.0,46,7.7,747.8,Mostly Cloudy,103,58,12.1,24.0,14.0,71.3,2.85,08:00,16:00,8,10.6,15.5,0
2023-12-20,16:28,ABQ001,Albuquerque - Intl Sunport,35.0402,-106.609,1619,1.5,34.7,-4.4,-2.1,82,831.9,1011.9,rising rapidly,28.8,349,N,30.4,17.3,100,300,none,0.0,0.0,44,2.9,390.9,Overcast,104,298,74.5,113.1,37.2,19.5,1.53,08:00,16:00,8,-1.3,49.4,5.41
2023-12-21,00:01,LAS001,Las Vegas - McCarran,36.084,-115.1537,664,3.2,37.8,3.2,-2.8,70,933.6,1010.8,rising rapidly,0.8,172,S,0.8,37.1,46,900,none,0.0,0.0,59,0,0,Mist,109,273,74.3,113.1,26.9,14.8,1.48,08:00,16:00,8,2.2,10.2,0.9
2023-12-29,05:24,LAS001,Las Vegas - McCarran,36.084,-115.1537,664,9.0,48.2,5.3,-4.4,33,931.3,1008.3,rising rapidly,30.0,118,ESE,31.1,34.6,23,,rain,32.2,0.0,9,0,0,Light Rain,110,238,60.5,97.5,79.3,60.5,2.21,08:00,16:00,8,4.7,21.6,1.83
2023-12-29,20:33,SFO001,San Francisco - Intl,37.6213,-122.379,4,13.1,55.6,13.1,-2.9,20,1011.4,1011.9,rising,16.2,334,NNW,22.6,28.8,48,3000,none,0.0,0.0,25,0,0.0,Clear,100,271,63.1,100.6,16.0,12.0,1.8,08:00,16:00,8,8.9,12.8,5.15
2023-12-29,22:41,MCI001,Kansas City - Intl,39.2976,-94.7139,313,10.5,50.9,10.5,-5.5,20,974.6,1011.6,rising,17.9,125,SE,34.5,14.3,97,300,none,0.0,0.0,44,0,0,Dust,108,43,9.2,20.7,82.1,15.7,1.78,08:00,16:00,8,9.2,29.0,0
2023-12-30,01:19,STL001,St Louis - Lambert,38.7487,-90.37,172,2.1,35.8,-2.6,-7.3,53,998.2,1018.8,falling rapidly,20.2,57,ENE,25.3,33.6,34,300,hail,14.6,0.0,69,0,0,Small Hail,142,19,3.2,5.2,70.7,15.1,2.46,08:00,16:00,8,-1.0,41.7,0.45
2023-12-30,05:40,DTW001,Detroit - Metro Wayne,42.2162,-83.3554,195,8.0,46.4,5.7,-9.0,15,991.0,1014.3,rising,12.9,122,ESE,33.6,26.9,16,,none,0.0,0.0,93,0,0,Mostly Cloudy,103,184,41.5,74.1,83.6,72.0,1.76,08:00,16:00,8,6.1,14.3,6.0
2023-12-30,10:25,ORD001,Chicago - O'Hare Area,41.9742,-87.9073,201,12.2,54.0,12.2,0.6,42,983.6,1007.4,rising rapidly,23.5,332,NNW,26.8,39.7,96,900,none,0.0,0.0,7,3.1,406.6,Overcast,104,75,20.4,40.8,41.3,44.9,2.32,08:00,16:00,8,10.2,5.4,2.97
2023-12-30,12:21,PHX001,Phoenix - Sky Harbor,33.4373,-112.0078,337,12.7,54.9,12.7,0.5,39,963.0,1002.5,falling rapidly,17.6,296,WNW,29.8,2.1,72,6000,rain,43.8,0.0,17,5.6,624.0,Heavy Rain,112,128,29.9,45.9,10.2,65.1,2.44,08:00,16:00,8,8.7,51.3,0.72
2023-12-30,13:42,SLC001,Salt Lake City - Intl,40.7884,-111.9778,1288,3.3,37.9,1.3,-4.1,63,861.8,1006.6,steady,7.6,15,NNE,13.2,28.8,29,,none,0.0,0.0,72,8.9,855.0,Mist,109,219,60.2,90.6,88.8,23.5,1.32,08:00,16:00,8,-0.4,9.7,3.3
2023-12-30,21:02,RDU001,Raleigh-Durham - Intl,35.8801,-78.788,132,8.5,47.3,5.5,4.7,81,999.5,1015.3,falling,20.2,225,SW,44.6,30.1,69,600,none,0.0,0.0,51,0,0,Haze,106,136,34.3,58.7,74.2,12.8,0.8,08:00,16:00,8,6.6,47.1,4.93
2023-12-31,01:29,IAH001,Houston - Hobby,29.6454,-95.2789,15,11.1,52.0,11.1,5.7,73,1010.9,1012.7,falling rapidly,24.2,145,SE,48.8,11.7,89,150,thunderstorm,54.7,0.0,81,0,0,Derecho,153,50,15.6,19.1,25.1,66.8,2.09,08:00,16:00,8,8.5,47.5,1.19
2023-12-31,22:04,PHL001,Philadelphia - Intl,39.8729,-75.2437,9,6.9,44.4,2.1,-2.9,51,1009.5,1010.6,falling rapidly,36.4,78,ENE,39.0,5.4,100,9000,none,0.0,0.0,23,0,0,Mist,109,100,23.6,38.3,74.0,62.5,0.12,08:00,16:00,8,2.2,24.3,3.66
2024-01-01,02:28,IND001,Indianapolis - Intl,39.7173,-86.2944,248,11.2,52.2,11.2,-5.0,19,983.6,1013.1,rising,9.0,260,W,30.7,12.5,14,,none,0.0,0.0,91,0,0,Dust,108,125,31.8,50.2,63.2,69.5,1.28,09:00,15:00,6,9.0,54.1,1.96
2024-01-01,06:41,MKE001,Milwaukee - Mitchell,42.9472,-87.8966,211,7.2,45.0,2.5,-3.2,48,981.8,1006.8,rising,35.9,187,S,37.6,15.1,45,3000,none,0.0,0.0,11,0,0.0,Fog,105,210,52.6,81.5,61.5,19.1,1.48,09:00,15:00,6,5.6,17.8,5.62
2024-01-01,08:40,MSY001,New Orleans - Moisant,29.9934,-90.258,3,12.8,55.0,12.8,0.0,36,1006.0,1006.4,falling,16.1,213,SSW,33.2,28.6,15,,none,0.0,0.0,78,4.3,401.3,Mostly Clear,101,166,42.8,66.4,74.0,28.2,2.7,09:00,15:00,6,11.1,14.0,1.38
2024-01-01,09:50,PDX001,Portland - Intl,45.5898,-122.5951,9,17.9,64.2,17.9,14.7,84,997.4,998.5,falling rapidly,13.2,172,S,22.3,35.0,15,,none,0.0,0.0,6,6.2,576.7,Partly Cloudy,102,162,40.5,71.9,84.6,35.8,1.31,09:00,15:00,6,16.3,57.7,3.83
2024-01-01,12:22,HNL001,Honolulu - Intl,21.325,-157.925,4,27.9,82.2,28.3,17.7,49,1019.2,1019.7,falling,25.3,271,W,45.6,0.8,48,9000,none,0.0,0.0,72,7.3,740.9,Mostly Clear,101,91,21.2,34.7,49.2,79.9,0.23,09:00,15:00,6,25.9,34.8,0
2024-01-01,16:58,DEN001,Denver - Stapleton,39.7392,-104.9903,1609,1.2,34.2,-3.9,-0.4,92,828.9,1007.1,rising rapidly,21.6,346,NNW,38.0,2.4,12,,none,0.0,0.0,0,7.9,734.9,Dust,108,10,4.4,0.1,50.1,12.3,1.68,09:00,15:00,6,-1.8,40.7,3.22
2024-01-01,18:35,MSP001,Minneapolis - St Paul,44.8848,-93.2223,255,12.3,54.1,12.3,6.3,70,986.5,1016.9,rising rapidly,18.7,306,NW,25.6,31.9,56,9000,none,0.0,0.0,70,3.0,312.4,Mostly Cloudy,103,103,21.6,27.2,54.1,21.1,1.38,09:00,15:00,6,8.0,59.0,0
2024-01-01,20:09,ATL001,Atlanta - Hartsfield,33.6407,-84.4277,313,14.1,57.4,14.1,13.5,97,980.0,1017.3,falling,14.6,78,ENE,21.8,5.6,91,,none,0.0,0.0,75,0,0.0,Mist,109,215,51.3,75.8,42.8,48.3,2.24,09:00,15:00,6,11.8,23.9,4.22
2024-01-02,22:00,SEA001,Seattle - Sea-Tac,47.4502,-122.3088,137,10.6,51.1,10.6,3.0,62,992.5,1008.8,rising rapidly,24.3,204,SSW,33.9,28.1,11,,none,0.0,0.0,17,0,0,Haze,106,31,5.2,10.6,36.9,27.6,0.32,09:00,15:00,6,8.7,43.6,1.22
2024-01-02,22:44,BOS001,Boston - Logan,42.3656,-71.0096,9,5.6,42.1,5.6,5.4,99,1004.5,1005.6,falling rapidly,2.2,165,SSE,2.2,27.1,38,150,rain,53.2,0.0,58,0,0,Drizzle,113,209,51.6,87.2,22.0,22.7,1.41,09:00,15:00,6,1.8,9.3,3.22
2024-01-03,00:16,ANC001,Anchorage - Intl,61.1743,-149.9963,46,4.4,39.9,2.6,-1.8,69,1001.8,1007.3,falling rapidly,7.3,62,ENE,25.9,17.2,11,,none,0.0,0.0,91,0,0,Dust,108,70,16.7,22.9,84.8,13.9,1.67,09:00,15:00,6,0.2,37.1,3.3
2024-01-03,00:52,BWI001,Baltimore - Washington,39.1754,-76.6684,46,6.7,44.1,5.5,6.3,98,1000.6,1006.1,rising,6.6,102,ESE,28.0,39.6,56,6000,rain,15.2,0.0,58,0,0,Heavy Rain,112,81,18.4,21.5,35.1,53.7,1.27,09:00,15:00,6,2.5,15.2,1.75
2024-01-03,05:49,LAX001,Los Angeles - Downtown,34.0522,-118.2437,71,14.8,58.6,14.8,9.0,71,997.9,1006.4,falling rapidly,11.9,173,S,17.2,35.0,32,3000,none,0.0,0.0,51,0,0,Haze,106,230,55.4,90.7,28.5,46.5,2.08,09:00,15:00,6,11.8,19.0,3.06
2024-01-03,13:25,DFW001,Dallas - Fort Worth,32.8998,-97.0403,182,15.9,60.6,15.9,13.3,87,979.6,1001.1,rising rapidly,8.9,81,E,14.9,24.9,73,,none,0.0,0.0,12,5.6,635.0,Partly Cloudy,102,165,41.9,61.9,32.3,30.4,2.15,09:00,15:00,6,14.9,58.6,4.27
2024-01-03,20:06,ABQ001,Albuquerque - Intl Sunport,35.0402,-106.609,1619,-3.1,26.4,-7.6,-9.1,70,846.1,1029.2,steady,12.3,86,E,30.6,25.7,83,600,none,0.0,0.0,28,0,0.0,Haze,106,133,31.2,47.5,87.4,23.7,1.24,09:00,15:00,6,-4.1,32.7,3.45
2024-01-03,20:15,TPA001,Tampa - Intl,27.9755,-82.5332,9,17.3,63.1,17.3,1.5,21,1012.5,1013.6,rising rapidly,19.2,101,E,20.6,31.7,83,900,none,0.0,0.0,80,0,0.0,Overcast,104,278,72.3,113.6,53.4,19.4,0.33,09:00,15:00,6,14.6,38.8,4.04
2024-01-04,00:15,CLE001,Cleveland - Hopkins,41.4117,-81.8498,245,0.2,32.4,-5.5,-0.4,97,984.3,1013.4,falling rapidly,23.6,291,WNW,27.8,35.2,26,,none,0.0,0.0,28,0,0,Dust,108,291,73.9,126.3,77.1,29.8,2.64,09:00,15:00,6,-1.6,23.9,5.59
2024-01-04,03:49,MIA001,Miami - International,25.7959,-80.287,3,15.7,60.3,15.7,4.9,46,1008.1,1008.5,falling,22.9,214,SW,27.6,30.8,40,900,none,0.0,0.0,84,0,0,Mostly Clear,101,255,61.9,103.0,61.3,31.7,0.64,09:00,15:00,6,11.3,33.8,4.69
2024-01-04,05:23,NYC001,New York - Central Park,40.7829,-73.9654,39,12.7,54.9,12.7,-1.1,31,1005.9,1010.6,steady,6.9,359,N,30.5,22.0,68,900,thunderstorm,31.5,0.0,16,0,0,Thunderstorm,150,140,30.6,46.8,17.4,77.3,0.19,09:00,15:00,6,9.7,31.3,6.11
2024-01-13,14:18,DFW001,Dallas - Fort Worth,32.8998,-97.0403,182,14.8,58.6,14.8,4.6,49,987.5,1009.1,rising rapidly,11.7,230,SW,36.5,1.4,71,150,none,0.0,0.0,94,5.6,628.8,Dust,108,232,59.3,100.1,58.2,50.5,2.96,09:00,15:00,6,12.2,40.6,4.99
2024-01-13,20:57,IND001,Indianapolis - Intl,39.7173,-86.2944,248,7.1,44.8,3.3,3.7,83,984.3,1013.8,falling rapidly,23.8,211,SSW,27.9,29.7,71,150,thunderstorm,51.3,0.0,31,0,0.0,Derecho,153,58,17.5,28.5,41.0,10.7,2.47,09:00,15:00,6,3.5,52.3,4.46
2024-01-14,01:56,ATL001,Atlanta - Hartsfield,33.6407,-84.4277,313,6.5,43.7,3.5,-2.3,56,970.3,1007.2,falling rapidly,15.6,257,WSW,34.6,33.2,5,,none,0.0,0.0,13,0,0,Mostly Clear,101,87,18.0,31.1,31.1,5.5,0.71,09:00,15:00,6,4.9,44.5,0.27
2024-01-14,02:28,DTW001,Detroit - Metro Wayne,42.2162,-83.3554,195,7.3,45.1,4.1,-1.5,56,975.7,998.6,falling,19.0,70,ENE,42.8,30.0,56,9000,none,0.0,0.0,47,0,0,Partly Cloudy,102,238,60.7,97.6,43.6,77.3,1.28,09:00,15:00,6,5.4,14.7,3.63
2024-01-14,02:45,SLC001,Salt Lake City - Intl,40.7884,-111.9778,1288,2.3,36.1,-3.2,-2.7,75,879.0,1026.7,steady,27.2,189,S,30.7,7.3,32,600,none,0.0,0.0,6,0,0,Smoke,107,70,20.1,30.3,86.3,73.3,2.8,09:00,15:00,6,-1.7,18.8,3.86
2024-01-15,08:44,PHX001,Phoenix - Sky Harbor,33.4373,-112.0078,337,17.3,63.1,17.3,2.5,26,984.6,1025.0,falling rapidly,6.0,155,SSE,25.6,3.2,12,,rain,11.3,0.0,32,4.4,407.9,Rain Showers,114,198,47.3,82.8,70.3,55.4,1.19,09:00,15:00,6,12.4,17.3,5.78
2024-01-15,10:50,SEA001,Seattle - Sea-Tac,47.4502,-122.3088,137,13.9,57.0,13.9,4.9,55,988.0,1004.2,falling,13.8,3,N,33.7,37.5,6,,none,0.0,0.0,87,8.3,758.4,Smoke,107,73,20.9,34.5,61.8,62.5,1.87,09:00,15:00,6,9.1,5.5,5.28
2024-01-15,12:39,LAS001,Las Vegas - McCarran,36.084,-115.1537,664,21.3,70.3,21.3,9.9,43,944.5,1022.6,rising,1.5,293,WNW,1.5,14.2,77,6000,none,0.0,0.0,50,5.2,599.6,Smoke,107,256,64.2,105.3,60.3,33.0,0.85,09:00,15:00,6,19.1,44.4,4.75
2024-01-15,16:43,TPA001,Tampa - Intl,27.9755,-82.5332,9,20.1,68.2,20.1,9.5,47,1019.3,1020.4,rising rapidly,1.7,348,NNW,1.7,23.9,62,300,none,0.0,0.0,49,5.0,539.5,Mostly Cloudy,103,156,39.1,61.3,30.6,29.6,2.68,09:00,15:00,6,18.7,58.7,0.72
2024-01-15,21:57,DEN001,Denver - Stapleton,39.7392,-104.9903,1609,0.8,33.4,0.8,-8.8,52,836.1,1015.8,falling rapidly,1.8,54,NE,1.8,32.0,45,6000,none,0.0,0.0,70,0,0,Partly Cloudy,102,150,35.1,61.0,13.8,53.4,0.77,09:00,15:00,6,-0.4,16.9,0.36
2024-01-15,23:37,NYC001,New York - Central Park,40.7829,-73.9654,39,9.7,49.5,6.5,-4.1,31,985.1,989.7,rising rapidly,25.2,35,NE,28.4,25.8,45,9000,none,0.0,0.0,8,0,0,Clear,100,12,1.2,4.9,84.6,38.8,1.97,09:00,15:00,6,5.7,32.3,0.17
2024-01-16,02:54,BWI001,Baltimore - Washington,39.1754,-76.6684,46,6.7,44.1,3.6,2.5,79,1009.1,1014.6,rising,16.5,120,ESE,16.9,21.3,86,300,none,0.0,0.0,31,0,0,Haze,106,162,43.5,68.9,84.4,68.3,2.47,09:00,15:00,6,4.3,17.4,1.58
2024-01-16,07:06,STL001,St Louis - Lambert,38.7487,-90.37,172,15.7,60.3,15.7,11.5,79,987.3,1007.7,steady,18.8,272,W,37.8,16.6,5,,rain,19.5,0.0,27,2.4,217.0,Freezing Drizzle,115,281,69.0,100.6,31.0,6.8,1.27,09:00,15:00,6,12.8,24.7,4.12
2024-01-16,10:08,ABQ001,Albuquerque - Intl Sunport,35.0402,-106.609,1619,10.3,50.5,10.3,-2.3,37,842.7,1025.1,steady,18.4,32,NNE,19.8,1.5,19,,none,0.0,0.0,23,7.5,707.6,Mostly Cloudy,103,212,50.8,81.7,46.7,24.5,2.14,09:00,15:00,6,6.2,18.4,0.83
2024-01-16,11:49,ORD001,Chicago - O'Hare Area,41.9742,-87.9073,201,16.2,61.2,16.2,9.0,64,993.6,1017.7,steady,8.5,188,S,12.4,20.0,50,900,hail,1.2,0.0,55,6.6,675.7,Hail,140,171,41.6,75.3,54.2,32.7,0.8,09:00,15:00,6,14.3,29.1,3.57
2024-01-16,23:32,MSY001,New Orleans - Moisant,29.9934,-90.258,3,8.4,47.1,5.7,2.4,70,1011.0,1011.4,rising,16.9,84,E,24.9,5.5,73,900,none,0.0,0.0,82,0,0,Partly Cloudy,102,30,9.1,14.4,43.4,62.5,1.73,09:00,15:00,6,6.7,43.0,3.66
2024-01-17,03:33,MIA001,Miami - International,25.7959,-80.287,3,15.1,59.2,15.1,-0.9,20,1004.6,1005.0,falling,13.9,335,NNW,17.8,29.4,5,,none,0.0,0.0,31,0,0,Mostly Clear,101,172,45.7,73.2,17.0,37.5,2.48,09:00,15:00,6,14.0,38.7,3.41
2024-01-17,11:58,CLE001,Cleveland - Hopkins,41.4117,-81.8498,245,17.5,63.5,17.5,11.1,68,979.2,1008.2,falling,0.3,337,NNW,0.3,27.9,46,150,none,0.0,0.0,72,6.9,693.7,Dust,108,296,75.6,118.3,72.8,50.4,1.3,09:00,15:00,6,13.0,59.4,3.08
2024-01-17,16:13,HNL001,Honolulu - Intl,21.325,-157.925,4,20.7,69.3,20.7,7.3,33,1011.4,1011.9,falling rapidly,13.8,321,NW,27.1,14.1,34,3000,none,0.0,0.0,63,6.7,648.9,Smoke,107,265,61.7,103.8,44.8,38.7,0.64,09:00,15:00,6,19.1,5.4,1.92
2024-01-17,18:51,BOS001,Boston - Logan,42.3656,-71.0096,9,13.7,56.7,13.7,-3.1,16,999.3,1000.4,rising rapidly,17.3,152,SSE,28.5,24.0,9,,thunderstorm,39.7,0.0,19,4.5,414.4,Thunderstorm with Hail,152,77,19.6,36.8,28.9,6.8,0.13,09:00,15:00,6,9.6,56.7,4.13
2024-01-17,20:08,MCI001,Kansas City - Intl,39.2976,-94.7139,313,14.7,58.5,14.7,13.3,93,975.6,1012.7,steady,9.3,322,NW,14.6,10.1,98,9000,none,0.0,0.0,16,0,0.0,Mostly Clear,101,73,19.4,36.0,63.0,64.8,1.39,09:00,15:00,6,11.8,45.4,3.9
2024-01-17,21:20,RDU001,Raleigh-Durham - Intl,35.8801,-78.788,132,7.9,46.2,5.4,-4.1,40,1007.7,1023.6,falling,14.2,94,E,28.2,31.5,69,9000,none,0.0,0.0,68,0,0,Partly Cloudy,102,20,1.6,7.9,60.5,20.8,2.84,09:00,15:00,6,3.6,27.5,3.03
2024-01-17,23:33,MKE001,Milwaukee - Mitchell,42.9472,-87.8966,211,4.5,40.1,0.2,-0.7,74,989.1,1014.3,rising,22.0,86,E,27.6,17.1,21,,none,0.0,0.0,25,0,0,Partly Cloudy,102,114,26.1,45.1,19.2,71.9,1.48,09:00,15:00,6,0.2,30.5,1.64
2024-01-18,01:08,IAH001,Houston - Hobby,29.6454,-95.2789,15,12.7,54.9,12.7,12.5,99,1014.5,1016.3,rising,22.8,340,NNW,36.1,27.2,46,,none,0.0,0.0,70,0,0,Dust,108,17,4.6,6.6,73.5,45.4,1.93,09:00,15:00,6,8.1,23.2,0
2024-01-18,05:05,PHL001,Philadelphia - Intl,39.8729,-75.2437,9,12.3,54.1,12.3,9.5,86,1024.3,1025.4,falling rapidly,34.4,261,W,56.7,14.4,79,1500,thunderstorm,26.8,0.0,63,0,0,Thunderstorm with Hail,152,258,63.6,103.4,68.7,43.7,1.35,09:00,15:00,6,7.7,38.9,4.26
2024-01-18,05:58,LAX001,Los Angeles - Downtown,34.0522,-118.2437,71,14.9,58.8,14.9,1.5,33,1003.1,1011.6,falling rapidly,3.0,194,SSW,3.0,27.7,57,150,none,0.0,0.0,71,0,0,Smoke,107,232,56.8,89.3,42.8,77.1,2.76,09:00,15:00,6,11.3,46.0,5.6
2024-01-18,16:58,PDX001,Portland - Intl,45.5898,-122.5951,9,15.4,59.7,15.4,0.4,25,1006.3,1007.4,rising rapidly,12.7,74,ENE,21.7,25.7,88,,none,0.0,0.0,24,3.6,437.8,Fog,105,156,44.0,63.1,40.8,16.4,2.55,09:00,15:00,6,10.7,47.7,0.37
2024-01-18,17:05,SFO001,San Francisco - Intl,37.6213,-122.379,4,16.7,62.1,16.7,5.1,42,1005.2,1005.7,rising,12.2,256,WSW,13.1,26.7,38,600,none,0.0,0.0,6,5.1,505.0,Clear,100,104,27.5,47.1,20.9,70.2,0.38,09:00,15:00,6,12.5,21.9,0.72
2024-01-19,00:16,MSP001,Minneapolis - St Paul,44.8848,-93.2223,255,4.8,40.6,2.2,3.2,92,975.3,1005.4,falling rapidly,11.0,127,SE,33.5,9.7,97,3000,none,0.0,0.0,50,0,0,Fog,105,238,60.3,93.8,12.8,76.4,2.71,09:00,15:00,6,1.5,57.9,3.14
2024-01-19,00:57,ANC001,Anchorage - Intl,61.1743,-149.9963,46,1.1,34.0,-1.8,-8.5,52,1018.5,1024.1,falling rapidly,9.3,143,SE,16.5,28.5,97,,none,0.0,0.0,49,0,0,Overcast,104,71,16.2,29.1,30.4,21.1,2.77,09:00,15:00,6,-0.9,46.8,0.18
2024-01-27,11:16,ORD001,Chicago - O'Hare Area,41.9742,-87.9073,201,10.6,51.1,10.6,-0.8,43,992.7,1016.7,rising rapidly,24.7,42,NE,24.9,33.6,87,1500,hail,38.2,0.0,17,4.2,509.0,Small Hail,142,186,52.0,85.8,78.8,38.8,0.4,09:00,15:00,6,7.6,52.4,0.23
2024-01-27,16:50,CLE001,Cleveland - Hopkins,41.4117,-81.8498,245,18.0,64.4,18.0,1.6,18,981.4,1010.5,falling rapidly,18.7,173,S,26.4,4.7,61,,none,0.0,0.0,93,5.1,543.4,Mist,109,241,58.6,95.2,59.3,25.4,0.12,09:00,15:00,6,14.4,55.8,0.2
2024-01-28,02:21,ANC001,Anchorage - Intl,61.1743,-149.9963,46,0.5,32.9,0.5,-14.7,24,1003.0,1008.5,rising,2.6,92,E,2.6,1.5,99,150,none,0.0,0.0,48,0,0,Mist,109,66,13.6,34.2,34.7,13.2,1.15,09:00,15:00,6,-0.7,14.1,1.91
2024-01-28,03:23,SLC001,Salt Lake City - Intl,40.7884,-111.9778,1288,0.8,33.4,0.8,-5.4,69,861.2,1005.9,falling rapidly,0.2,57,ENE,0.2,12.6,72,9000,none,0.0,0.0,33,0,0,Mist,109,80,20.3,26.5,67.4,44.5,1.18,09:00,15:00,6,-3.2,22.2,5.81
2024-01-28,05:42,PHX001,Phoenix - Sky Harbor,33.4373,-112.0078,337,16.2,61.2,16.2,14.6,92,983.9,1024.2,falling rapidly,25.4,4,N,38.3,13.3,64,150,none,0.0,0.0,33,0,0,Partly Cloudy,102,37,9.1,14.0,19.2,42.8,2.99,09:00,15:00,6,12.5,32.8,2.12
2024-01-28,08:15,TPA001,Tampa - Intl,27.9755,-82.5332,9,20.5,68.9,20.5,6.1,28,1014.9,1016.0,falling,5.0,274,W,5.0,12.6,90,600,rain,32.0,0.0,0,1.9,238.6,Heavy Rain,112,29,11.8,18.9,62.2,16.2,2.47,09:00,15:00,6,17.0,55.8,2.87
2024-01-28,11:22,PHL001,Philadelphia - Intl,39.8729,-75.2437,9,15.3,59.5,15.3,5.7,52,1011.9,1013.0,rising,17.8,155,SSE,28.7,17.5,37,900,rain,7.3,0.0,18,7.5,734.3,Moderate Rain,111,87,17.1,22.5,18.4,65.6,2.69,09:00,15:00,6,10.6,36.4,6.5
2024-01-28,11:28,DTW001,Detroit - Metro Wayne,42.2162,-83.3554,195,23.3,73.9,23.3,14.1,54,982.1,1005.2,rising rapidly,14.8,352,N,21.0,25.7,65,900,none,0.0,0.0,48,5.6,608.2,Haze,106,272,64.6,98.1,25.6,56.9,2.59,09:00,15:00,6,19.2,7.8,2.18
2024-01-28,12:21,BWI001,Baltimore - Washington,39.1754,-76.6684,46,10.0,50.0,7.0,6.4,82,1012.2,1017.7,rising rapidly,23.8,224,SW,47.5,8.4,94,6000,rain,29.0,0.0,27,4.0,516.7,Drizzle,113,248,68.1,105.8,46.3,74.4,1.03,09:00,15:00,6,5.6,24.5,1.19
2024-01-28,13:14,NYC001,New York - Central Park,40.7829,-73.9654,39,20.2,68.4,20.2,7.8,38,1018.0,1022.7,falling,1.5,281,W,1.5,1.0,92,,none,0.0,0.0,80,4.3,540.0,Partly Cloudy,102,21,6.7,8.7,77.9,75.4,1.54,09:00,15:00,6,18.7,36.6,0.61
2024-01-29,03:21,ATL001,Atlanta - Hartsfield,33.6407,-84.4277,313,10.0,50.0,7.2,8.2,91,975.5,1012.6,rising rapidly,22.0,341,NNW,30.7,15.2,39,,hail,1.5,0.0,4,0,0,Heavy Hail,141,299,74.3,124.6,70.9,39.3,2.25,09:00,15:00,6,6.9,32.2,3.04
2024-01-29,05:36,MSY001,New Orleans - Moisant,29.9934,-90.258,3,22.4,72.3,22.4,18.2,79,1022.4,1022.8,falling,23.8,27,NNE,44.0,17.8,90,150,rain,25.7,0.0,19,0,0,Freezing Drizzle,115,137,36.7,53.0,68.1,64.5,1.51,09:00,15:00,6,21.3,12.5,5.98
2024-01-29,07:07,MSP001,Minneapolis - St Paul,44.8848,-93.2223,255,10.8,51.4,10.8,1.8,55,987.1,1017.5,rising rapidly,30.6,144,SE,38.2,23.1,43,9000,none,0.0,0.0,35,1.7,174.7,Fog,105,299,76.6,118.0,28.1,55.4,0.22,09:00,15:00,6,6.5,36.5,4.75
2024-01-29,18:55,DFW001,Dallas - Fort Worth,32.8998,-97.0403,182,6.5,43.7,5.1,0.1,68,996.4,1018.2,falling rapidly,7.2,169,S,16.1,9.0,100,150,none,0.0,0.0,39,1.6,216.9,Clear,100,6,0.1,3.0,81.6,70.8,2.92,09:00,15:00,6,1.8,47.6,4.83
2024-01-30,09:06,LAS001,Las Vegas - McCarran,36.084,-115.1537,664,13.7,56.7,13.7,2.1,42,942.9,1020.9,rising rapidly,2.3,212,SSW,2.3,14.6,99,6000,none,0.0,0.0,32,2.3,314.9,Haze,106,50,11.6,21.0,60.9,66.5,0.4,09:00,15:00,6,11.5,18.5,0
2024-01-30,19:54,MCI001,Kansas City - Intl,39.2976,-94.7139,313,4.8,40.6,0.3,-8.0,36,988.9,1026.5,falling rapidly,24.2,80,E,36.8,32.8,31,6000,none,0.0,0.0,19,1.9,188.0,Dust,108,184,44.6,68.2,45.9,17.3,1.59,09:00,15:00,6,1.3,23.9,2.18
2024-01-30,21:56,IND001,Indianapolis - Intl,39.7173,-86.2944,248,4.7,40.5,0.3,-7.9,37,986.2,1015.8,steady,23.2,225,SW,47.7,15.3,80,,none,0.0,0.0,20,0,0,Dust,108,15,5.3,10.3,87.2,38.1,0.51,09:00,15:00,6,1.6,16.9,2.82
2024-01-30,23:27,HNL001,Honolulu - Intl,21.325,-157.925,4,16.5,61.7,16.5,7.7,56,1018.7,1019.2,rising,12.9,71,ENE,27.8,18.3,56,600,none,0.0,0.0,11,0,0,Smoke,107,116,27.7,38.5,89.8,67.3,2.48,09:00,15:00,6,11.6,20.1,0
2024-01-31,02:51,BOS001,Boston - Logan,42.3656,-71.0096,9,0.3,32.5,-4.5,-5.7,70,1007.1,1008.2,rising rapidly,17.5,187,S,18.1,17.5,84,9000,none,0.0,0.0,3,0,0,Mostly Clear,101,245,63.7,105.0,75.5,58.4,0.49,09:00,15:00,6,-1.0,21.3,1.55
2024-01-31,05:03,LAX001,Los Angeles - Downtown,34.0522,-118.2437,71,16.0,60.8,16.0,5.8,49,1011.7,1020.3,rising,10.3,303,WNW,33.4,37.4,30,,rain,43.1,0.0,52,0,0,Rain Showers,114,131,32.2,59.5,84.9,70.6,2.93,09:00,15:00,6,13.2,36.4,2.5
2024-01-31,12:55,ABQ001,Albuquerque - Intl Sunport,35.0402,-106.609,1619,10.6,51.1,10.6,8.8,91,827.9,1007.1,steady,7.9,178,S,25.4,12.5,91,3000,none,0.0,0.0,90,4.2,531.3,Fog,105,289,70.7,115.5,11.9,66.8,1.37,09:00,15:00,6,7.6,35.1,0
2024-01-31,22:41,MIA001,Miami - International,25.7959,-80.287,3,9.1,48.4,5.6,-7.3,18,1010.5,1010.9,rising rapidly,26.7,176,S,38.8,8.8,29,,rain,28.3,0.0,1,0,0,Moderate Rain,111,201,53.3,89.9,19.2,65.8,0.41,09:00,15:00,6,7.4,25.3,1.56
2024-02-01,09:54,DEN001,Denver - Stapleton,39.7392,-104.9903,1609,2.4,36.3,-1.4,-1.6,80,836.5,1016.3,rising,14.5,308,NW,21.4,28.4,58,600,rain,12.1,0.0,98,4.2,442.7,Rain Showers,114,25,4.0,5.4,62.8,34.8,2.21,08:00,16:00,8,0.6,55.8,2.93
2024-02-01,13:33,IAH001,Houston - Hobby,29.6454,-95.2789,15,22.3,72.1,22.3,17.3,75,1030.0,1031.8,rising,12.7,302,WNW,37.4,8.5,72,900,none,0.0,0.0,85,5.7,640.0,Overcast,104,170,40.9,68.1,16.4,71.0,1.69,08:00,16:00,8,17.7,39.3,3.39
2024-02-01,17:59,STL001,St Louis - Lambert,38.7487,-90.37,172,11.4,52.5,11.4,4.4,65,993.8,1014.4,steady,21.8,126,SE,31.3,21.1,50,6000,none,0.0,0.0,40,4.6,467.6,Dust,108,194,53.6,89.5,89.6,24.1,1.26,08:00,16:00,8,7.8,35.6,4.93
2024-02-01,21:23,SFO001,San Francisco - Intl,37.6213,-122.379,4,11.5,52.7,11.5,3.7,61,1016.2,1016.7,rising rapidly,18.3,206,SSW,19.8,36.9,15,,none,0.0,0.0,11,0,0,Haze,106,190,52.1,82.3,13.3,21.4,2.82,08:00,16:00,8,9.6,7.1,3.18
2024-02-02,01:35,MKE001,Milwaukee - Mitchell,42.9472,-87.8966,211,5.7,42.3,3.0,-10.5,19,985.4,1010.5,falling rapidly,12.5,60,ENE,35.3,39.3,88,300,none,0.0,0.0,47,0,0,Mostly Clear,101,136,30.0,49.0,48.2,47.3,2.73,08:00,16:00,8,4.0,58.3,2.7
2024-02-02,02:57,SEA001,Seattle - Sea-Tac,47.4502,-122.3088,137,4.8,40.6,2.9,-4.2,55,995.8,1012.2,rising rapidly,8.1,281,W,28.5,35.0,74,3000,none,0.0,0.0,26,0,0,Fog,105,233,57.1,96.8,26.2,12.8,1.02,08:00,16:00,8,2.0,12.3,3.2
2024-02-02,08:48,PDX001,Portland - Intl,45.5898,-122.5951,9,14.7,58.5,14.7,11.9,86,1009.5,1010.6,rising rapidly,16.4,350,N,16.6,29.2,63,600,none,0.0,0.0,40,2.8,297.2,Smoke,107,172,41.5,69.1,67.5,38.6,2.37,08:00,16:00,8,12.2,15.9,1.48
2024-02-02,17:47,RDU001,Raleigh-Durham - Intl,35.8801,-78.788,132,14.2,57.6,14.2,10.0,79,985.0,1000.6,falling,24.3,193,SSW,41.8,15.5,57,1500,none,0.0,0.0,89,4.3,445.8,Clear,100,83,16.7,27.0,42.7,8.3,0.11,08:00,16:00,8,10.4,26.5,5.61
2024-02-11,08:15,LAS001,Las Vegas - McCarran,36.084,-115.1537,664,9.0,48.2,7.7,3.0,70,931.0,1008.0,steady,8.6,262,W,9.9,18.7,29,,thunderstorm,12.6,0.0,13,3.8,371.0,Thunderstorm with Hail,152,138,37.4,49.1,32.9,33.8,2.26,08:00,16:00,8,8.0,52.2,4.85
2024-02-11,18:19,ATL001,Atlanta - Hartsfield,33.6407,-84.4277,313,13.9,57.0,13.9,8.5,73,984.3,1021.7,rising,10.3,91,E,22.2,11.9,41,300,none,0.0,0.0,20,3.5,344.9,Mostly Clear,101,195,49.8,84.1,46.2,29.4,0.51,08:00,16:00,8,9.7,52.3,2.93
2024-02-11,19:27,ABQ001,Albuquerque - Intl Sunport,35.0402,-106.609,1619,1.1,34.0,-1.2,0.1,95,826.8,1005.7,rising,7.2,14,NNE,11.0,27.5,51,3000,none,0.0,0.0,5,1.6,165.8,Dust,108,196,50.7,78.9,57.4,58.1,1.86,08:00,16:00,8,-3.1,49.0,0.48
2024-02-12,00:52,PHX001,Phoenix - Sky Harbor,33.4373,-112.0078,337,4.6,40.3,0.7,-1.6,69,965.0,1004.6,rising,18.8,338,NNW,40.4,22.9,17,,none,0.0,0.0,17,0,0,Clear,100,199,45.5,74.2,46.5,14.1,1.34,08:00,16:00,8,0.0,47.1,2.62
2024-02-12,01:07,LAX001,Los Angeles - Downtown,34.0522,-118.2437,71,2.6,36.7,-2.1,-4.2,66,1012.2,1020.8,steady,21.3,146,SE,26.9,11.0,25,,rain,31.7,0.0,75,0,0,Freezing Drizzle,115,194,50.8,82.2,74.2,46.7,0.43,08:00,16:00,8,-0.0,9.7,3.9
2024-02-12,18:43,TPA001,Tampa - Intl,27.9755,-82.5332,9,17.0,62.6,17.0,6.8,49,1003.0,1004.1,rising,28.4,239,WSW,52.4,34.2,100,9000,none,0.0,0.0,36,1.6,216.9,Clear,100,237,61.3,102.3,13.9,47.8,1.4,08:00,16:00,8,13.5,5.1,1.47
2024-02-12,21:44,ANC001,Anchorage - Intl,61.1743,-149.9963,46,1.3,34.3,1.3,-11.3,37,1011.9,1017.4,rising rapidly,3.1,359,N,3.1,5.9,9,,none,0.0,0.0,6,0,0,Clear,100,30,8.8,17.5,86.3,68.1,1.35,08:00,16:00,8,-1.0,31.7,5.61
2024-02-13,02:46,RDU001,Raleigh-Durham - Intl,35.8801,-78.788,132,9.1,48.4,9.1,-4.9,30,1011.5,1027.5,rising,2.7,313,NW,2.7,33.1,21,,none,0.0,0.0,83,0,0,Haze,106,27,4.5,10.7,81.9,45.5,1.29,08:00,16:00,8,5.4,47.4,5.73
2024-02-13,04:00,SFO001,San Francisco - Intl,37.6213,-122.379,4,4.5,40.1,0.5,-4.7,54,1022.7,1023.2,rising rapidly,19.2,165,SSE,20.7,30.1,31,150,thunderstorm,30.9,0.0,18,0,0,Derecho,153,241,60.9,101.4,39.5,64.2,2.42,08:00,16:00,8,1.9,59.9,6.26
2024-02-13,15:21,MSY001,New Orleans - Moisant,29.9934,-90.258,3,20.0,68.0,20.0,15.0,75,1013.9,1014.3,falling rapidly,3.2,207,SSW,3.2,27.3,71,,none,0.0,0.0,51,5.2,581.1,Smoke,107,82,23.8,37.6,15.8,30.5,2.28,08:00,16:00,8,17.8,23.1,3.11
2024-02-13,18:41,SEA001,Seattle - Sea-Tac,47.4502,-122.3088,137,8.7,47.7,5.9,-7.5,19,988.3,1004.5,falling rapidly,18.2,11,N,37.5,6.1,95,9000,hail,47.6,0.0,41,1.7,227.8,Hail,140,36,6.8,6.2,10.5,69.0,2.54,08:00,16:00,8,5.3,51.2,1.12
2024-02-14,06:29,PDX001,Portland - Intl,45.5898,-122.5951,9,7.9,46.2,5.3,6.3,92,1008.8,1009.9,falling,15.0,11,N,34.9,7.4,95,3000,hail,12.2,0.0,32,0,0.0,Hail,140,193,51.0,75.9,71.2,63.0,0.61,08:00,16:00,8,3.0,21.0,1.46
2024-02-14,07:16,MSP001,Minneapolis - St Paul,44.8848,-93.2223,255,12.2,54.0,12.2,12.0,99,979.4,1009.6,falling,35.1,125,SE,35.7,39.6,7,,none,0.0,0.0,83,2.3,214.7,Mist,109,142,36.3,57.1,12.5,64.0,1.56,08:00,16:00,8,7.9,33.7,4.63
2024-02-14,15:17,BWI001,Baltimore - Washington,39.1754,-76.6684,46,15.9,60.6,15.9,1.1,26,1008.1,1013.6,falling rapidly,9.7,245,WSW,31.9,15.4,64,9000,none,0.0,0.0,78,5.7,612.7,Fog,105,215,52.9,82.6,61.1,45.8,1.07,08:00,16:00,8,14.7,51.7,1.61
2024-02-14,15:55,HNL001,Honolulu - Intl,21.325,-157.925,4,18.7,65.7,18.7,14.9,81,1017.7,1018.2,steady,16.2,66,ENE,26.6,5.5,10,,rain,45.2,0.0,54,9.2,855.9,Drizzle,113,156,37.4,61.4,59.7,71.2,1.44,08:00,16:00,8,14.2,34.9,6.45
2024-02-15,00:11,DEN001,Denver - Stapleton,39.7392,-104.9903,1609,-1.2,29.8,-5.1,-8.6,63,843.2,1024.4,falling rapidly,11.2,53,NE,27.1,20.8,0,,rain,53.0,0.0,30,0,0,Freezing Drizzle,115,258,66.7,108.3,40.7,12.3,1.79,08:00,16:00,8,-3.3,47.6,3.82
2024-02-15,00:15,NYC001,New York - Central Park,40.7829,-73.9654,39,2.9,37.2,-0.7,-9.1,40,1005.0,1009.7,rising rapidly,14.1,346,NNW,26.1,3.4,90,3000,none,0.0,0.0,33,0,0,Clear,100,160,43.6,64.7,71.6,7.3,0.83,08:00,16:00,8,1.2,42.1,3.33
2024-02-15,07:29,BOS001,Boston - Logan,42.3656,-71.0096,9,9.1,48.4,6.4,-3.9,35,1022.9,1024.0,steady,18.6,72,ENE,32.8,18.8,12,,none,0.0,0.0,1,2.3,209.2,Overcast,104,126,27.7,44.9,29.0,34.2,0.17,08:00,16:00,8,4.7,53.5,2.8
2024-02-15,10:24,PHL001,Philadelphia - Intl,39.8729,-75.2437,9,16.3,61.3,16.3,6.1,49,1014.5,1015.6,rising rapidly,19.1,329,NNW,21.3,9.2,25,,none,0.0,0.0,13,7.2,684.1,Mist,109,160,41.2,59.3,62.0,41.6,2.52,08:00,16:00,8,14.9,30.5,6.55
2024-02-15,21:42,MIA001,Miami - International,25.7959,-80.287,3,8.6,47.5,5.9,-8.4,15,1008.1,1008.5,rising,17.2,290,WNW,18.7,4.4,14,,none,0.0,0.0,26,0,0,Fog,105,181,46.0,72.4,27.1,28.3,0.97,08:00,16:00,8,7.0,9.4,1.08
2024-02-15,22:49,DTW001,Detroit - Metro Wayne,42.2162,-83.3554,195,9.9,49.8,8.7,-4.7,27,975.5,998.4,rising,8.7,309,NW,18.9,23.1,63,150,thunderstorm,22.9,0.0,83,0,0,Severe Thunderstorm,151,259,60.5,97.4,30.0,31.7,0.27,08:00,16:00,8,8.0,15.8,0.19
2024-02-16,00:18,MKE001,Milwaukee - Mitchell,42.9472,-87.8966,211,0.9,33.6,-1.9,-12.5,33,983.8,1008.8,rising rapidly,8.7,80,E,19.4,30.4,99,600,none,0.0,0.0,57,0,0,Mostly Clear,101,137,34.5,50.8,13.5,37.5,0.84,08:00,16:00,8,-1.1,41.7,4.05
2024-02-16,02:55,DFW001,Dallas - Fort Worth,32.8998,-97.0403,182,12.6,54.7,12.6,10.4,89,990.8,1012.5,falling rapidly,6.6,86,E,27.9,16.6,46,900,none,0.0,0.0,21,0,0,Mostly Cloudy,103,48,13.1,21.6,69.8,14.8,1.98,08:00,16:00,8,9.8,57.1,2.21
2024-02-16,04:39,IND001,Indianapolis - Intl,39.7173,-86.2944,248,7.7,45.9,5.5,-2.3,50,989.6,1019.3,falling rapidly,11.9,269,W,27.7,25.8,57,300,none,0.0,0.0,21,0,0,Dust,108,69,14.0,28.7,84.1,72.7,2.27,08:00,16:00,8,4.5,7.8,2.02
2024-02-16,05:16,IAH001,Houston - Hobby,29.6454,-95.2789,15,14.7,58.5,14.7,10.3,78,1006.4,1008.2,falling,26.9,299,WNW,43.6,23.9,17,,none,0.0,0.0,6,0,0,Partly Cloudy,102,12,1.0,0.1,43.2,26.6,1.35,08:00,16:00,8,13.6,26.1,3.66
2024-02-16,13:54,MCI001,Kansas City - Intl,39.2976,-94.7139,313,17.0,62.6,17.0,14.8,89,985.2,1022.7,falling rapidly,9.9,330,NNW,30.4,1.1,35,150,none,0.0,0.0,56,8.4,825.0,Smoke,107,45,10.9,19.7,83.3,56.4,1.82,08:00,16:00,8,15.1,55.5,1.74
2024-02-16,15:08,CLE001,Cleveland - Hopkins,41.4117,-81.8498,245,12.1,53.8,12.1,8.5,82,985.5,1014.7,falling rapidly,9.3,50,NE,32.4,25.7,3,,none,0.0,0.0,7,9.7,887.5,Overcast,104,180,45.8,76.4,77.9,33.6,2.15,08:00,16:00,8,10.2,60.0,1.36
2024-02-16,15:13,STL001,St Louis - Lambert,38.7487,-90.37,172,13.9,57.0,13.9,8.3,72,987.2,1007.6,falling,5.6,146,SE,27.4,36.9,86,6000,none,0.0,0.0,1,4.2,513.6,Mostly Clear,101,8,2.0,0.1,68.6,79.7,0.77,08:00,16:00,8,11.5,43.4,2.4
2024-02-16,15:21,ORD001,Chicago - O'Hare Area,41.9742,-87.9073,201,15.9,60.6,15.9,3.3,37,988.8,1012.7,rising,7.8,127,SE,24.3,12.1,63,300,none,0.0,0.0,87,5.7,617.2,Clear,100,210,51.7,77.5,84.7,18.7,2.18,08:00,16:00,8,12.1,17.7,0
2024-02-16,22:15,SLC001,Salt Lake City - Intl,40.7884,-111.9778,1288,-7.8,18.0,-10.8,-14.0,69,877.9,1025.4,rising,5.7,65,ENE,22.8,23.6,51,600,snow,0.0,12.5,95,0,0,Moderate Snow,121,59,17.8,30.6,13.1,70.3,0.69,08:00,16:00,8,-9.5,44.4,5.22
2024-02-26,09:33,BOS001,Boston - Logan,42.3656,-71.0096,9,22.2,72.0,22.2,19.4,86,1014.3,1015.4,steady,13.4,349,N,33.7,27.5,65,300,none,0.0,0.0,81,3.9,420.9,Mist,109,236,55.9,83.9,51.2,19.8,2.86,08:00,16:00,8,20.6,10.9,5.78
2024-02-26,10:36,MIA001,Miami - International,25.7959,-80.287,3,17.1,62.8,17.1,3.9,34,1019.2,1019.6,falling,16.9,30,NNE,29.8,15.9,97,3000,none,0.0,0.0,48,3.0,402.6,Haze,106,41,13.9,27.0,18.0,27.1,0.17,08:00,16:00,8,13.9,37.1,4.63
2024-02-26,12:22,IAH001,Houston - Hobby,29.6454,-95.2789,15,19.5,67.1,19.5,9.5,50,1009.3,1011.1,falling rapidly,10.6,146,SE,21.4,8.5,41,600,none,0.0,0.0,96,7.8,775.1,Overcast,104,46,13.0,24.2,25.5,9.2,2.96,08:00,16:00,8,18.4,47.0,2.3
2024-02-26,12:32,PHX001,Phoenix - Sky Harbor,33.4373,-112.0078,337,15.2,59.4,15.2,3.2,40,963.1,1002.6,steady,10.6,223,SW,32.3,37.9,12,,none,0.0,0.0,30,9.9,916.4,Dust,108,101,23.1,41.6,21.8,79.2,2.02,08:00,16:00,8,13.0,51.0,2.85
2024-02-26,14:51,PHL001,Philadelphia - Intl,39.8729,-75.2437,9,13.0,55.4,13.0,-3.6,17,1015.1,1016.2,rising,13.9,162,SSE,18.4,27.5,75,600,none,0.0,0.0,65,5.4,609.3,Smoke,107,136,30.4,45.8,33.2,70.7,2.8,08:00,16:00,8,11.6,17.8,0.71
2024-02-26,16:03,NYC001,New York - Central Park,40.7829,-73.9654,39,13.3,55.9,13.3,6.5,66,1016.5,1021.2,falling,11.2,135,SE,15.1,18.7,35,6000,none,0.0,0.0,93,6.6,645.0,Smoke,107,95,25.0,39.0,59.4,42.8,1.71,08:00,16:00,8,10.0,48.8,3.97
2024-02-26,20:21,DTW001,Detroit - Metro Wayne,42.2162,-83.3554,195,9.3,48.7,7.2,5.7,82,979.9,1002.9,rising rapidly,13.7,356,N,30.8,24.5,7,,none,0.0,0.0,48,0,0.0,Partly Cloudy,102,222,58.1,91.9,84.6,17.9,1.61,08:00,16:00,8,7.4,54.7,2.32
2024-02-27,08:46,DEN001,Denver - Stapleton,39.7392,-104.9903,1609,-0.4,31.3,-5.5,-10.8,48,816.9,992.5,rising rapidly,18.2,174,S,20.2,14.6,92,900,none,0.0,0.0,96,1.8,234.3,Overcast,104,213,52.2,86.8,27.3,27.5,2.21,08:00,16:00,8,-4.6,18.2,0.8
2024-02-27,09:25,PDX001,Portland - Intl,45.5898,-122.5951,9,13.3,55.9,13.3,8.5,76,1016.8,1017.9,falling,14.7,352,N,16.7,34.5,64,1500,none,0.0,0.0,48,3.9,424.0,Partly Cloudy,102,162,38.6,63.1,16.7,26.9,1.09,08:00,16:00,8,12.2,11.3,2.13
2024-02-27,13:46,SFO001,San Francisco - Intl,37.6213,-122.379,4,17.8,64.0,17.8,14.6,84,1013.7,1014.2,rising rapidly,17.0,116,ESE,33.5,26.7,98,1500,none,0.0,0.0,6,3.8,510.0,Partly Cloudy,102,107,25.2,38.8,86.6,52.8,1.13,08:00,16:00,8,15.6,8.3,2.25
2024-02-27,20:20,STL001,St Louis - Lambert,38.7487,-90.37,172,8.2,46.8,5.3,1.2,65,994.5,1015.1,falling,17.8,86,E,28.7,26.7,56,600,none,0.0,0.0,32,0,0.0,Dust,108,141,36.3,55.9,15.7,34.5,0.92,08:00,16:00,8,5.3,39.7,0
2024-02-27,21:55,MSY001,New Orleans - Moisant,29.9934,-90.258,3,12.9,55.2,12.9,-3.9,16,1010.9,1011.3,falling rapidly,20.1,306,NW,34.7,12.2,75,300,rain,37.2,0.0,57,0,0,Rain Showers,114,111,24.8,39.4,48.8,69.5,1.29,08:00,16:00,8,8.2,54.8,4.63
2024-02-28,00:10,IND001,Indianapolis - Intl,39.7173,-86.2944,248,11.8,53.2,11.8,0.8,45,994.4,1024.2,rising,8.8,12,NNE,16.6,32.8,92,,thunderstorm,34.6,0.0,78,0,0,Thunderstorm with Hail,152,117,34.4,58.6,19.1,36.7,1.68,08:00,16:00,8,10.8,9.7,2.87
2024-02-28,01:39,TPA001,Tampa - Intl,27.9755,-82.5332,9,8.0,46.4,4.3,-5.6,32,1013.7,1014.8,steady,25.6,114,ESE,48.9,1.9,31,900,none,0.0,0.0,42,0,0,Haze,106,114,25.2,43.7,72.5,21.8,2.28,08:00,16:00,8,6.5,18.2,4.06
2024-02-28,03:41,ORD001,Chicago - O'Hare Area,41.9742,-87.9073,201,5.6,42.1,2.7,-10.4,20,993.8,1017.9,falling,13.8,56,NE,26.1,25.2,78,300,none,0.0,0.0,61,0,0,Mostly Cloudy,103,231,60.2,107.4,18.8,43.4,0.72,08:00,16:00,8,3.9,32.7,2.19
2024-02-28,05:40,BWI001,Baltimore - Washington,39.1754,-76.6684,46,7.8,46.0,4.9,-2.0,51,1003.8,1009.3,rising,17.0,177,S,30.9,32.0,34,900,hail,25.5,0.0,99,0,0,Heavy Hail,141,24,7.6,13.8,76.7,40.2,2.08,08:00,16:00,8,5.5,18.6,5.31
2024-02-28,07:31,HNL001,Honolulu - Intl,21.325,-157.925,4,21.3,70.3,21.3,11.1,49,1012.0,1012.5,rising rapidly,8.8,118,ESE,14.6,38.2,19,,none,0.0,0.0,17,2.1,201.4,Smoke,107,118,29.6,50.3,69.3,33.7,0.82,08:00,16:00,8,19.2,48.0,0
2024-02-28,15:41,DFW001,Dallas - Fort Worth,32.8998,-97.0403,182,13.1,55.6,13.1,3.3,51,986.2,1007.8,rising rapidly,4.4,194,SSW,4.4,15.0,5,,none,0.0,0.0,58,9.6,878.4,Overcast,104,66,11.1,14.1,57.9,78.7,0.45,08:00,16:00,8,9.8,6.9,1.7
2024-02-28,22:49,MCI001,Kansas City - Intl,39.2976,-94.7139,313,1.9,35.4,-1.2,-14.9,16,987.4,1024.9,rising,10.6,174,S,32.1,3.2,98,6000,rain,38.8,0.0,20,0,0,Light Rain,110,290,71.1,110.6,30.7,73.2,1.17,08:00,16:00,8,-0.7,9.1,4.07
2024-02-29,08:16,ABQ001,Albuquerque - Intl Sunport,35.0402,-106.609,1619,8.7,47.7,4.9,6.5,89,841.5,1023.6,rising,29.1,184,S,38.1,16.0,51,300,none,0.0,0.0,78,3.1,323.2,Fog,105,246,60.5,96.4,82.9,39.5,0.51,08:00,16:00,8,4.9,7.0,3.89
2024-02-29,09:34,SEA001,Seattle - Sea-Tac,47.4502,-122.3088,137,10.2,50.4,10.2,-2.6,36,995.0,1011.4,falling rapidly,14.4,328,NNW,28.5,20.5,58,1500,none,0.0,0.0,52,4.2,442.7,Dust,108,78,19.5,30.0,23.8,77.2,0.73,08:00,16:00,8,6.0,6.1,1.25
2024-02-29,13:17,CLE001,Cleveland - Hopkins,41.4117,-81.8498,245,15.6,60.1,15.6,14.0,92,982.7,1011.8,rising,1.1,175,S,1.1,22.3,4,,thunderstorm,16.0,0.0,39,10.7,980.0,Thunderstorm,150,182,42.3,66.8,48.0,48.7,1.93,08:00,16:00,8,14.2,41.2,3.5
2024-03-01,04:58,RDU001,Raleigh-Durham - Intl,35.8801,-78.788,132,4.6,40.3,0.5,-10.8,23,1001.9,1017.8,falling rapidly,20.1,148,SSE,27.2,11.0,59,900,none,0.0,0.0,95,0,0,Smoke,107,244,62.8,94.2,61.2,7.9,2.67,07:00,17:00,10,3.1,25.3,1.53
2024-03-01,08:41,LAS001,Las Vegas - McCarran,36.084,-115.1537,664,7.9,46.2,5.7,5.3,87,923.3,999.7,falling,12.7,305,NW,33.1,13.9,69,600,rain,53.7,0.0,13,2.6,284.2,Rain Showers,114,62,16.0,27.1,65.7,44.8,0.67,07:00,17:00,10,4.3,29.3,5.15
2024-03-01,12:51,ATL001,Atlanta - Hartsfield,33.6407,-84.4277,313,8.3,46.9,4.4,-7.3,22,982.5,1019.8,steady,29.2,130,SE,35.8,12.2,63,300,none,0.0,0.0,89,6.2,667.8,Fog,105,5,0.1,0.5,28.4,36.4,1.41,07:00,17:00,10,6.0,36.2,4.54
2024-03-01,13:40,MSP001,Minneapolis - St Paul,44.8848,-93.2223,255,3.0,37.4,3.0,-2.6,72,984.6,1015.0,rising rapidly,3.1,341,NNW,3.1,21.4,72,150,none,0.0,0.0,35,5.7,640.0,Mostly Cloudy,103,209,54.1,83.6,11.5,6.6,2.53,07:00,17:00,10,1.0,14.4,1.76
2024-03-01,14:02,MKE001,Milwaukee - Mitchell,42.9472,-87.8966,211,8.0,46.4,6.5,2.8,74,989.0,1014.2,falling rapidly,8.6,85,E,29.5,13.0,30,,none,0.0,0.0,51,8.6,828.7,Haze,106,296,75.9,116.3,73.7,64.7,1.42,07:00,17:00,10,6.9,39.7,2.62
2024-03-02,14:26,SLC001,Salt Lake City - Intl,40.7884,-111.9778,1288,-3.5,25.7,-10.4,-13.1,52,872.9,1019.5,falling rapidly,25.2,258,WSW,31.6,12.4,11,,none,0.0,0.0,21,9.9,921.3,Clear,100,98,26.4,42.3,79.8,31.6,1.19,07:00,17:00,10,-5.9,33.5,3.51
2024-03-02,15:04,LAX001,Los Angeles - Downtown,34.0522,-118.2437,71,15.0,59.0,15.0,4.6,48,1012.4,1021.0,falling rapidly,12.0,144,SE,31.7,23.5,53,3000,none,0.0,0.0,54,6.4,662.2,Smoke,107,107,23.3,40.9,52.4,65.5,0.74,07:00,17:00,10,11.6,24.4,4.33
2024-03-02,22:29,ANC001,Anchorage - Intl,61.1743,-149.9963,46,-9.2,15.4,-17.3,-13.4,79,1009.6,1015.1,falling rapidly,22.4,334,NNW,25.0,5.6,23,,sleet,56.3,0.0,95,0,0,Freezing Rain,131,81,15.2,19.5,30.3,21.2,1.7,07:00,17:00,10,-13.5,12.3,1.56
2024-03-11,20:32,ATL001,Atlanta - Hartsfield,33.6407,-84.4277,313,9.1,48.4,6.2,4.7,78,976.0,1013.1,rising,20.5,94,E,42.8,31.3,22,,none,0.0,0.0,62,0,0.0,Overcast,104,152,34.8,60.4,46.7,14.9,2.12,07:00,17:00,10,6.2,18.5,1.39
2024-03-11,21:16,BOS001,Boston - Logan,42.3656,-71.0096,9,-1.7,28.9,-6.7,-17.7,20,1007.9,1009.0,rising,16.2,49,NE,25.9,37.3,9,,snow,0.0,23.7,65,0,0,Heavy Snow,122,167,37.3,58.2,75.1,7.4,0.94,07:00,17:00,10,-6.1,58.2,0
2024-03-12,08:15,SEA001,Seattle - Sea-Tac,47.4502,-122.3088,137,4.8,40.6,0.6,-7.6,38,998.7,1015.1,rising,21.7,128,SE,37.3,38.5,66,3000,none,0.0,0.0,85,2.7,290.7,Overcast,104,13,0.3,1.9,69.6,42.8,0.74,07:00,17:00,10,1.4,55.5,0
2024-03-12,10:16,NYC001,New York - Central Park,40.7829,-73.9654,39,16.8,62.2,16.8,13.4,83,1007.3,1012.0,steady,28.9,168,SSE,31.1,39.0,97,600,none,0.0,0.0,49,3.0,402.6,Smoke,107,85,20.6,39.2,86.7,22.3,0.33,07:00,17:00,10,15.6,8.1,2.45
2024-03-12,14:35,SFO001,San Francisco - Intl,37.6213,-122.379,4,7.2,45.0,3.3,1.4,71,1016.0,1016.5,falling,25.4,158,SSE,27.5,6.6,15,,none,0.0,0.0,42,9.7,901.8,Haze,106,96,27.4,45.3,65.9,57.7,1.7,07:00,17:00,10,2.5,55.8,3.39
2024-03-12,17:25,PDX001,Portland - Intl,45.5898,-122.5951,9,12.2,54.0,12.2,-0.8,35,1009.4,1010.5,rising rapidly,1.6,117,ESE,1.6,25.5,86,900,none,0.0,0.0,60,2.9,355.4,Smoke,107,130,32.3,59.0,77.1,24.8,0.29,07:00,17:00,10,8.4,28.7,1.6
2024-03-12,17:41,DEN001,Denver - Stapleton,39.7392,-104.9903,1609,-4.1,24.6,-6.9,-5.5,93,829.4,1007.7,steady,6.4,311,NW,23.6,11.2,62,,none,0.0,0.0,90,4.0,430.2,Mostly Clear,101,114,21.0,38.1,16.0,20.8,2.14,07:00,17:00,10,-5.8,27.6,1.06
2024-03-13,10:00,MSP001,Minneapolis - St Paul,44.8848,-93.2223,255,7.2,45.0,7.2,-0.2,63,973.7,1003.7,rising,0.8,26,NNE,0.8,25.4,56,1500,none,0.0,0.0,29,5.4,562.9,Dust,108,216,54.4,88.2,26.1,70.9,2.79,07:00,17:00,10,3.9,41.9,5.2
2024-03-13,17:59,IND001,Indianapolis - Intl,39.7173,-86.2944,248,6.8,44.2,3.9,-7.8,27,989.8,1019.5,steady,15.7,196,SSW,37.1,37.6,95,,rain,9.1,0.0,45,2.5,327.3,Moderate Rain,111,231,56.0,84.1,53.0,77.7,0.14,07:00,17:00,10,4.0,19.1,1.43
2024-03-13,18:30,DTW001,Detroit - Metro Wayne,42.2162,-83.3554,195,2.4,36.3,-1.8,-5.6,60,992.5,1015.8,falling,17.1,194,SSW,30.4,0.2,74,3000,none,0.0,0.0,71,2.4,273.3,Fog,105,9,1.5,0.6,78.6,24.4,1.17,07:00,17:00,10,-1.3,43.5,1.6
2024-03-13,23:07,STL001,St Louis - Lambert,38.7487,-90.37,172,3.9,39.0,-2.1,-10.9,26,991.7,1012.2,rising rapidly,38.3,309,NW,58.8,26.5,50,300,none,0.0,0.0,67,0,0,Mostly Cloudy,103,236,57.1,99.1,76.8,24.5,2.12,07:00,17:00,10,1.1,49.6,2.63
2024-03-14,14:27,PHX001,Phoenix - Sky Harbor,33.4373,-112.0078,337,12.9,55.2,12.9,11.3,92,981.5,1021.7,rising,20.0,235,SW,35.3,31.0,15,,none,0.0,0.0,19,9.7,901.8,Overcast,104,281,72.6,114.5,46.7,39.7,0.28,07:00,17:00,10,8.4,9.3,3.52
2024-03-14,14:48,SLC001,Salt Lake City - Intl,40.7884,-111.9778,1288,7.6,45.7,7.6,-4.4,40,868.9,1014.9,falling,0.0,160,SSE,0.0,8.8,90,1500,thunderstorm,59.6,0.0,53,4.3,536.2,Derecho,153,125,28.4,47.2,78.7,30.3,1.51,07:00,17:00,10,5.1,43.5,6.63
2024-03-14,15:34,HNL001,Honolulu - Intl,21.325,-157.925,4,20.8,69.4,20.8,14.6,69,1024.9,1025.4,steady,10.0,244,WSW,23.7,21.3,65,900,none,0.0,0.0,66,5.6,608.2,Fog,105,281,70.5,108.1,49.7,42.4,0.82,07:00,17:00,10,18.9,22.4,4.41
2024-03-14,17:52,LAS001,Las Vegas - McCarran,36.084,-115.1537,664,4.3,39.7,-0.0,0.3,80,932.7,1009.8,rising rapidly,21.6,350,N,38.3,34.8,86,150,none,0.0,0.0,14,2.9,355.4,Clear,100,133,28.6,41.0,83.1,11.7,0.67,07:00,17:00,10,1.4,49.0,1.03
2024-03-15,00:43,ABQ001,Albuquerque - Intl Sunport,35.0402,-106.609,1619,-9.7,14.5,-17.6,-25.9,19,830.2,1009.9,falling,20.6,125,SE,23.3,4.4,41,6000,snow,0.0,39.5,73,0,0,Blizzard,125,211,48.1,81.2,26.7,51.1,2.15,07:00,17:00,10,-13.3,30.8,2.19
2024-03-15,09:17,ORD001,Chicago - O'Hare Area,41.9742,-87.9073,201,1.2,34.2,-2.9,-9.4,47,985.9,1009.8,steady,14.9,166,SSE,21.3,35.8,52,300,none,0.0,0.0,15,4.5,461.4,Clear,100,50,16.6,25.5,47.3,8.2,0.7,07:00,17:00,10,-0.5,42.1,5.0
2024-03-15,13:27,MSY001,New Orleans - Moisant,29.9934,-90.258,3,11.7,53.1,11.7,-0.5,39,1022.8,1023.2,rising,14.8,22,NNE,29.3,36.2,7,,none,0.0,0.0,31,10.5,965.0,Mostly Clear,101,64,18.3,22.3,59.5,31.1,2.63,07:00,17:00,10,8.5,25.8,4.86
2024-03-15,13:36,CLE001,Cleveland - Hopkins,41.4117,-81.8498,245,5.8,42.4,1.1,2.6,84,984.1,1013.2,falling,30.1,246,WSW,46.3,18.7,37,9000,none,0.0,0.0,56,8.3,815.0,Smoke,107,45,11.5,20.0,88.2,16.9,0.32,07:00,17:00,10,2.0,15.1,0
2024-03-15,23:55,TPA001,Tampa - Intl,27.9755,-82.5332,9,5.4,41.7,3.0,1.8,82,1006.6,1007.7,steady,10.7,65,ENE,12.8,5.6,25,,none,0.0,0.0,77,0,0,Mist,109,77,15.1,18.5,52.3,66.1,1.7,07:00,17:00,10,1.6,40.5,4.73
2024-03-16,02:16,MIA001,Miami - International,25.7959,-80.287,3,15.6,60.1,15.6,1.2,28,1011.6,1012.0,steady,11.1,5,N,17.3,26.2,62,,none,0.0,0.0,31,0,0,Mostly Clear,101,91,21.9,36.5,13.6,41.6,0.84,07:00,17:00,10,12.0,32.9,0
2024-03-16,03:37,MCI001,Kansas City - Intl,39.2976,-94.7139,313,0.3,32.5,-3.4,-4.7,75,970.7,1007.6,rising,11.7,302,WNW,12.7,6.1,79,150,none,0.0,0.0,17,0,0,Mostly Clear,101,95,27.9,44.5,24.6,10.7,1.93,07:00,17:00,10,-4.2,44.0,6.0
2024-03-16,07:05,PHL001,Philadelphia - Intl,39.8729,-75.2437,9,6.9,44.4,3.8,0.3,67,1009.6,1010.7,steady,17.0,325,NW,21.8,10.5,45,900,hail,28.3,0.0,42,1.7,172.5,Small Hail,142,145,35.0,53.3,53.9,30.2,2.5,07:00,17:00,10,2.3,22.4,2.61
2024-03-16,17:23,RDU001,Raleigh-Durham - Intl,35.8801,-78.788,132,12.9,55.2,12.9,1.1,41,995.5,1011.3,falling rapidly,14.1,229,SW,37.4,19.6,2,,none,0.0,0.0,5,6.8,617.3,Mist,109,24,4.3,7.2,33.9,62.3,2.57,07:00,17:00,10,9.9,47.0,3.07
2024-03-16,20:10,DFW001,Dallas - Fort Worth,32.8998,-97.0403,182,8.0,46.4,4.3,-0.2,59,1003.7,1025.7,rising rapidly,25.9,201,SSW,31.6,25.6,1,,none,0.0,0.0,51,0,0.0,Clear,100,67,19.6,31.4,39.5,14.8,0.73,07:00,17:00,10,5.7,15.1,3.14
2024-03-17,00:39,BWI001,Baltimore - Washington,39.1754,-76.6684,46,7.1,44.8,6.2,-1.3,58,1012.4,1018.0,falling rapidly,5.9,91,E,27.6,1.7,31,600,none,0.0,0.0,22,0,0,Mist,109,156,36.0,52.3,75.7,41.6,1.49,07:00,17:00,10,2.2,38.3,5.45
2024-03-17,03:52,IAH001,Houston - Hobby,29.6454,-95.2789,15,8.3,46.9,6.4,3.7,77,1015.1,1016.9,rising rapidly,11.3,156,SSE,29.2,29.1,30,,none,0.0,0.0,39,0,0,Fog,105,114,36.3,59.4,61.6,12.3,1.31,07:00,17:00,10,4.0,17.5,3.82
2024-03-17,05:26,MKE001,Milwaukee - Mitchell,42.9472,-87.8966,211,-0.9,30.4,-0.9,-9.3,58,993.5,1018.8,rising rapidly,3.0,91,E,3.0,2.0,64,3000,none,0.0,0.0,99,0,0,Smoke,107,188,42.4,63.7,39.0,58.2,0.35,07:00,17:00,10,-5.5,23.6,4.84
2024-03-17,05:34,ANC001,Anchorage - Intl,61.1743,-149.9963,46,0.8,33.4,-2.6,-11.2,40,1028.1,1033.7,falling,10.8,0,N,30.0,20.5,65,3000,none,0.0,0.0,59,0,0,Clear,100,284,71.3,117.3,78.6,60.8,0.77,07:00,17:00,10,-3.6,23.2,0
2024-03-17,19:11,LAX001,Los Angeles - Downtown,34.0522,-118.2437,71,5.7,42.3,2.3,2.1,82,1020.7,1029.4,rising rapidly,17.0,239,WSW,23.7,4.7,96,150,none,0.0,0.0,80,0.9,115.7,Clear,100,87,21.3,32.7,26.5,35.5,2.63,07:00,17:00,10,1.0,19.2,3.61
2024-03-26,07:55,IND001,Indianapolis - Intl,39.7173,-86.2944,248,6.4,43.5,2.2,0.0,68,984.0,1013.5,rising rapidly,26.2,294,WNW,40.7,19.3,18,,none,0.0,0.0,19,2.2,202.5,Haze,106,274,68.0,99.3,50.2,57.0,0.6,07:00,17:00,10,4.8,40.2,0
2024-03-26,12:48,ANC001,Anchorage - Intl,61.1743,-149.9963,46,2.5,36.5,-1.2,-3.1,72,996.6,1002.1,rising rapidly,14.3,178,S,30.4,22.8,29,,hail,56.6,0.0,21,8.7,833.6,Heavy Hail,141,209,52.6,84.4,44.6,13.7,2.16,07:00,17:00,10,0.7,9.1,3.94
2024-03-26,14:33,SLC001,Salt Lake City - Intl,40.7884,-111.9778,1288,4.0,39.2,-0.2,-10.0,30,880.7,1028.6,rising,20.2,273,W,40.5,26.4,59,600,none,0.0,0.0,2,6.5,687.3,Fog,105,5,4.5,15.2,41.0,55.3,2.81,07:00,17:00,10,-0.1,49.8,4.47
2024-03-26,21:20,MIA001,Miami - International,25.7959,-80.287,3,4.7,40.5,-0.2,3.3,93,1005.9,1006.3,rising,28.2,281,W,45.7,2.0,99,150,thunderstorm,3.4,0.0,12,0,0,Derecho,153,156,32.0,51.1,20.3,22.2,2.88,07:00,17:00,10,0.9,17.1,2.86
2024-03-26,21:50,DFW001,Dallas - Fort Worth,32.8998,-97.0403,182,0.9,33.6,-5.5,-10.9,41,997.9,1019.8,falling,32.4,146,SE,46.8,27.0,23,,none,0.0,0.0,37,0,0,Mist,109,103,27.9,41.6,74.6,48.6,0.46,07:00,17:00,10,-4.1,44.9,2.08
2024-03-26,22:04,PDX001,Portland - Intl,45.5898,-122.5951,9,2.4,36.3,-1.0,-7.0,53,1017.3,1018.4,rising,12.6,223,SW,16.6,29.3,25,,none,0.0,0.0,10,0,0,Smoke,107,146,38.2,59.1,28.4,73.3,1.38,07:00,17:00,10,-1.1,34.6,0
2024-03-27,04:38,MSY001,New Orleans - Moisant,29.9934,-90.258,3,5.8,42.4,2.2,-8.2,30,1015.1,1015.5,falling,18.6,339,NNW,28.8,34.2,21,,none,0.0,0.0,38,0,0,Mist,109,157,40.4,56.8,76.2,54.0,1.77,07:00,17:00,10,4.3,59.6,3.34
2024-03-27,08:33,LAS001,Las Vegas - McCarran,36.084,-115.1537,664,7.4,45.3,6.0,-5.0,38,936.1,1013.5,steady,7.7,48,NE,20.9,13.4,39,150,none,0.0,0.0,5,3.5,349.3,Fog,105,264,68.0,106.9,25.9,28.5,2.49,07:00,17:00,10,4.9,54.1,4.27
2024-03-27,10:19,STL001,St Louis - Lambert,38.7487,-90.37,172,9.5,49.1,6.0,4.9,77,998.9,1019.6,rising,29.5,326,NW,51.3,5.4,82,1500,thunderstorm,58.0,0.0,97,3.9,461.3,Thunderstorm,150,127,36.0,68.9,34.5,56.0,0.9,07:00,17:00,10,6.0,37.9,1.6
2024-03-27,11:36,ATL001,Atlanta - Hartsfield,33.6407,-84.4277,313,19.7,67.5,19.7,6.7,35,974.1,1011.1,rising,20.4,143,SE,44.1,36.8,10,,none,0.0,0.0,36,9.2,855.9,Mostly Cloudy,103,211,50.5,80.9,15.9,21.3,2.44,07:00,17:00,10,16.9,35.8,2.5
2024-03-28,01:41,PHX001,Phoenix - Sky Harbor,33.4373,-112.0078,337,9.1,48.4,6.1,-5.3,28,971.9,1011.7,falling rapidly,21.3,34,NE,41.5,33.6,86,6000,none,0.0,0.0,3,0,0,Mostly Clear,101,145,37.4,59.3,59.8,26.3,1.69,07:00,17:00,10,7.3,38.5,1.31
2024-03-28,06:04,MKE001,Milwaukee - Mitchell,42.9472,-87.8966,211,5.0,41.0,0.8,3.4,92,983.2,1008.2,steady,22.3,84,E,32.9,9.0,79,1500,rain,46.7,0.0,45,0,0.0,Rain Showers,114,81,22.4,41.1,54.3,64.4,0.59,07:00,17:00,10,1.1,7.0,1.82
2024-03-28,20:35,NYC001,New York - Central Park,40.7829,-73.9654,39,0.1,32.2,0.1,-12.3,38,1012.2,1016.9,falling rapidly,1.5,326,NW,1.5,17.5,35,300,hail,22.5,0.0,17,0,0.0,Heavy Hail,141,252,65.6,109.4,46.4,43.9,1.83,07:00,17:00,10,-2.1,29.6,2.88
2024-03-29,02:06,TPA001,Tampa - Intl,27.9755,-82.5332,9,7.2,45.0,3.5,6.4,96,1014.7,1015.8,falling,23.3,289,WNW,42.9,38.2,19,,none,0.0,0.0,85,0,0,Haze,106,67,20.5,33.9,74.6,52.4,0.82,07:00,17:00,10,2.5,35.1,4.34
2024-03-29,02:10,PHL001,Philadelphia - Intl,39.8729,-75.2437,9,0.7,33.3,-2.4,-5.7,68,1012.6,1013.7,rising rapidly,9.7,209,SSW,26.0,0.9,43,,rain,36.4,0.0,41,0,0,Drizzle,113,270,68.8,111.6,90.0,37.0,2.73,07:00,17:00,10,-2.8,51.9,2.62
2024-03-29,04:44,BOS001,Boston - Logan,42.3656,-71.0096,9,8.9,48.0,5.5,7.5,93,1011.5,1012.6,falling rapidly,25.1,61,ENE,47.9,26.9,68,9000,none,0.0,0.0,5,0,0,Mostly Clear,101,262,64.1,105.4,78.9,8.2,2.09,07:00,17:00,10,7.1,45.4,5.08
2024-03-29,05:53,HNL001,Honolulu - Intl,21.325,-157.925,4,10.3,50.5,10.3,4.5,71,1025.1,1025.6,falling,17.5,310,NW,30.1,35.0,96,300,none,0.0,0.0,35,0,0,Mostly Clear,101,277,68.2,105.9,55.1,75.0,2.91,07:00,17:00,10,8.3,28.9,2.23
2024-03-29,07:03,ORD001,Chicago - O'Hare Area,41.9742,-87.9073,201,8.2,46.8,6.3,-2.6,46,988.1,1012.0,rising,11.2,346,NNW,19.2,2.9,44,,none,0.0,0.0,22,1.7,173.6,Dust,108,159,41.4,60.7,39.4,70.5,0.32,07:00,17:00,10,5.5,41.5,8.97
2024-03-29,13:02,MCI001,Kansas City - Intl,39.2976,-94.7139,313,9.4,48.9,5.7,-1.2,47,980.3,1017.6,falling rapidly,31.6,74,ENE,45.1,28.3,44,150,none,0.0,0.0,96,7.8,780.0,Smoke,107,59,13.0,23.1,20.8,14.9,1.81,07:00,17:00,10,8.2,38.9,1.86
2024-03-29,14:06,LAX001,Los Angeles - Downtown,34.0522,-118.2437,71,13.8,56.8,13.8,10.0,81,1000.2,1008.7,falling rapidly,30.0,108,ESE,37.6,24.9,6,,none,0.0,0.0,34,10.3,945.7,Haze,106,172,48.2,74.9,49.8,71.5,1.76,07:00,17:00,10,9.3,19.9,3.33
2024-03-30,01:00,RDU001,Raleigh-Durham - Intl,35.8801,-78.788,132,6.2,43.2,4.4,-8.8,25,1003.5,1019.4,falling,8.8,60,ENE,14.3,32.5,30,,none,0.0,0.0,47,0,0,Dust,108,156,38.9,58.6,31.4,7.5,1.9,07:00,17:00,10,3.2,13.7,0.71
2024-03-30,10:18,ABQ001,Albuquerque - Intl Sunport,35.0402,-106.609,1619,3.3,37.9,-0.9,-6.5,51,833.3,1013.7,steady,18.7,63,ENE,34.6,33.5,2,,none,0.0,0.0,50,8.5,774.0,Haze,106,149,40.6,70.2,23.4,6.4,2.72,07:00,17:00,10,0.5,13.1,0.46
2024-03-30,10:37,DEN001,Denver - Stapleton,39.7392,-104.9903,1609,1.2,34.2,-1.0,-2.2,83,833.3,1012.4,falling rapidly,6.9,0,N,17.8,17.7,38,,sleet,56.8,0.0,16,6.4,633.3,Ice Pellets,132,121,31.6,54.0,51.0,37.8,2.58,07:00,17:00,10,-1.4,50.2,2.01
2024-03-30,13:44,SFO001,San Francisco - Intl,37.6213,-122.379,4,17.9,64.2,17.9,5.1,36,1022.2,1022.7,rising rapidly,12.4,260,W,36.6,3.1,12,,rain,26.0,0.0,51,10.1,940.0,Drizzle,113,166,40.9,64.2,47.3,22.0,0.79,07:00,17:00,10,14.2,19.7,3.09
2024-03-30,21:27,DTW001,Detroit - Metro Wayne,42.2162,-83.3554,195,5.1,41.2,1.5,-0.9,70,985.6,1008.7,steady,17.4,3,N,38.6,25.4,69,150,none,0.0,0.0,74,0,0,Fog,105,8,1.6,5.2,35.0,66.5,0.8,07:00,17:00,10,3.6,38.0,5.26
2024-03-31,04:31,BWI001,Baltimore - Washington,39.1754,-76.6684,46,6.1,43.0,6.1,-2.7,56,1010.2,1015.7,steady,0.3,47,NE,0.3,1.4,43,300,none,0.0,0.0,13,0,0,Mostly Clear,101,205,50.9,83.1,50.1,79.5,2.93,07:00,17:00,10,1.9,59.1,2.12
2024-03-31,06:20,SEA001,Seattle - Sea-Tac,47.4502,-122.3088,137,6.7,44.1,5.6,1.5,74,1011.4,1028.0,falling,6.2,161,SSE,21.2,4.9,7,,none,0.0,0.0,45,0,0.0,Mostly Cloudy,103,110,25.2,39.6,71.5,57.4,0.74,07:00,17:00,10,5.0,35.5,7.81
2024-03-31,09:12,IAH001,Houston - Hobby,29.6454,-95.2789,15,12.9,55.2,12.9,-3.7,17,1009.5,1011.3,steady,10.8,254,WSW,32.9,2.6,20,,none,0.0,0.0,90,5.9,561.1,Mist,109,286,73.2,115.2,12.8,73.0,2.06,07:00,17:00,10,11.1,33.9,1.93
2024-03-31,17:52,MSP001,Minneapolis - St Paul,44.8848,-93.2223,255,1.7,35.1,-2.1,-8.5,49,986.3,1016.7,falling rapidly,14.0,264,W,31.8,28.2,18,,rain,22.6,0.0,98,6.0,567.4,Freezing Drizzle,115,267,65.2,102.5,43.3,24.2,1.03,07:00,17:00,10,-1.9,47.9,5.2
2024-04-01,00:08,CLE001,Cleveland - Hopkins,41.4117,-81.8498,245,-7.5,18.5,-11.6,-21.5,30,990.4,1019.7,steady,8.1,175,S,16.4,19.6,69,900,snow,0.0,14.8,93,0,0,Snow Showers,124,102,24.1,30.7,30.3,35.7,1.44,06:00,18:00,12,-10.4,56.3,1.45
2024-04-09,07:18,HNL001,Honolulu - Intl,21.325,-157.925,4,4.2,39.6,0.3,-10.6,26,1008.9,1009.4,rising rapidly,18.2,44,NE,33.2,16.7,68,9000,none,0.0,0.0,18,1.3,146.9,Smoke,107,181,46.6,69.6,41.1,12.1,0.26,06:00,18:00,12,1.5,43.0,3.26
2024-04-10,14:27,DTW001,Detroit - Metro Wayne,42.2162,-83.3554,195,2.5,36.5,-0.6,-13.3,21,983.2,1006.3,rising rapidly,11.3,245,WSW,35.0,26.1,90,600,thunderstorm,46.0,0.0,58,4.3,536.2,Thunderstorm with Hail,152,48,10.2,15.2,16.1,55.6,2.31,06:00,18:00,12,-0.9,41.4,4.32
2024-04-10,18:38,PHL001,Philadelphia - Intl,39.8729,-75.2437,9,-1.1,30.0,-6.1,-17.9,16,1015.0,1016.1,falling rapidly,16.7,229,SW,16.8,39.9,1,,none,0.0,0.0,66,4.7,431.7,Smoke,107,233,56.3,93.7,28.9,40.4,1.29,06:00,18:00,12,-2.9,37.0,6.05
2024-04-10,19:26,PHX001,Phoenix - Sky Harbor,33.4373,-112.0078,337,1.2,34.2,1.2,-1.2,88,975.1,1015.1,steady,4.6,47,NE,4.6,32.1,37,6000,none,0.0,0.0,27,1.8,181.4,Mist,109,228,58.7,90.8,20.2,51.8,0.75,06:00,18:00,12,-0.7,14.7,5.15
2024-04-11,01:41,BWI001,Baltimore - Washington,39.1754,-76.6684,46,-5.2,22.6,-11.7,-21.2,20,1009.1,1014.6,rising rapidly,19.3,70,ENE,41.5,19.5,25,,snow,0.0,24.2,71,0,0,Light Snow,120,258,60.9,99.3,11.4,44.2,0.87,06:00,18:00,12,-9.8,32.9,0.59
2024-04-11,02:43,SEA001,Seattle - Sea-Tac,47.4502,-122.3088,137,-8.4,16.9,-16.5,-22.6,29,985.6,1001.8,falling rapidly,23.9,345,NNW,41.7,6.7,86,3000,none,0.0,0.0,64,0,0,Mostly Clear,101,28,13.5,20.0,50.6,59.0,1.5,06:00,18:00,12,-10.2,52.0,1.59
2024-04-11,06:58,MCI001,Kansas City - Intl,39.2976,-94.7139,313,-8.6,16.5,-15.8,-8.8,99,986.5,1024.0,falling,18.4,232,SW,23.6,33.8,86,300,snow,0.0,23.5,6,0,0.0,Heavy Snow,122,143,41.3,63.7,51.9,65.7,1.18,06:00,18:00,12,-13.0,32.0,2.82
2024-04-11,08:49,PDX001,Portland - Intl,45.5898,-122.5951,9,-0.8,30.6,-3.7,-13.0,39,1009.1,1010.2,rising,8.0,214,SW,31.5,4.3,21,,sleet,12.4,0.0,98,4.1,388.3,Freezing Rain,131,71,23.2,37.2,50.5,20.3,0.51,06:00,18:00,12,-2.0,46.1,4.37
2024-04-11,09:59,ABQ001,Albuquerque - Intl Sunport,35.0402,-106.609,1619,-3.6,25.5,-9.5,-3.8,99,822.1,1000.0,falling rapidly,18.6,105,ESE,21.1,19.0,54,3000,none,0.0,0.0,64,4.4,455.1,Smoke,107,107,24.9,42.2,11.5,22.7,2.48,06:00,18:00,12,-8.0,16.3,2.79
2024-04-11,11:17,SLC001,Salt Lake City - Intl,40.7884,-111.9778,1288,-5.4,22.3,-11.3,-11.4,70,863.1,1008.1,rising rapidly,15.9,150,SSE,32.1,35.6,28,,sleet,25.0,0.0,66,8.1,774.8,Ice Storm,133,103,24.5,39.4,18.1,12.1,0.64,06:00,18:00,12,-6.4,28.7,3.88
2024-04-11,14:19,ANC001,Anchorage - Intl,61.1743,-149.9963,46,-7.0,19.4,-12.7,-8.8,91,998.2,1003.7,falling rapidly,13.6,323,NW,26.8,25.1,37,600,snow,0.0,31.6,6,8.1,794.6,Snow Showers,124,6,0.7,0.1,86.0,64.5,1.55,06:00,18:00,12,-11.8,12.5,2.42
2024-04-12,16:26,ATL001,Atlanta - Hartsfield,33.6407,-84.4277,313,5.4,41.7,2.1,-8.2,32,968.2,1005.0,falling rapidly,16.2,154,SSE,38.6,12.5,63,150,none,0.0,0.0,53,5.0,535.6,Dust,108,138,39.6,59.1,23.7,63.3,1.17,06:00,18:00,12,2.6,18.0,5.98
2024-04-12,21:35,MIA001,Miami - International,25.7959,-80.287,3,12.1,53.8,12.1,7.1,75,1002.5,1002.9,steady,3.9,79,E,3.9,18.2,100,9000,none,0.0,0.0,39,0,0,Dust,108,48,4.2,2.4,55.4,37.2,1.18,06:00,18:00,12,10.5,14.6,1.85
2024-04-12,23:42,STL001,St Louis - Lambert,38.7487,-90.37,172,-0.7,30.7,-5.0,-5.9,74,999.4,1020.1,rising,13.5,87,E,37.8,7.4,15,,sleet,40.6,0.0,5,0,0,Ice Storm,133,271,66.8,117.4,55.0,74.7,1.55,06:00,18:00,12,-4.9,23.4,3.94
2024-04-13,00:43,DFW001,Dallas - Fort Worth,32.8998,-97.0403,182,-3.4,25.9,-8.2,-15.0,42,986.3,1007.9,steady,13.3,29,NNE,25.8,26.9,16,,none,0.0,0.0,15,0,0,Overcast,104,197,43.5,67.9,65.0,38.3,0.97,06:00,18:00,12,-8.3,41.0,1.73
2024-04-13,13:37,IND001,Indianapolis - Intl,39.7173,-86.2944,248,8.2,46.8,3.6,-0.8,55,976.4,1005.7,rising rapidly,38.9,245,WSW,45.6,39.8,61,600,none,0.0,0.0,63,6.5,695.0,Haze,106,194,44.0,64.7,17.1,34.5,2.38,06:00,18:00,12,5.7,38.0,1.08
2024-04-13,20:35,IAH001,Houston - Hobby,29.6454,-95.2789,15,7.3,45.1,5.3,-1.1,58,1010.9,1012.7,rising rapidly,10.8,3,N,19.0,25.2,88,300,none,0.0,0.0,76,0,0.0,Overcast,104,284,73.5,112.2,65.8,69.5,0.82,06:00,18:00,12,3.3,6.5,5.04
2024-04-13,20:56,BOS001,Boston - Logan,42.3656,-71.0096,9,-3.4,25.9,-3.4,-17.0,32,1015.0,1016.1,steady,2.4,58,ENE,2.4,30.9,15,,none,0.0,0.0,16,0,0.0,Smoke,107,252,59.5,98.4,38.9,64.6,2.55,06:00,18:00,12,-4.4,10.6,6.44
2024-04-13,21:00,LAX001,Los Angeles - Downtown,34.0522,-118.2437,71,-3.9,25.0,-8.5,-17.1,34,994.5,1002.9,falling,12.0,251,WSW,35.2,22.2,30,,none,0.0,0.0,25,0,0,Mist,109,19,8.3,12.1,10.6,6.7,0.4,06:00,18:00,12,-8.3,27.6,2.77
2024-04-13,23:35,TPA001,Tampa - Intl,27.9755,-82.5332,9,0.6,33.1,-3.9,-15.2,21,1008.9,1010.0,steady,16.3,12,NNE,21.1,20.8,94,3000,none,0.0,0.0,80,0,0,Overcast,104,97,21.5,32.8,13.8,8.7,1.67,06:00,18:00,12,-3.9,8.5,6.43
2024-04-14,05:34,DEN001,Denver - Stapleton,39.7392,-104.9903,1609,-11.2,11.8,-15.0,-22.0,46,845.5,1027.2,falling,6.2,78,ENE,30.0,4.4,76,,hail,45.7,0.0,85,0,0,Small Hail,142,286,74.3,114.4,83.2,71.8,2.3,06:00,18:00,12,-14.7,51.1,4.73
2024-04-14,08:34,CLE001,Cleveland - Hopkins,41.4117,-81.8498,245,0.5,32.9,-5.3,-16.1,17,994.7,1024.2,steady,25.2,293,WNW,49.0,29.8,63,150,hail,16.1,0.0,18,2.8,297.2,Small Hail,142,115,27.0,46.1,17.9,24.5,1.97,06:00,18:00,12,-3.0,52.4,0
2024-04-14,09:01,MKE001,Milwaukee - Mitchell,42.9472,-87.8966,211,-0.7,30.7,-5.9,-2.7,90,996.3,1021.6,falling rapidly,18.3,317,NW,37.9,4.1,66,150,hail,55.0,0.0,75,3.8,417.7,Hail,140,233,52.9,87.0,31.0,16.6,1.86,06:00,18:00,12,-1.9,34.4,1.48
2024-04-14,11:58,NYC001,New York - Central Park,40.7829,-73.9654,39,12.5,54.5,12.5,7.1,73,1004.8,1009.5,falling,14.2,62,ENE,25.1,37.9,7,,none,0.0,0.0,16,9.4,869.4,Mostly Cloudy,103,67,17.1,32.0,86.1,74.8,2.97,06:00,18:00,12,11.5,11.9,1.97
2024-04-14,15:14,MSY001,New Orleans - Moisant,29.9934,-90.258,3,9.9,49.8,7.7,7.9,90,1012.9,1013.3,falling,15.9,85,E,17.7,9.4,1,,none,0.0,0.0,17,9.8,896.5,Dust,108,47,7.3,13.7,17.6,10.8,0.83,06:00,18:00,12,7.1,14.5,4.46
2024-04-14,17:21,ORD001,Chicago - O'Hare Area,41.9742,-87.9073,201,-1.2,29.8,-7.1,-6.8,72,982.8,1006.6,falling,22.1,229,SW,44.7,20.6,38,9000,none,0.0,0.0,84,5.1,505.0,Mostly Cloudy,103,168,48.2,73.5,77.3,22.8,2.87,06:00,18:00,12,-4.0,21.9,0.31
2024-04-14,18:32,SFO001,San Francisco - Intl,37.6213,-122.379,4,6.1,43.0,5.0,3.5,87,1007.1,1007.6,falling rapidly,5.9,160,SSE,24.4,4.2,38,150,rain,43.7,0.0,4,3.6,351.4,Drizzle,113,6,5.8,4.2,29.5,77.2,1.46,06:00,18:00,12,2.7,58.8,2.74
2024-04-14,23:38,MSP001,Minneapolis - St Paul,44.8848,-93.2223,255,-6.2,20.8,-11.2,-10.2,80,985.6,1016.0,rising,11.6,211,SSW,11.8,9.6,29,,snow,0.0,22.4,31,0,0,Blizzard,125,223,53.3,87.5,75.3,16.0,1.64,06:00,18:00,12,-8.6,16.4,5.31
2024-04-15,12:05,LAS001,Las Vegas - McCarran,36.084,-115.1537,664,0.0,32.0,-5.3,-1.6,92,938.8,1016.5,steady,20.6,354,N,33.8,7.3,72,3000,none,0.0,0.0,25,5.6,624.0,Dust,108,44,10.4,11.4,78.1,25.8,1.74,06:00,18:00,12,-2.6,14.0,2.89
2024-04-15,21:31,RDU001,Raleigh-Durham - Intl,35.8801,-78.788,132,-4.9,23.2,-10.4,-8.5,82,1001.3,1017.1,rising,14.9,279,W,24.9,37.4,10,,rain,5.9,0.0,32,0,0,Rain Showers,114,62,14.6,28.7,51.9,35.9,2.29,06:00,18:00,12,-7.7,37.5,3.6
2024-04-24,21:58,NYC001,New York - Central Park,40.7829,-73.9654,39,2.2,36.0,-2.6,-13.4,22,1010.1,1014.8,rising,21.2,102,ESE,36.3,8.4,66,,none,0.0,0.0,60,0,0,Clear,100,185,46.8,76.6,82.0,23.3,0.15,06:00,18:00,12,-0.6,14.2,1.38
2024-04-24,22:24,MIA001,Miami - International,25.7959,-80.287,3,11.1,52.0,11.1,-1.1,39,1022.2,1022.6,falling,11.0,2,N,28.5,2.5,9,,none,0.0,0.0,45,0,0,Mist,109,209,52.5,78.8,63.0,43.1,1.28,06:00,18:00,12,8.8,13.4,4.03
2024-04-25,02:24,DEN001,Denver - Stapleton,39.7392,-104.9903,1609,-11.5,11.3,-17.7,-17.9,68,839.6,1020.1,falling,11.8,0,N,36.3,6.6,30,,snow,0.0,7.7,71,0,0,Snow Showers,124,201,50.0,87.1,70.3,71.2,0.89,06:00,18:00,12,-16.3,11.3,2.42
2024-04-25,09:55,SFO001,San Francisco - Intl,37.6213,-122.379,4,0.3,32.5,-4.6,-13.1,33,1011.0,1011.5,steady,18.0,359,N,27.3,28.2,71,9000,sleet,53.8,0.0,98,3.6,402.2,Ice Storm,133,92,21.7,33.4,67.1,34.8,1.59,06:00,18:00,12,-4.6,51.2,4.56
2024-04-25,11:13,MSY001,New Orleans - Moisant,29.9934,-90.258,3,8.2,46.8,8.2,-7.4,22,1012.4,1012.8,falling,1.8,1,N,1.8,23.6,85,6000,none,0.0,0.0,72,4.3,518.1,Dust,108,234,60.1,91.6,85.4,28.9,0.17,06:00,18:00,12,5.1,16.1,2.89
2024-04-26,02:01,DTW001,Detroit - Metro Wayne,42.2162,-83.3554,195,-6.0,21.2,-11.8,-13.0,65,979.5,1002.5,rising,15.1,343,NNW,16.3,18.6,60,600,snow,0.0,1.5,89,0,0,Moderate Snow,121,229,56.4,90.5,60.6,39.9,2.73,06:00,18:00,12,-7.8,53.3,4.7
2024-04-26,02:31,HNL001,Honolulu - Intl,21.325,-157.925,4,-0.0,32.0,-3.7,-11.0,45,1009.2,1009.7,falling,11.7,271,W,19.6,12.4,43,300,none,0.0,0.0,11,0,0,Smoke,107,240,61.9,96.8,10.9,74.5,1.02,06:00,18:00,12,-1.8,31.5,6.52
2024-04-26,06:25,BWI001,Baltimore - Washington,39.1754,-76.6684,46,2.4,36.3,2.4,-2.8,74,1001.4,1006.9,falling rapidly,3.4,114,ESE,3.4,8.0,75,3000,none,0.0,0.0,63,0,0.0,Partly Cloudy,102,6,2.8,2.3,86.2,42.2,2.21,06:00,18:00,12,-1.7,44.5,3.04
2024-04-26,07:37,ANC001,Anchorage - Intl,61.1743,-149.9963,46,-6.2,20.8,-12.7,-19.8,32,993.4,998.8,rising,18.2,185,S,20.3,5.5,97,300,snow,0.0,37.5,96,0.9,114.6,Snow Showers,124,296,77.8,125.7,82.9,30.6,0.5,06:00,18:00,12,-9.7,20.4,6.7
2024-04-26,12:40,MKE001,Milwaukee - Mitchell,42.9472,-87.8966,211,-2.1,28.2,-6.8,-7.7,72,984.9,1010.0,steady,13.9,157,SSE,31.4,8.7,77,9000,none,0.0,0.0,51,5.2,599.6,Fog,105,296,78.3,130.7,66.0,70.6,1.31,06:00,18:00,12,-4.7,24.8,1.11
2024-04-26,13:29,LAX001,Los Angeles - Downtown,34.0522,-118.2437,71,9.7,49.5,8.0,7.9,91,1006.3,1014.8,falling rapidly,11.4,276,W,30.8,33.6,42,3000,none,0.0,0.0,86,7.9,790.0,Mostly Clear,101,218,60.6,89.6,14.8,72.5,0.92,06:00,18:00,12,7.1,51.2,4.39
2024-04-26,17:49,LAS001,Las Vegas - McCarran,36.084,-115.1537,664,2.7,36.9,0.0,2.5,99,923.5,999.9,falling,9.5,218,SW,33.0,5.1,71,900,none,0.0,0.0,87,3.6,402.2,Haze,106,160,35.9,59.8,46.4,42.2,2.9,06:00,18:00,12,-1.5,30.9,5.21
2024-04-27,00:47,IAH001,Houston - Hobby,29.6454,-95.2789,15,0.9,33.6,-3.1,-8.1,55,1005.2,1007.0,falling,14.0,176,S,20.0,11.6,58,9000,thunderstorm,53.4,0.0,89,0,0,Thunderstorm,150,15,3.3,0.1,74.0,59.4,1.34,06:00,18:00,12,-1.9,34.4,0.22
2024-04-27,07:23,PHX001,Phoenix - Sky Harbor,33.4373,-112.0078,337,5.1,41.2,2.0,4.5,97,991.4,1032.1,falling rapidly,14.5,88,E,20.1,35.2,3,,hail,22.0,0.0,87,2.4,219.2,Hail,140,162,41.4,66.7,68.9,8.0,1.07,06:00,18:00,12,3.7,58.6,3.65
2024-04-27,09:02,CLE001,Cleveland - Hopkins,41.4117,-81.8498,245,5.3,41.5,2.9,-8.3,32,974.2,1003.0,rising rapidly,10.8,1,N,33.5,25.3,84,6000,none,0.0,0.0,46,3.0,361.6,Partly Cloudy,102,61,19.3,33.8,37.1,73.9,1.84,06:00,18:00,12,1.0,10.5,1.49
2024-04-27,09:28,PDX001,Portland - Intl,45.5898,-122.5951,9,3.5,38.3,-1.0,-5.7,54,1015.5,1016.6,steady,21.5,202,SSW,32.3,39.5,50,900,none,0.0,0.0,67,4.6,467.6,Overcast,104,276,69.8,110.7,13.8,33.4,1.66,06:00,18:00,12,0.5,6.1,0
2024-04-27,15:04,TPA001,Tampa - Intl,27.9755,-82.5332,9,10.2,50.4,10.2,-1.4,42,1019.5,1020.6,steady,6.7,180,S,20.0,10.3,56,,rain,43.1,0.0,14,6.2,648.7,Heavy Rain,112,16,5.4,12.5,57.4,65.0,2.46,06:00,18:00,12,7.1,22.2,3.1
2024-04-27,16:14,SLC001,Salt Lake City - Intl,40.7884,-111.9778,1288,-2.1,28.2,-7.5,-6.5,78,869.1,1015.1,rising rapidly,17.5,165,SSE,18.3,9.9,14,,none,0.0,0.0,85,7.8,727.1,Dust,108,25,4.2,9.5,55.4,73.5,1.66,06:00,18:00,12,-6.4,7.3,6.17
2024-04-27,21:06,SEA001,Seattle - Sea-Tac,47.4502,-122.3088,137,-8.5,16.7,-14.3,-24.7,19,989.1,1005.4,falling,12.7,121,ESE,23.8,17.3,83,300,none,0.0,0.0,33,0,0,Smoke,107,187,43.2,68.3,81.2,62.9,1.67,06:00,18:00,12,-11.6,21.3,6.34
2024-04-28,04:32,PHL001,Philadelphia - Intl,39.8729,-75.2437,9,2.2,36.0,-0.4,-9.8,40,1020.5,1021.6,falling rapidly,9.0,187,S,18.1,20.2,51,900,none,0.0,0.0,18,0,0,Smoke,107,163,36.9,57.1,43.4,49.6,2.15,06:00,18:00,12,0.3,16.7,6.5
2024-04-28,08:39,RDU001,Raleigh-Durham - Intl,35.8801,-78.788,132,2.3,36.1,-1.3,0.7,92,1006.4,1022.3,rising rapidly,13.6,274,W,25.5,16.3,58,3000,rain,3.1,0.0,84,2.9,308.1,Light Rain,110,259,63.6,103.4,89.7,41.9,2.54,06:00,18:00,12,-1.1,27.2,1.95
2024-04-28,10:34,ABQ001,Albuquerque - Intl Sunport,35.0402,-106.609,1619,0.8,33.4,-3.5,-14.2,25,836.0,1016.9,rising rapidly,15.3,219,SW,23.1,38.3,57,,none,0.0,0.0,12,5.3,559.0,Mostly Clear,101,169,42.1,66.3,46.7,31.7,0.12,06:00,18:00,12,-2.2,36.8,0.96
2024-04-28,21:31,IND001,Indianapolis - Intl,39.7173,-86.2944,248,-4.3,24.3,-10.4,-14.9,47,988.4,1018.0,falling rapidly,18.7,262,W,34.9,27.2,18,,none,0.0,0.0,71,0,0,Smoke,107,265,69.5,115.2,21.7,73.7,0.1,06:00,18:00,12,-8.2,55.2,4.84
2024-04-29,04:46,STL001,St Louis - Lambert,38.7487,-90.37,172,-3.6,25.5,-8.7,-18.0,28,998.1,1018.7,rising rapidly,14.3,144,SE,16.1,38.3,56,9000,hail,8.5,0.0,67,0,0,Small Hail,142,232,63.1,104.5,73.6,22.0,1.93,06:00,18:00,12,-8.2,55.2,1.27
2024-04-29,08:08,ORD001,Chicago - O'Hare Area,41.9742,-87.9073,201,-0.6,30.9,-6.1,-15.0,28,991.9,1015.9,steady,20.8,349,N,25.9,23.7,57,150,none,0.0,0.0,18,3.0,310.2,Mostly Clear,101,122,31.9,49.4,86.9,9.8,2.54,06:00,18:00,12,-3.6,24.2,3.61
2024-04-29,10:51,ATL001,Atlanta - Hartsfield,33.6407,-84.4277,313,9.2,48.6,6.2,-7.6,16,971.0,1007.9,steady,21.2,175,S,29.9,5.8,70,600,none,0.0,0.0,81,4.6,508.2,Fog,105,222,59.3,105.6,57.2,41.0,0.38,06:00,18:00,12,6.1,37.2,3.46
2024-04-29,11:20,BOS001,Boston - Logan,42.3656,-71.0096,9,1.0,33.8,-4.3,-0.4,93,1001.2,1002.3,falling,22.6,44,NE,27.3,18.7,50,3000,none,0.0,0.0,62,6.6,675.7,Mostly Clear,101,206,51.5,85.2,38.8,37.0,2.21,06:00,18:00,12,-0.7,50.0,3.5
2024-04-29,15:40,DFW001,Dallas - Fort Worth,32.8998,-97.0403,182,9.2,48.6,5.9,-7.2,18,990.6,1012.3,rising rapidly,25.1,41,NE,35.0,3.4,75,600,none,0.0,0.0,61,5.0,563.1,Dust,108,201,51.7,81.2,54.6,30.6,3.0,06:00,18:00,12,5.5,49.1,3.59
2024-04-29,21:05,MCI001,Kansas City - Intl,39.2976,-94.7139,313,-4.7,23.5,-12.7,-17.9,34,972.9,1009.9,steady,30.7,47,NE,50.4,3.8,78,9000,none,0.0,0.0,50,0,0,Haze,106,38,11.9,15.5,32.2,8.0,0.15,06:00,18:00,12,-9.4,36.6,0.11
2024-04-30,03:30,MSP001,Minneapolis - St Paul,44.8848,-93.2223,255,-6.1,21.0,-6.1,-21.5,23,981.8,1012.1,falling,2.2,7,N,2.2,3.7,56,300,none,0.0,0.0,87,0,0,Partly Cloudy,102,36,4.4,8.4,70.9,31.4,0.37,06:00,18:00,12,-9.8,34.0,7.3
2024-05-08,16:47,ABQ001,Albuquerque - Intl Sunport,35.0402,-106.609,1619,-14.6,5.7,-24.0,-25.0,48,840.7,1022.7,rising,21.4,177,S,21.7,18.5,21,,snow,0.0,9.5,60,7.4,699.7,Moderate Snow,121,68,20.5,33.4,54.0,56.4,0.52,05:00,19:00,14,-16.1,25.3,4.24
2024-05-09,06:57,DTW001,Detroit - Metro Wayne,42.2162,-83.3554,195,-5.0,23.0,-11.4,-14.0,55,1003.9,1027.5,rising,19.1,122,ESE,31.7,31.9,42,150,snow,0.0,16.0,63,0,0.0,Heavy Snow,122,284,72.8,119.2,20.2,35.5,1.08,05:00,19:00,14,-9.8,54.5,4.69
2024-05-09,17:13,ATL001,Atlanta - Hartsfield,33.6407,-84.4277,313,-1.9,28.6,-5.7,-12.5,47,968.6,1005.4,rising,10.4,238,WSW,12.0,14.1,73,900,thunderstorm,42.7,0.0,60,3.5,395.9,Thunderstorm,150,262,65.1,102.3,43.3,42.1,1.6,05:00,19:00,14,-5.9,48.6,1.55
2024-05-10,01:39,ORD001,Chicago - O'Hare Area,41.9742,-87.9073,201,-11.5,11.3,-15.7,-23.7,39,989.7,1013.7,steady,6.9,241,WSW,21.3,19.9,55,300,none,0.0,0.0,27,0,0,Haze,106,186,49.6,81.6,34.2,29.8,1.6,05:00,19:00,14,-15.7,26.0,5.47
2024-05-10,20:43,DEN001,Denver - Stapleton,39.7392,-104.9903,1609,-25.1,-13.2,-39.9,-26.1,95,837.9,1018.0,rising,33.7,32,NNE,51.8,1.3,66,300,snow,0.0,32.4,42,0,0.0,Heavy Snow,122,285,70.5,112.9,85.6,72.5,2.78,05:00,19:00,14,-26.8,13.6,0.8
2024-05-11,00:35,LAS001,Las Vegas - McCarran,36.084,-115.1537,664,-12.6,9.3,-18.0,-13.0,98,932.4,1009.5,rising rapidly,9.0,151,SSE,16.4,4.5,75,6000,snow,0.0,37.7,36,0,0,Blizzard,125,51,15.3,26.2,30.9,8.6,0.72,05:00,19:00,14,-16.5,53.8,1.71
2024-05-11,07:13,BOS001,Boston - Logan,42.3656,-71.0096,9,-8.6,16.5,-13.4,-15.0,68,1006.9,1008.0,rising rapidly,9.5,261,W,12.4,1.0,48,3000,snow,0.0,26.8,43,1.7,169.1,Blowing Snow,123,120,35.0,50.0,22.6,28.2,2.44,05:00,19:00,14,-13.3,32.5,4.98
2024-05-11,08:23,TPA001,Tampa - Intl,27.9755,-82.5332,9,8.1,46.6,4.7,4.7,83,1006.6,1007.7,rising,23.0,62,ENE,29.4,29.7,66,3000,none,0.0,0.0,5,2.7,290.7,Dust,108,224,61.5,107.0,18.4,42.7,1.15,05:00,19:00,14,4.1,39.2,0.86
2024-05-11,10:23,MCI001,Kansas City - Intl,39.2976,-94.7139,313,-2.2,28.0,-8.0,-12.4,49,979.6,1016.8,falling,19.8,79,E,31.6,27.9,51,150,hail,26.9,0.0,85,5.7,582.5,Heavy Hail,141,7,2.3,1.4,21.5,40.3,0.25,05:00,19:00,14,-7.2,52.2,3.67
2024-05-11,10:33,PHX001,Phoenix - Sky Harbor,33.4373,-112.0078,337,-2.1,28.2,-7.9,-12.5,48,959.5,998.8,rising rapidly,20.1,64,ENE,44.8,23.1,69,300,snow,0.0,20.1,96,4.6,512.1,Light Snow,120,146,38.5,62.3,88.1,67.5,2.53,05:00,19:00,14,-4.9,50.3,7.08
2024-05-11,12:21,MKE001,Milwaukee - Mitchell,42.9472,-87.8966,211,-3.0,26.6,-8.3,-8.6,72,980.7,1005.6,rising rapidly,16.0,77,ENE,35.7,9.4,44,900,none,0.0,0.0,31,7.6,760.4,Haze,106,10,0.1,2.7,21.1,70.4,1.33,05:00,19:00,14,-5.4,47.5,0
2024-05-11,15:30,SFO001,San Francisco - Intl,37.6213,-122.379,4,-0.4,31.3,-4.2,-8.4,60,1011.9,1012.4,rising rapidly,11.6,194,SSW,14.6,23.4,55,900,snow,0.0,19.5,76,6.3,653.2,Blowing Snow,123,135,34.3,49.9,33.7,77.4,2.44,05:00,19:00,14,-3.8,56.5,2.64
2024-05-11,19:06,PHL001,Philadelphia - Intl,39.8729,-75.2437,9,-0.9,30.4,-0.9,-10.9,50,1015.6,1016.7,rising rapidly,1.2,301,WNW,1.2,1.8,40,150,snow,0.0,19.4,86,1.8,178.0,Blowing Snow,123,203,55.3,81.2,31.9,39.6,1.92,05:00,19:00,14,-3.6,46.1,2.67
2024-05-11,23:51,STL001,St Louis - Lambert,38.7487,-90.37,172,-17.3,0.9,-17.3,-33.5,19,986.4,1006.8,rising,4.3,93,E,4.3,38.1,71,6000,snow,0.0,11.5,83,0,0,Blizzard,125,107,29.3,46.5,22.4,32.1,2.09,05:00,19:00,14,-18.7,9.7,2.4
2024-05-12,02:04,MSP001,Minneapolis - St Paul,44.8848,-93.2223,255,-20.4,-4.7,-32.1,-35.6,24,991.1,1021.7,rising rapidly,24.8,276,W,41.1,8.2,12,,snow,0.0,34.4,48,0,0,Blizzard,125,77,19.6,30.2,22.3,21.3,0.46,05:00,19:00,14,-25.3,29.0,7.84
2024-05-12,04:34,ANC001,Anchorage - Intl,61.1743,-149.9963,46,-20.5,-4.9,-27.6,-23.1,87,995.6,1001.1,steady,9.6,209,SSW,20.7,6.2,59,900,snow,0.0,20.9,44,0,0,Heavy Snow,122,228,54.0,88.7,80.6,15.2,2.42,05:00,19:00,14,-24.6,26.7,6.49
2024-05-12,09:34,DFW001,Dallas - Fort Worth,32.8998,-97.0403,182,0.9,33.6,-4.3,-8.1,55,986.2,1007.8,steady,21.1,24,NNE,31.4,11.5,95,9000,none,0.0,0.0,4,2.5,327.3,Overcast,104,24,7.7,10.0,44.1,70.3,0.8,05:00,19:00,14,-3.9,26.9,0
2024-05-12,11:48,IND001,Indianapolis - Intl,39.7173,-86.2944,248,-1.4,29.5,-6.1,-9.2,61,974.1,1003.3,steady,14.8,286,WNW,22.0,35.1,68,9000,none,0.0,0.0,86,5.4,594.6,Mist,109,18,6.3,15.9,72.4,56.9,2.29,05:00,19:00,14,-5.8,16.0,2.6
2024-05-12,14:30,PDX001,Portland - Intl,45.5898,-122.5951,9,-4.4,24.1,-10.6,-11.2,66,997.4,998.5,steady,18.7,277,W,33.2,12.6,10,,rain,58.1,0.0,40,10.0,926.2,Rain Showers,114,85,20.9,35.8,24.8,71.6,0.72,05:00,19:00,14,-6.1,46.9,5.4
2024-05-12,14:33,RDU001,Raleigh-Durham - Intl,35.8801,-78.788,132,0.7,33.3,-2.7,-12.3,35,1003.2,1019.1,rising rapidly,11.1,276,W,28.0,1.3,13,,none,0.0,0.0,76,9.8,911.6,Overcast,104,173,42.7,70.7,72.4,70.0,1.13,05:00,19:00,14,-1.5,17.5,2.03
2024-05-12,23:20,SEA001,Seattle - Sea-Tac,47.4502,-122.3088,137,-13.8,7.2,-23.2,-26.4,37,993.0,1009.3,rising rapidly,22.8,219,SW,46.0,21.4,5,,none,0.0,0.0,3,0,0,Mostly Cloudy,103,28,8.3,13.0,56.9,20.6,2.9,05:00,19:00,14,-17.5,27.0,4.77
2024-05-12,23:46,BWI001,Baltimore - Washington,39.1754,-76.6684,46,-4.8,23.4,-8.2,-16.4,42,1032.5,1038.2,falling rapidly,7.6,349,N,26.9,36.3,87,300,none,0.0,0.0,38,0,0,Dust,108,120,29.5,52.9,62.3,6.5,2.81,05:00,19:00,14,-9.2,53.4,3.78
2024-05-13,00:40,CLE001,Cleveland - Hopkins,41.4117,-81.8498,245,-6.6,20.1,-13.6,-14.4,61,985.1,1014.3,falling rapidly,19.9,251,WSW,23.4,4.9,42,,none,0.0,0.0,63,0,0,Smoke,107,223,54.1,95.1,58.0,70.1,2.12,05:00,19:00,14,-8.4,28.8,3.37
2024-05-13,09:54,HNL001,Honolulu - Intl,21.325,-157.925,4,10.5,50.9,10.5,1.3,54,1018.1,1018.6,falling rapidly,5.0,196,SSW,5.0,37.6,100,3000,none,0.0,0.0,47,2.3,311.7,Overcast,104,136,29.2,48.0,34.6,63.1,1.61,05:00,19:00,14,8.9,10.1,4.55
2024-05-13,11:28,LAX001,Los Angeles - Downtown,34.0522,-118.2437,71,3.7,38.7,0.8,2.3,93,1005.8,1014.3,rising,11.3,114,ESE,25.4,13.3,45,1500,none,0.0,0.0,96,6.9,698.3,Dust,108,74,15.0,24.1,17.2,32.4,2.43,05:00,19:00,14,0.4,39.9,1.88
2024-05-13,14:43,NYC001,New York - Central Park,40.7829,-73.9654,39,1.0,33.8,-2.7,-6.6,62,1005.2,1009.9,steady,12.3,95,E,28.6,31.5,61,6000,sleet,15.4,0.0,77,6.4,677.6,Sleet,130,51,9.5,9.7,12.3,36.9,2.79,05:00,19:00,14,-1.5,55.2,7.9
2024-05-13,19:10,MIA001,Miami - International,25.7959,-80.287,3,4.6,40.3,0.3,-7.4,40,998.2,998.6,rising,21.8,123,ESE,22.7,38.8,44,150,rain,42.7,0.0,75,1.7,173.6,Rain Showers,114,229,53.7,86.0,55.2,46.4,2.49,05:00,19:00,14,0.1,45.5,4.07
2024-05-14,05:39,MSY001,New Orleans - Moisant,29.9934,-90.258,3,6.3,43.3,5.1,1.5,76,1012.9,1013.3,rising,6.4,340,NNW,13.8,10.8,68,,none,0.0,0.0,92,0,0,Mist,109,103,23.0,34.7,52.9,68.5,2.67,05:00,19:00,14,3.1,30.7,0.31
2024-05-14,10:21,SLC001,Salt Lake City - Intl,40.7884,-111.9778,1288,-7.7,18.1,-15.1,-23.1,23,875.7,1022.8,rising rapidly,20.7,336,NNW,26.1,29.6,45,900,snow,0.0,10.0,71,6.0,605.9,Heavy Snow,122,222,54.5,93.3,36.6,37.5,1.93,05:00,19:00,14,-9.8,28.5,2.88
2024-05-14,12:59,IAH001,Houston - Hobby,29.6454,-95.2789,15,3.2,37.8,-0.4,-3.6,66,1003.5,1005.3,falling,14.5,82,E,15.3,30.4,40,150,thunderstorm,20.6,0.0,95,7.9,779.9,Severe Thunderstorm,151,256,67.4,107.9,56.6,70.7,0.34,05:00,19:00,14,-0.9,40.0,0.65
2024-05-23,04:40,RDU001,Raleigh-Durham - Intl,35.8801,-78.788,132,-3.9,25.0,-10.0,-4.3,98,988.9,1004.6,falling,19.2,145,SE,20.7,12.0,91,1500,none,0.0,0.0,33,0,0,Smoke,107,296,74.7,117.5,13.3,75.4,0.53,05:00,19:00,14,-7.4,12.1,0.33
2024-05-23,20:45,PDX001,Portland - Intl,45.5898,-122.5951,9,-15.5,4.1,-23.6,-25.7,49,1016.9,1018.0,falling rapidly,15.4,344,NNW,31.5,12.6,78,900,snow,0.0,35.2,16,0,0.0,Blizzard,125,251,60.8,96.1,24.2,19.5,1.13,05:00,19:00,14,-19.5,51.1,6.72
2024-05-23,23:33,STL001,St Louis - Lambert,38.7487,-90.37,172,-11.9,10.6,-19.5,-12.9,95,997.1,1017.7,rising,16.8,42,NE,19.2,33.4,86,9000,snow,0.0,12.5,17,0,0,Heavy Snow,122,225,60.8,99.3,59.8,77.5,1.99,05:00,19:00,14,-12.9,15.2,0
2024-05-24,07:21,MIA001,Miami - International,25.7959,-80.287,3,3.4,38.1,0.9,-7.8,44,1002.6,1003.0,steady,9.2,107,ESE,11.7,2.8,15,,none,0.0,0.0,71,2.2,205.8,Smoke,107,168,38.9,70.0,15.7,23.5,2.65,05:00,19:00,14,0.2,36.9,2.95
2024-05-24,08:17,BWI001,Baltimore - Washington,39.1754,-76.6684,46,-0.2,31.6,-4.2,-12.8,37,999.3,1004.8,steady,12.6,249,WSW,15.0,38.4,77,300,snow,0.0,4.5,1,2.3,266.8,Snow Showers,124,155,38.7,69.7,65.7,20.9,0.65,05:00,19:00,14,-3.4,46.6,6.35
2024-05-24,08:47,PHL001,Philadelphia - Intl,39.8729,-75.2437,9,-2.6,27.3,-5.1,-11.4,56,1010.0,1011.1,rising,6.2,280,W,11.2,10.4,45,1500,none,0.0,0.0,59,3.3,336.3,Haze,106,162,41.2,61.0,80.9,67.2,2.65,05:00,19:00,14,-4.7,55.9,4.18
2024-05-24,10:12,IND001,Indianapolis - Intl,39.7173,-86.2944,248,2.7,36.9,2.7,1.1,92,982.7,1012.2,falling rapidly,2.8,92,E,2.8,24.9,59,1500,none,0.0,0.0,57,5.2,551.2,Smoke,107,84,23.7,45.0,86.9,32.1,1.35,05:00,19:00,14,1.5,24.3,3.7
2024-05-24,12:41,NYC001,New York - Central Park,40.7829,-73.9654,39,-5.2,22.6,-12.4,-14.2,55,1002.2,1006.9,steady,23.4,199,SSW,40.0,33.4,68,150,snow,0.0,19.5,100,5.9,643.5,Snow Showers,124,46,16.4,25.4,41.1,29.1,0.74,05:00,19:00,14,-7.2,51.1,2.12
2024-05-24,14:59,DEN001,Denver - Stapleton,39.7392,-104.9903,1609,-8.1,17.4,-16.5,-15.9,61,841.6,1022.5,rising,25.9,259,W,48.8,2.6,81,600,hail,5.0,0.0,80,4.9,580.1,Hail,140,188,47.5,82.5,11.0,33.0,2.25,05:00,19:00,14,-11.0,35.1,3.89
2024-05-24,15:02,SEA001,Seattle - Sea-Tac,47.4502,-122.3088,137,-7.4,18.7,-14.4,-12.2,76,983.9,1000.1,falling rapidly,19.3,200,SSW,31.2,35.7,58,3000,snow,0.0,6.1,70,6.1,639.7,Light Snow,120,195,45.5,68.6,18.3,48.6,2.86,05:00,19:00,14,-8.8,15.9,4.77
2024-05-24,20:35,DFW001,Dallas - Fort Worth,32.8998,-97.0403,182,-12.3,9.9,-20.5,-18.9,67,992.1,1013.8,rising,18.6,300,WNW,40.4,0.4,52,,snow,0.0,14.7,52,0,0.0,Blizzard,125,186,43.8,72.3,26.3,57.0,2.84,05:00,19:00,14,-14.8,20.4,1.43
2024-05-25,07:33,MSY001,New Orleans - Moisant,29.9934,-90.258,3,0.1,32.2,-5.5,-8.7,56,1009.2,1009.6,steady,22.7,271,W,33.7,14.1,81,600,none,0.0,0.0,42,1.1,132.4,Overcast,104,27,6.1,15.4,16.6,63.2,0.68,05:00,19:00,14,-4.0,39.9,5.05
2024-05-25,09:32,MSP001,Minneapolis - St Paul,44.8848,-93.2223,255,-9.4,15.1,-17.7,-18.6,54,987.4,1017.9,steady,23.1,354,N,28.7,12.1,39,900,snow,0.0,4.8,26,5.1,501.9,Blowing Snow,123,121,32.0,55.9,21.3,58.9,1.24,05:00,19:00,14,-14.3,41.7,3.89
2024-05-25,12:28,ABQ001,Albuquerque - Intl Sunport,35.0402,-106.609,1619,-7.4,18.7,-13.1,-14.6,64,850.4,1034.4,steady,13.4,132,SE,14.3,15.3,48,9000,snow,0.0,3.5,96,7.3,740.9,Heavy Snow,122,227,57.3,87.7,62.1,74.5,1.56,05:00,19:00,14,-10.0,58.0,0.58
2024-05-25,23:18,ATL001,Atlanta - Hartsfield,33.6407,-84.4277,313,-4.9,23.2,-10.3,-5.1,99,960.1,996.6,falling rapidly,14.1,49,NE,22.5,5.8,65,,sleet,23.4,0.0,97,0,0,Ice Pellets,132,56,14.6,23.5,50.7,7.7,0.79,05:00,19:00,14,-6.2,44.8,2.78
2024-05-25,23:22,HNL001,Honolulu - Intl,21.325,-157.925,4,5.9,42.6,5.9,-2.9,56,999.2,999.7,falling rapidly,4.2,107,ESE,4.2,26.5,69,300,none,0.0,0.0,22,0,0,Mostly Cloudy,103,265,65.3,107.2,64.4,16.6,1.82,05:00,19:00,14,3.0,36.7,2.58
2024-05-26,01:01,BOS001,Boston - Logan,42.3656,-71.0096,9,-9.3,15.3,-15.6,-12.1,86,1007.8,1008.9,rising rapidly,13.9,41,NE,21.8,35.3,54,9000,none,0.0,0.0,70,0,0,Mostly Clear,101,33,4.6,11.6,84.0,57.8,2.85,05:00,19:00,14,-11.0,16.2,4.79
2024-05-26,01:46,CLE001,Cleveland - Hopkins,41.4117,-81.8498,245,-11.4,11.5,-16.6,-28.4,15,987.1,1016.3,rising rapidly,9.1,286,WNW,17.6,39.4,80,6000,sleet,20.4,0.0,60,0,0,Ice Storm,133,142,37.9,61.4,74.0,65.3,1.98,05:00,19:00,14,-12.9,52.1,1.27
2024-05-26,05:10,MCI001,Kansas City - Intl,39.2976,-94.7139,313,-8.3,17.1,-16.7,-18.7,48,977.7,1014.9,rising,25.5,159,SSE,43.3,10.6,7,,sleet,16.8,0.0,68,0,0,Freezing Rain,131,193,47.2,78.7,76.9,78.7,2.78,05:00,19:00,14,-11.8,26.0,2.81
2024-05-26,15:36,ANC001,Anchorage - Intl,61.1743,-149.9963,46,-24.1,-11.4,-33.5,-36.7,37,1012.5,1018.1,rising,13.3,334,NNW,15.8,30.1,61,150,snow,0.0,27.1,72,5.9,626.2,Snow Showers,124,102,21.6,39.3,22.5,18.4,0.39,05:00,19:00,14,-27.4,23.2,0
2024-05-27,02:01,ORD001,Chicago - O'Hare Area,41.9742,-87.9073,201,-12.6,9.3,-12.6,-22.8,49,988.6,1012.5,falling,2.4,177,S,2.4,21.3,88,600,snow,0.0,35.8,91,0,0,Moderate Snow,121,44,11.1,14.4,75.1,21.9,0.13,05:00,19:00,14,-14.4,27.7,3.81
2024-05-27,06:52,SFO001,San Francisco - Intl,37.6213,-122.379,4,-4.7,23.5,-10.1,-4.9,99,997.6,998.1,steady,14.4,97,E,18.6,38.0,53,,none,0.0,0.0,54,0,0.0,Overcast,104,96,21.3,32.2,48.2,67.9,0.67,05:00,19:00,14,-6.5,33.5,0.92
2024-05-27,19:16,DTW001,Detroit - Metro Wayne,42.2162,-83.3554,195,-11.3,11.7,-18.6,-23.3,40,997.6,1021.0,steady,16.1,350,N,36.8,16.7,66,9000,none,0.0,0.0,32,1.4,149.1,Partly Cloudy,102,188,46.5,72.4,61.5,36.3,2.1,05:00,19:00,14,-14.8,19.7,2.98
2024-05-28,14:54,LAX001,Los Angeles - Downtown,34.0522,-118.2437,71,-2.8,27.0,-10.0,-9.6,66,1008.9,1017.5,steady,28.7,95,E,32.2,27.5,96,,thunderstorm,30.0,0.0,100,3.9,507.0,Thunderstorm with Hail,152,57,13.9,19.3,80.0,12.2,0.3,05:00,19:00,14,-5.9,38.2,0.49
2024-05-28,16:31,PHX001,Phoenix - Sky Harbor,33.4373,-112.0078,337,-8.5,16.7,-17.4,-22.7,29,968.6,1008.3,falling rapidly,28.8,47,NE,37.8,14.1,37,3000,none,0.0,0.0,78,6.5,637.2,Mist,109,42,14.2,19.8,25.3,73.4,1.09,05:00,19:00,14,-11.6,10.5,3.84
2024-05-29,00:04,IAH001,Houston - Hobby,29.6454,-95.2789,15,-0.8,30.6,-6.2,-17.6,16,1029.3,1031.1,steady,19.7,272,W,20.3,33.4,44,300,snow,0.0,6.6,16,0,0,Blowing Snow,123,102,23.1,33.1,38.5,13.1,2.25,05:00,19:00,14,-5.8,59.5,2.36
2024-05-29,03:25,LAS001,Las Vegas - McCarran,36.084,-115.1537,664,-2.7,27.1,-8.3,-14.9,39,930.2,1007.1,falling,18.1,201,SSW,23.2,4.6,26,,none,0.0,0.0,90,0,0,Mist,109,221,54.6,88.7,52.8,77.8,0.11,05:00,19:00,14,-7.3,53.0,2.96
2024-05-29,09:32,SLC001,Salt Lake City - Intl,40.7884,-111.9778,1288,-9.7,14.5,-16.8,-14.5,76,856.2,1000.0,falling rapidly,16.9,332,NNW,37.1,16.4,12,,snow,0.0,20.6,1,6.3,586.1,Moderate Snow,121,95,21.3,34.5,60.9,31.7,2.38,05:00,19:00,14,-11.4,9.6,1.24
2024-05-29,10:31,MKE001,Milwaukee - Mitchell,42.9472,-87.8966,211,-12.4,9.7,-20.5,-22.6,49,979.7,1004.6,rising rapidly,18.2,83,E,31.5,35.9,63,3000,none,0.0,0.0,15,5.0,535.6,Smoke,107,220,53.2,84.7,66.7,30.0,0.14,05:00,19:00,14,-17.0,44.0,4.41
2024-05-29,11:56,TPA001,Tampa - Intl,27.9755,-82.5332,9,5.0,41.0,0.5,-0.6,72,1027.2,1028.3,rising,25.2,170,S,28.8,28.5,34,,none,0.0,0.0,3,7.7,747.8,Mostly Clear,101,101,23.7,38.2,82.7,78.1,2.34,05:00,19:00,14,3.5,35.4,2.91
2024-06-07,01:05,MIA001,Miami - International,25.7959,-80.287,3,-8.1,17.4,-15.3,-24.7,17,1010.5,1010.9,falling,18.9,198,SSW,22.8,14.6,74,9000,rain,16.9,0.0,22,0,0,Light Rain,110,107,25.4,34.2,75.6,64.0,1.37,04:00,20:00,16,-11.9,56.2,7.38
2024-06-07,02:28,CLE001,Cleveland - Hopkins,41.4117,-81.8498,245,-24.8,-12.6,-34.2,-38.8,30,992.3,1021.7,falling,12.8,295,WNW,33.5,27.7,77,1500,snow,0.0,12.4,93,0,0,Blizzard,125,230,57.6,91.8,62.4,22.1,2.65,04:00,20:00,16,-26.2,52.4,3.74
2024-06-07,13:10,SLC001,Salt Lake City - Intl,40.7884,-111.9778,1288,-15.2,4.6,-15.2,-29.4,29,865.1,1010.4,rising,2.1,58,ENE,2.1,9.0,7,,sleet,53.7,0.0,84,10.5,965.0,Sleet,130,152,35.3,52.1,18.2,27.3,2.18,04:00,20:00,16,-18.9,13.9,2.38
2024-06-07,23:24,LAX001,Los Angeles - Downtown,34.0522,-118.2437,71,-13.1,8.4,-21.2,-20.9,61,1004.2,1012.7,steady,17.4,88,E,31.5,30.3,91,3000,rain,52.6,0.0,12,0,0,Light Rain,110,25,3.2,6.2,76.2,72.3,0.74,04:00,20:00,16,-16.7,20.1,1.36
2024-06-08,00:19,ANC001,Anchorage - Intl,61.1743,-149.9963,46,-30.1,-22.2,-43.4,-40.9,46,1007.4,1012.9,rising rapidly,20.7,101,E,24.5,11.9,89,900,snow,0.0,15.9,84,0,0,Light Snow,120,217,55.4,93.4,11.8,30.6,0.6,04:00,20:00,16,-33.3,27.6,4.84
2024-06-08,07:58,PDX001,Portland - Intl,45.5898,-122.5951,9,-10.2,13.6,-17.0,-14.6,78,1009.9,1011.0,steady,15.0,33,NNE,21.5,38.8,18,,none,0.0,0.0,91,2.2,202.5,Smoke,107,216,53.1,79.9,29.7,72.6,2.42,04:00,20:00,16,-12.2,20.7,3.42
2024-06-08,09:55,SFO001,San Francisco - Intl,37.6213,-122.379,4,-9.5,14.9,-14.2,-17.7,59,1002.1,1002.6,falling,8.7,161,SSE,28.6,23.0,54,9000,none,0.0,0.0,99,4.4,455.1,Mostly Cloudy,103,232,58.1,97.1,82.9,22.5,2.92,04:00,20:00,16,-13.2,40.5,0
2024-06-08,13:36,STL001,St Louis - Lambert,38.7487,-90.37,172,-5.6,21.9,-12.6,-12.4,66,1003.5,1024.3,falling,21.5,235,SW,26.2,28.0,44,600,sleet,36.1,0.0,16,7.8,780.0,Ice Storm,133,127,30.6,50.2,52.4,32.8,1.51,04:00,20:00,16,-8.6,56.3,3.81
2024-06-08,18:47,ABQ001,Albuquerque - Intl Sunport,35.0402,-106.609,1619,-19.0,-2.2,-32.8,-32.4,33,842.2,1024.5,steady,40.1,315,NW,45.5,0.2,78,6000,snow,0.0,19.0,59,2.3,264.7,Heavy Snow,122,127,30.1,49.6,24.6,78.1,2.31,04:00,20:00,16,-21.4,40.1,9.35
2024-06-08,19:21,LAS001,Las Vegas - McCarran,36.084,-115.1537,664,-14.4,6.1,-26.0,-17.2,86,942.1,1020.0,rising rapidly,34.8,123,ESE,43.3,3.2,21,,none,0.0,0.0,78,2.1,199.2,Fog,105,224,54.3,89.8,16.1,39.8,1.39,04:00,20:00,16,-17.0,26.5,6.69
2024-06-08,20:19,NYC001,New York - Central Park,40.7829,-73.9654,39,-10.3,13.5,-14.6,-18.7,58,1018.6,1023.3,steady,7.4,97,E,27.2,6.9,90,,sleet,59.2,0.0,60,0,0.0,Ice Storm,133,79,22.2,38.6,38.3,24.4,1.01,04:00,20:00,16,-12.3,18.7,3.6
2024-06-08,20:55,MCI001,Kansas City - Intl,39.2976,-94.7139,313,-18.2,-0.8,-30.6,-25.0,66,973.5,1010.5,rising rapidly,32.0,22,NNE,36.0,1.0,96,900,snow,0.0,11.3,14,0,0.0,Light Snow,120,179,43.9,71.0,30.9,38.9,1.38,04:00,20:00,16,-19.7,7.1,3.19
2024-06-09,19:42,BOS001,Boston - Logan,42.3656,-71.0096,9,-12.1,10.2,-15.9,-26.9,26,1008.1,1009.2,rising rapidly,5.9,60,ENE,23.9,17.7,4,,snow,0.0,25.4,92,2.4,218.1,Blizzard,125,84,22.5,37.7,27.2,16.8,0.35,04:00,20:00,16,-15.1,42.2,1.0
2024-06-10,04:58,IAH001,Houston - Hobby,29.6454,-95.2789,15,-5.6,21.9,-13.6,-5.8,99,1005.0,1006.8,rising,28.5,161,SSE,40.9,27.4,11,,snow,0.0,25.0,16,0,0,Light Snow,120,199,48.3,78.4,32.0,73.5,1.6,04:00,20:00,16,-9.0,19.8,3.37
2024-06-10,07:28,DEN001,Denver - Stapleton,39.7392,-104.9903,1609,-20.8,-5.4,-26.9,-22.2,93,835.9,1015.6,steady,7.6,165,SSE,13.5,13.2,3,,snow,0.0,25.4,79,2.4,219.2,Blizzard,125,155,40.9,62.4,63.7,64.2,1.26,04:00,20:00,16,-25.4,41.2,0
2024-06-10,08:26,PHL001,Philadelphia - Intl,39.8729,-75.2437,9,-12.3,9.9,-20.1,-28.7,18,1013.7,1014.8,rising,17.1,30,NNE,32.5,13.8,9,,none,0.0,0.0,19,4.5,414.4,Haze,106,145,31.0,47.9,20.2,32.6,1.64,04:00,20:00,16,-14.1,33.1,7.26
2024-06-10,09:01,TPA001,Tampa - Intl,27.9755,-82.5332,9,3.0,37.4,-2.5,-0.4,83,1011.1,1012.2,falling rapidly,29.1,175,S,48.6,1.8,94,6000,thunderstorm,35.0,0.0,91,2.6,330.4,Derecho,153,71,21.0,28.3,28.5,63.9,2.24,04:00,20:00,16,1.4,55.3,2.16
2024-06-10,13:22,IND001,Indianapolis - Intl,39.7173,-86.2944,248,-5.8,21.6,-5.8,-17.4,42,980.9,1010.3,falling rapidly,2.6,75,ENE,2.6,14.3,13,,snow,0.0,1.3,94,10.0,935.0,Snow Showers,124,161,36.6,62.2,45.9,58.5,1.09,04:00,20:00,16,-10.3,54.7,2.26
2024-06-10,13:32,MKE001,Milwaukee - Mitchell,42.9472,-87.8966,211,-3.7,25.3,-3.7,-10.7,65,997.3,1022.7,rising rapidly,0.2,290,WNW,0.2,17.8,28,,none,0.0,0.0,63,8.9,860.0,Haze,106,96,22.8,30.1,89.3,46.5,1.05,04:00,20:00,16,-7.6,29.2,3.9
2024-06-11,01:14,DTW001,Detroit - Metro Wayne,42.2162,-83.3554,195,-19.2,-2.6,-27.0,-25.6,68,994.2,1017.5,rising rapidly,11.8,46,NE,21.5,12.8,37,3000,snow,0.0,6.7,37,0,0,Blizzard,125,155,33.1,56.6,66.9,78.5,0.59,04:00,20:00,16,-21.0,8.5,1.02
2024-06-11,07:08,ORD001,Chicago - O'Hare Area,41.9742,-87.9073,201,-10.1,13.8,-14.1,-20.1,50,995.3,1019.4,falling rapidly,6.8,337,NNW,23.3,37.7,91,600,snow,0.0,18.5,69,1.0,121.3,Blizzard,125,226,55.6,91.6,40.6,78.8,0.71,04:00,20:00,16,-13.7,54.2,3.94
2024-06-11,12:43,MSP001,Minneapolis - St Paul,44.8848,-93.2223,255,-12.0,10.4,-16.2,-26.6,27,987.8,1018.3,steady,6.7,296,WNW,7.4,4.3,82,6000,snow,0.0,20.7,85,4.9,575.2,Blowing Snow,123,290,74.3,115.0,73.7,35.0,2.8,04:00,20:00,16,-13.8,33.0,0
2024-06-11,17:52,HNL001,Honolulu - Intl,21.325,-157.925,4,5.2,41.4,2.6,-4.4,52,1019.8,1020.3,steady,11.4,18,NNE,32.9,33.1,38,6000,none,0.0,0.0,28,5.1,505.0,Dust,108,11,5.6,12.2,67.4,16.8,0.42,04:00,20:00,16,3.9,56.4,3.49
2024-06-11,18:18,PHX001,Phoenix - Sky Harbor,33.4373,-112.0078,337,-0.7,30.7,-0.7,-2.5,91,976.9,1017.0,rising rapidly,3.7,359,N,3.7,30.1,88,,none,0.0,0.0,85,2.0,243.0,Clear,100,33,6.3,13.9,40.1,34.1,0.98,04:00,20:00,16,-3.2,31.4,5.56
2024-06-11,19:39,SEA001,Seattle - Sea-Tac,47.4502,-122.3088,137,-18.7,-1.7,-28.1,-20.9,89,984.7,1000.9,falling,17.2,317,NW,40.4,10.6,78,300,none,0.0,0.0,59,1.2,135.7,Mist,109,164,45.5,69.9,78.7,54.1,2.08,04:00,20:00,16,-21.6,40.6,2.14
2024-06-12,02:24,ATL001,Atlanta - Hartsfield,33.6407,-84.4277,313,-8.6,16.5,-12.8,-16.6,60,989.8,1027.4,rising rapidly,7.8,7,N,31.5,12.4,68,300,sleet,18.1,0.0,14,0,0,Sleet,130,84,15.8,24.2,56.2,12.1,1.7,04:00,20:00,16,-11.5,47.2,0.95
2024-06-12,04:53,DFW001,Dallas - Fort Worth,32.8998,-97.0403,182,-2.3,27.9,-5.9,-15.1,36,983.9,1005.4,steady,9.4,137,SE,32.7,12.0,72,6000,rain,37.8,0.0,47,0,0,Light Rain,110,86,19.3,30.9,61.9,18.9,0.81,04:00,20:00,16,-7.1,13.1,1.29
2024-06-12,12:30,MSY001,New Orleans - Moisant,29.9934,-90.258,3,11.4,52.5,11.4,1.4,50,1012.9,1013.3,rising,13.5,273,W,15.4,0.7,46,600,none,0.0,0.0,30,7.4,750.7,Overcast,104,190,46.3,71.7,78.1,38.2,0.91,04:00,20:00,16,7.6,16.1,3.76
2024-06-12,23:25,BWI001,Baltimore - Washington,39.1754,-76.6684,46,-16.2,2.8,-24.2,-30.6,28,1002.2,1007.7,rising,14.5,63,ENE,19.5,13.8,66,600,snow,0.0,23.7,84,0,0,Light Snow,120,282,70.9,114.8,19.2,17.1,2.34,04:00,20:00,16,-21.0,7.6,3.07
2024-06-13,05:37,RDU001,Raleigh-Durham - Intl,35.8801,-78.788,132,-4.5,23.9,-11.4,-5.1,97,1018.5,1034.6,falling rapidly,22.8,173,S,47.3,19.5,1,,sleet,27.4,0.0,16,0,0,Freezing Rain,131,111,27.5,44.4,44.1,11.9,0.98,04:00,20:00,16,-6.6,14.2,6.85
2024-06-21,21:19,CLE001,Cleveland - Hopkins,41.4117,-81.8498,245,-15.9,3.4,-22.5,-31.1,24,966.2,994.8,falling,10.6,129,SE,17.6,29.5,37,6000,snow,0.0,28.5,8,0,0,Light Snow,120,200,50.7,80.7,31.1,44.9,0.75,04:00,20:00,16,-17.9,6.8,0
2024-06-22,00:07,MKE001,Milwaukee - Mitchell,42.9472,-87.8966,211,-24.4,-11.9,-34.9,-39.0,27,990.3,1015.5,rising,16.3,116,ESE,23.7,10.2,98,9000,snow,0.0,8.8,5,0,0,Moderate Snow,121,98,22.7,30.4,35.8,76.9,1.07,04:00,20:00,16,-27.4,32.3,4.43
2024-06-22,13:03,IND001,Indianapolis - Intl,39.7173,-86.2944,248,-4.9,23.2,-12.4,-20.9,20,980.1,1009.5,falling rapidly,26.5,230,SW,34.9,1.6,39,900,none,0.0,0.0,0,8.1,805.0,Mostly Clear,101,58,13.0,24.3,39.2,50.0,2.16,04:00,20:00,16,-6.9,21.2,2.86
2024-06-22,14:07,HNL001,Honolulu - Intl,21.325,-157.925,4,10.4,50.7,10.4,5.6,76,1022.1,1022.6,rising,14.5,359,N,21.0,3.8,22,,none,0.0,0.0,98,9.2,867.7,Partly Cloudy,102,12,4.6,7.3,58.4,33.4,0.75,04:00,20:00,16,7.7,47.9,0.1
2024-06-22,20:10,DFW001,Dallas - Fort Worth,32.8998,-97.0403,182,1.9,35.4,-3.6,-7.1,55,993.4,1015.2,rising rapidly,26.2,357,N,30.2,20.0,64,900,none,0.0,0.0,54,0,0.0,Haze,106,152,41.1,61.6,73.0,41.2,0.55,04:00,20:00,16,-2.9,57.4,3.42
2024-06-23,01:51,RDU001,Raleigh-Durham - Intl,35.8801,-78.788,132,-15.4,4.3,-23.3,-26.0,47,1005.8,1021.7,rising rapidly,14.7,238,WSW,37.6,10.0,36,,snow,0.0,10.6,18,0,0,Blowing Snow,123,255,62.0,93.6,33.5,64.2,0.59,04:00,20:00,16,-16.7,47.5,2.3
2024-06-23,02:04,MIA001,Miami - International,25.7959,-80.287,3,-3.0,26.6,-6.6,-7.2,79,1015.1,1015.5,steady,9.0,251,WSW,21.2,25.3,16,,sleet,55.7,0.0,40,0,0,Freezing Rain,131,71,16.4,30.0,39.6,36.4,2.42,04:00,20:00,16,-4.3,42.8,5.21
2024-06-23,04:02,IAH001,Houston - Hobby,29.6454,-95.2789,15,-6.3,20.7,-13.8,-8.3,90,1013.2,1015.0,falling rapidly,23.4,192,SSW,41.7,27.3,100,900,snow,0.0,22.3,53,0,0,Blowing Snow,123,271,67.4,111.0,16.6,24.3,1.08,04:00,20:00,16,-9.3,36.2,3.03
2024-06-23,10:59,BWI001,Baltimore - Washington,39.1754,-76.6684,46,-1.1,30.0,-4.7,-13.5,38,1007.3,1012.8,steady,10.3,25,NNE,14.7,6.4,94,1500,none,0.0,0.0,57,3.2,414.4,Mostly Clear,101,43,11.7,24.3,45.1,19.2,2.7,04:00,20:00,16,-3.6,48.8,5.87
2024-06-23,18:49,SFO001,San Francisco - Intl,37.6213,-122.379,4,-5.7,21.7,-5.7,-6.7,95,1017.6,1018.1,rising rapidly,3.1,85,E,3.1,18.4,83,300,rain,22.9,0.0,59,2.1,253.8,Moderate Rain,111,133,30.6,44.5,79.6,60.3,1.36,04:00,20:00,16,-7.5,45.0,1.45
2024-06-23,20:33,LAX001,Los Angeles - Downtown,34.0522,-118.2437,71,-4.7,23.5,-10.8,-7.5,86,996.9,1005.3,rising,18.1,224,SW,42.5,31.9,73,,none,0.0,0.0,51,0,0.0,Smoke,107,94,23.0,36.7,72.5,72.6,1.94,04:00,20:00,16,-8.1,8.7,3.41
2024-06-23,22:07,ANC001,Anchorage - Intl,61.1743,-149.9963,46,-34.1,-29.4,-50.0,-38.5,78,1006.0,1011.5,falling rapidly,26.1,75,ENE,35.6,15.4,47,,hail,2.7,0.0,4,0,0,Heavy Hail,141,191,45.3,70.5,75.3,10.8,0.95,04:00,20:00,16,-38.7,13.0,4.18
2024-06-24,06:03,DTW001,Detroit - Metro Wayne,42.2162,-83.3554,195,-10.7,12.7,-17.5,-24.5,31,988.0,1011.2,steady,14.7,89,E,25.8,4.0,68,6000,sleet,14.1,0.0,45,0,0.0,Sleet,130,56,11.5,21.7,75.9,49.8,0.54,04:00,20:00,16,-14.4,31.0,1.34
2024-06-24,19:07,MSP001,Minneapolis - St Paul,44.8848,-93.2223,255,-17.9,-0.2,-28.3,-23.3,73,982.6,1012.9,steady,21.9,306,NW,29.2,8.9,47,600,none,0.0,0.0,66,1.7,170.2,Mostly Clear,101,263,58.6,94.6,32.9,35.4,2.39,04:00,20:00,16,-20.2,30.3,3.17
2024-06-25,03:05,MSY001,New Orleans - Moisant,29.9934,-90.258,3,-6.9,19.6,-15.8,-13.1,69,1014.3,1014.7,rising,32.3,324,NW,56.9,37.0,14,,rain,4.0,0.0,79,0,0,Moderate Rain,111,26,10.7,23.3,21.9,32.5,2.16,04:00,20:00,16,-8.4,6.0,1.66
2024-06-25,03:43,STL001,St Louis - Lambert,38.7487,-90.37,172,-7.8,18.0,-15.1,-17.4,52,990.2,1010.7,rising,19.9,342,NNW,21.0,32.5,95,150,snow,0.0,33.0,89,0,0,Light Snow,120,207,54.7,86.9,70.9,53.5,0.36,04:00,20:00,16,-12.5,57.3,4.79
2024-06-25,05:24,MCI001,Kansas City - Intl,39.2976,-94.7139,313,-17.5,0.5,-28.6,-34.5,15,975.7,1012.8,rising rapidly,26.1,157,SSE,43.4,10.1,76,150,none,0.0,0.0,75,0,0,Dust,108,55,15.7,23.2,57.1,66.0,2.26,04:00,20:00,16,-21.8,18.4,3.46
2024-06-25,13:24,PHL001,Philadelphia - Intl,39.8729,-75.2437,9,-6.9,19.6,-13.9,-15.1,59,1010.5,1011.6,rising,19.6,89,E,42.6,20.5,46,300,none,0.0,0.0,16,7.6,770.0,Overcast,104,277,65.1,112.1,55.9,6.6,0.66,04:00,20:00,16,-11.3,50.3,2.75
2024-06-25,15:54,TPA001,Tampa - Intl,27.9755,-82.5332,9,6.3,43.3,4.1,-7.5,31,995.5,996.6,falling rapidly,10.7,170,S,35.6,32.1,84,600,rain,9.2,0.0,94,4.4,522.6,Rain Showers,114,264,62.7,90.7,23.3,24.2,1.83,04:00,20:00,16,3.7,9.9,4.52
2024-06-25,17:36,LAS001,Las Vegas - McCarran,36.084,-115.1537,664,-14.7,5.5,-23.4,-14.9,99,935.9,1013.3,falling rapidly,18.5,109,ESE,23.5,33.7,59,3000,snow,0.0,23.0,94,4.2,439.6,Snow Showers,124,31,9.2,17.2,34.7,48.2,1.08,04:00,20:00,16,-16.3,49.7,2.12
2024-06-25,19:30,PDX001,Portland - Intl,45.5898,-122.5951,9,-15.4,4.3,-24.9,-32.4,15,1018.0,1019.1,rising,20.8,251,WSW,36.7,30.3,93,9000,none,0.0,0.0,85,0.9,119.0,Overcast,104,74,19.5,31.3,15.0,65.3,2.97,04:00,20:00,16,-16.6,30.4,1.23
2024-06-25,19:48,DEN001,Denver - Stapleton,39.7392,-104.9903,1609,-20.9,-5.6,-33.9,-33.1,39,831.7,1010.4,steady,30.8,326,NW,36.3,12.5,70,300,none,0.0,0.0,87,1.3,144.6,Smoke,107,227,54.8,81.1,40.1,67.0,1.67,04:00,20:00,16,-23.7,47.9,0.51
2024-06-26,03:15,BOS001,Boston - Logan,42.3656,-71.0096,9,-12.8,9.0,-18.1,-24.8,40,1016.0,1017.1,rising,8.7,263,W,23.8,34.7,63,3000,snow,0.0,37.5,72,0,0,Blizzard,125,297,71.7,109.0,30.4,61.8,0.29,04:00,20:00,16,-17.3,32.7,2.54
2024-06-26,04:27,ORD001,Chicago - O'Hare Area,41.9742,-87.9073,201,-12.1,10.2,-21.0,-26.5,28,994.0,1018.1,steady,22.3,124,SE,28.8,8.6,22,,snow,0.0,36.0,72,0,0,Snow Showers,124,76,20.5,37.1,14.1,25.6,1.83,04:00,20:00,16,-15.8,46.2,2.99
2024-06-26,13:44,SLC001,Salt Lake City - Intl,40.7884,-111.9778,1288,-7.7,18.1,-12.8,-12.5,76,873.6,1020.3,falling,11.0,205,SSW,33.0,32.4,66,1500,snow,0.0,10.5,98,6.2,670.0,Blowing Snow,123,174,42.9,67.5,69.8,55.7,0.36,04:00,20:00,16,-11.5,20.5,0
2024-06-26,19:57,ABQ001,Albuquerque - Intl Sunport,35.0402,-106.609,1619,-13.0,8.6,-23.3,-24.2,44,841.4,1023.5,rising,29.3,313,NW,38.4,12.0,62,300,none,0.0,0.0,90,1.4,153.5,Smoke,107,8,1.2,3.1,52.7,69.1,0.38,04:00,20:00,16,-14.5,48.0,2.86
2024-06-26,20:11,PHX001,Phoenix - Sky Harbor,33.4373,-112.0078,337,-11.1,12.0,-16.1,-26.7,22,978.2,1018.3,falling,8.8,138,SE,24.5,24.2,79,600,none,0.0,0.0,90,0,0.0,Mostly Clear,101,190,42.6,65.5,39.1,20.6,0.53,04:00,20:00,16,-14.7,26.2,0.7
2024-06-26,22:21,ATL001,Atlanta - Hartsfield,33.6407,-84.4277,313,-13.0,8.6,-19.4,-17.8,76,971.0,1007.9,falling rapidly,11.4,73,ENE,21.7,24.4,63,300,snow,0.0,39.8,48,0,0,Light Snow,120,24,10.2,13.4,59.1,45.2,1.89,04:00,20:00,16,-17.1,12.0,3.43
2024-06-27,01:54,SEA001,Seattle - Sea-Tac,47.4502,-122.3088,137,-19.8,-3.6,-19.8,-31.4,42,992.8,1009.1,rising,1.2,133,SE,1.2,5.2,71,6000,none,0.0,0.0,77,0,0,Mostly Cloudy,103,156,43.3,65.0,75.0,63.6,1.53,04:00,20:00,16,-22.4,36.5,2.26
2024-06-27,14:08,NYC001,New York - Central Park,40.7829,-73.9654,39,-5.2,22.6,-11.6,-6.0,96,1003.9,1008.6,falling rapidly,18.7,351,N,27.7,39.9,99,600,snow,0.0,17.4,65,3.6,492.3,Blizzard,125,237,62.5,98.0,80.3,38.5,0.76,04:00,20:00,16,-9.2,33.5,8.04
2024-07-07,00:13,SEA001,Seattle - Sea-Tac,47.4502,-122.3088,137,-24.7,-12.5,-35.6,-27.1,88,995.6,1012.0,rising,17.3,57,ENE,25.8,24.3,73,900,rain,28.3,0.0,93,0,0,Drizzle,113,199,47.0,72.6,13.6,69.0,1.2,03:00,21:00,18,-26.7,48.1,3.54
2024-07-07,13:26,NYC001,New York - Central Park,40.7829,-73.9654,39,-6.6,20.1,-13.7,-9.6,85,1003.3,1008.0,rising,20.9,89,E,42.4,17.6,9,,snow,0.0,1.1,11,10.3,955.0,Moderate Snow,121,68,17.4,29.3,67.9,74.0,2.41,03:00,21:00,18,-10.9,47.9,3.37
2024-07-07,17:40,MIA001,Miami - International,25.7959,-80.287,3,11.2,52.2,11.2,3.4,61,1013.5,1013.9,falling rapidly,28.4,132,SE,50.5,3.3,66,1500,none,0.0,0.0,87,3.8,417.7,Overcast,104,285,66.4,105.9,63.3,40.4,1.72,03:00,21:00,18,6.8,48.7,2.38
2024-07-07,23:13,IAH001,Houston - Hobby,29.6454,-95.2789,15,-13.1,8.4,-23.8,-28.5,23,1013.0,1014.8,rising,31.9,138,SE,35.2,39.7,86,150,snow,0.0,12.9,66,0,0,Blowing Snow,123,104,23.4,41.8,46.4,50.1,1.3,03:00,21:00,18,-17.4,35.3,2.75
2024-07-08,01:10,DTW001,Detroit - Metro Wayne,42.2162,-83.3554,195,-19.1,-2.4,-19.1,-34.9,21,990.6,1013.9,rising,2.0,304,NW,2.0,24.0,30,,none,0.0,0.0,54,0,0,Mist,109,252,63.1,100.7,28.3,59.7,0.45,03:00,21:00,18,-20.6,31.0,7.72
2024-07-08,02:16,MSY001,New Orleans - Moisant,29.9934,-90.258,3,-2.1,28.2,-8.1,-4.1,90,1008.3,1008.7,rising rapidly,21.6,91,E,35.3,11.8,81,1500,none,0.0,0.0,40,0,0,Overcast,104,288,71.4,113.5,58.6,63.7,2.64,03:00,21:00,18,-4.3,32.2,3.99
2024-07-08,05:51,PHL001,Philadelphia - Intl,39.8729,-75.2437,9,-9.3,15.3,-17.8,-18.7,53,1008.0,1009.1,falling rapidly,24.5,43,NE,25.2,6.3,16,,snow,0.0,31.7,96,0,0,Snow Showers,124,43,12.1,20.6,33.6,73.6,0.87,03:00,21:00,18,-10.6,26.3,5.25
2024-07-08,06:08,BOS001,Boston - Logan,42.3656,-71.0096,9,-13.4,7.9,-13.4,-13.6,99,1000.2,1001.3,falling,2.5,290,WNW,2.5,9.7,22,,rain,54.8,0.0,60,0,0.0,Light Rain,110,273,71.2,108.2,47.9,72.3,2.04,03:00,21:00,18,-16.8,46.5,2.97
2024-07-08,09:55,IND001,Indianapolis - Intl,39.7173,-86.2944,248,-5.7,21.7,-5.7,-20.7,25,996.9,1026.8,rising rapidly,1.1,119,ESE,1.1,34.8,63,6000,snow,0.0,19.3,74,4.0,427.1,Blizzard,125,221,59.0,92.7,86.9,16.3,0.86,03:00,21:00,18,-9.0,21.4,5.02
2024-07-08,13:59,BWI001,Baltimore - Washington,39.1754,-76.6684,46,-4.7,23.5,-9.3,-21.7,15,1013.5,1019.1,rising rapidly,11.1,352,N,31.6,39.3,3,,snow,0.0,32.2,96,10.8,985.0,Moderate Snow,121,256,64.3,97.3,55.2,12.5,2.54,03:00,21:00,18,-7.0,48.6,2.54
2024-07-08,15:01,RDU001,Raleigh-Durham - Intl,35.8801,-78.788,132,-7.0,19.4,-13.5,-11.8,76,995.1,1010.9,rising rapidly,17.0,10,N,37.6,27.3,47,1500,rain,6.9,0.0,5,6.8,689.2,Heavy Rain,112,189,49.4,84.2,36.5,12.0,1.52,03:00,21:00,18,-8.2,58.0,3.92
2024-07-08,23:51,MSP001,Minneapolis - St Paul,44.8848,-93.2223,255,-25.2,-13.4,-38.0,-28.2,85,994.9,1025.6,falling,23.6,175,S,33.9,26.9,88,,snow,0.0,14.7,100,0,0,Blowing Snow,123,217,53.8,84.0,17.7,18.0,2.41,03:00,21:00,18,-29.1,23.3,6.84
2024-07-09,07:11,STL001,St Louis - Lambert,38.7487,-90.37,172,-8.6,16.5,-12.5,-18.6,50,983.4,1003.7,rising rapidly,7.2,236,SW,14.5,6.0,28,,sleet,59.0,0.0,41,2.0,191.4,Freezing Rain,131,13,4.2,9.9,23.1,24.9,0.13,03:00,21:00,18,-11.6,31.0,4.54
2024-07-09,09:31,SFO001,San Francisco - Intl,37.6213,-122.379,4,-10.3,13.5,-18.5,-23.9,32,1007.7,1008.2,rising,21.6,26,NNE,46.4,19.4,26,,snow,0.0,8.6,74,5.7,542.4,Blowing Snow,123,235,60.8,105.3,62.4,56.8,0.72,03:00,21:00,18,-14.0,41.9,3.0
2024-07-09,13:09,PDX001,Portland - Intl,45.5898,-122.5951,9,-10.9,12.4,-21.5,-25.5,27,1009.0,1010.1,steady,35.9,349,N,59.0,25.8,100,3000,snow,0.0,14.6,9,3.7,500.0,Blizzard,125,265,61.9,95.2,64.1,71.7,2.25,03:00,21:00,18,-12.2,18.9,3.22
2024-07-09,13:11,MKE001,Milwaukee - Mitchell,42.9472,-87.8966,211,-7.6,18.3,-14.6,-18.6,45,980.8,1005.8,rising rapidly,18.8,293,WNW,23.6,25.7,56,,sleet,31.2,0.0,70,6.9,720.0,Ice Storm,133,16,1.6,5.3,28.5,50.8,1.67,03:00,21:00,18,-8.9,35.0,4.52
2024-07-09,16:43,DFW001,Dallas - Fort Worth,32.8998,-97.0403,182,-7.8,18.0,-12.5,-15.6,61,988.3,1009.9,steady,9.7,312,NW,10.3,37.0,24,,snow,0.0,17.4,35,7.2,688.0,Blowing Snow,123,58,8.4,12.4,59.7,6.3,2.93,03:00,21:00,18,-11.9,59.4,2.11
2024-07-09,18:04,CLE001,Cleveland - Hopkins,41.4117,-81.8498,245,-9.8,14.4,-16.2,-18.2,58,994.2,1023.6,steady,13.8,25,NNE,23.9,32.7,95,600,none,0.0,0.0,85,1.7,227.8,Mostly Cloudy,103,159,38.6,65.1,13.2,66.7,2.39,03:00,21:00,18,-13.0,46.0,2.73
2024-07-09,18:28,PHX001,Phoenix - Sky Harbor,33.4373,-112.0078,337,-2.0,28.4,-8.1,-16.4,28,978.0,1018.1,steady,22.3,337,NNW,45.8,37.5,71,9000,snow,0.0,39.7,89,2.5,279.9,Moderate Snow,121,158,41.4,63.0,86.0,31.2,1.68,03:00,21:00,18,-5.3,37.2,0.95
2024-07-09,19:15,ORD001,Chicago - O'Hare Area,41.9742,-87.9073,201,-14.8,5.4,-19.1,-25.4,47,993.6,1017.7,rising,6.1,329,NNW,25.7,17.4,5,,none,0.0,0.0,88,2.4,217.0,Fog,105,139,33.6,55.0,86.5,14.9,0.39,03:00,21:00,18,-19.1,32.4,2.33
2024-07-10,02:05,DEN001,Denver - Stapleton,39.7392,-104.9903,1609,-27.3,-17.1,-37.7,-34.3,65,817.7,993.4,rising rapidly,14.0,178,S,19.5,23.1,70,600,snow,0.0,23.7,32,0,0,Blizzard,125,125,28.9,47.8,15.2,7.6,0.96,03:00,21:00,18,-29.1,17.3,3.2
2024-07-10,07:55,MCI001,Kansas City - Intl,39.2976,-94.7139,313,-10.6,12.9,-21.2,-14.4,81,984.9,1022.3,rising,36.8,252,WSW,59.2,20.8,48,600,rain,48.0,0.0,44,1.7,169.1,Rain Showers,114,18,12.1,19.4,70.4,72.0,1.3,03:00,21:00,18,-11.7,58.4,3.35
2024-07-10,09:12,TPA001,Tampa - Intl,27.9755,-82.5332,9,2.8,37.0,-2.2,-3.2,70,1016.3,1017.4,falling rapidly,24.0,81,E,41.1,37.9,0,,none,0.0,0.0,30,6.9,623.5,Mostly Clear,101,10,3.6,6.2,34.1,42.8,2.01,03:00,21:00,18,0.6,51.4,3.65
2024-07-10,16:13,ABQ001,Albuquerque - Intl Sunport,35.0402,-106.609,1619,-12.8,9.0,-12.8,-18.0,74,830.7,1010.5,falling rapidly,3.1,94,E,3.1,28.3,96,900,snow,0.0,26.6,18,3.1,406.6,Light Snow,120,113,24.3,41.5,71.3,69.4,1.79,03:00,21:00,18,-13.8,28.4,2.28
2024-07-10,18:18,HNL001,Honolulu - Intl,21.325,-157.925,4,2.7,36.9,-4.0,-0.7,83,1004.3,1004.8,falling rapidly,43.1,78,ENE,54.5,16.1,28,,thunderstorm,20.7,0.0,96,3.9,373.1,Thunderstorm with Hail,152,232,60.4,100.1,36.4,74.9,1.09,03:00,21:00,18,1.2,17.0,5.21
2024-07-11,06:32,ATL001,Atlanta - Hartsfield,33.6407,-84.4277,313,-8.0,17.6,-12.6,-15.8,61,966.7,1003.4,falling,9.2,121,ESE,30.8,18.4,71,3000,none,0.0,0.0,57,0,0.0,Overcast,104,250,57.7,95.1,19.9,57.8,0.22,03:00,21:00,18,-9.0,30.4,0
2024-07-11,16:29,SLC001,Salt Lake City - Intl,40.7884,-111.9778,1288,-16.2,2.8,-28.4,-29.2,35,865.4,1010.8,falling,35.3,285,WNW,47.9,29.0,74,,snow,0.0,18.7,92,4.4,492.6,Light Snow,120,94,26.5,45.0,21.2,33.2,0.4,03:00,21:00,18,-20.6,14.8,0
2024-07-11,19:17,LAX001,Los Angeles - Downtown,34.0522,-118.2437,71,-9.8,14.4,-19.8,-21.8,40,1015.6,1024.2,rising rapidly,34.1,91,E,54.2,27.5,87,,none,0.0,0.0,28,1.0,125.7,Clear,100,39,12.4,19.6,78.6,52.6,1.72,03:00,21:00,18,-11.6,11.7,5.0
2024-07-11,19:26,LAS001,Las Vegas - McCarran,36.084,-115.1537,664,-7.0,19.4,-10.1,-7.6,97,932.5,1009.6,steady,6.1,27,NNE,9.6,8.6,10,,none,0.0,0.0,33,2.3,211.4,Partly Cloudy,102,13,0.1,0.1,40.8,58.0,1.14,03:00,21:00,18,-9.4,42.4,4.63
2024-07-12,03:50,ANC001,Anchorage - Intl,61.1743,-149.9963,46,-34.8,-30.6,-46.9,-46.0,44,1012.0,1017.5,steady,14.1,8,N,20.0,28.8,54,3000,snow,0.0,36.8,58,0,0,Snow Showers,124,113,28.8,52.4,37.4,7.4,0.18,03:00,21:00,18,-37.4,5.7,3.39
2024-07-21,12:00,MIA001,Miami - International,25.7959,-80.287,3,8.2,46.8,6.8,2.8,73,1014.7,1015.1,falling rapidly,8.3,31,NNE,22.4,19.8,45,3000,none,0.0,0.0,21,7.5,755.6,Smoke,107,207,55.4,92.2,74.5,33.6,1.27,03:00,21:00,18,4.7,18.7,6.1
2024-07-21,13:50,PDX001,Portland - Intl,45.5898,-122.5951,9,-11.0,12.2,-20.4,-25.2,29,1013.3,1014.4,falling rapidly,27.0,81,E,30.9,7.4,1,,snow,0.0,19.4,15,10.9,995.0,Moderate Snow,121,190,49.6,82.5,72.0,68.4,0.14,03:00,21:00,18,-13.9,7.2,4.13
2024-07-21,20:15,RDU001,Raleigh-Durham - Intl,35.8801,-78.788,132,-12.1,10.2,-18.1,-16.7,77,1013.8,1029.8,steady,10.9,313,NW,19.2,16.8,76,900,rain,31.8,0.0,95,0,0.0,Moderate Rain,111,224,59.0,97.1,55.2,75.4,0.72,03:00,21:00,18,-16.2,48.7,3.92
2024-07-21,23:13,MSY001,New Orleans - Moisant,29.9934,-90.258,3,-10.1,13.8,-15.8,-16.1,70,1028.1,1028.5,steady,11.3,63,ENE,12.1,9.1,58,,rain,15.7,0.0,96,0,0,Freezing Drizzle,115,268,68.6,118.1,31.8,78.1,2.13,03:00,21:00,18,-14.3,44.0,0
2024-07-22,04:11,MCI001,Kansas City - Intl,39.2976,-94.7139,313,-12.8,9.0,-21.5,-26.4,32,968.0,1004.8,falling,20.3,136,SE,20.9,10.2,70,1500,snow,0.0,8.8,46,0,0,Blowing Snow,123,166,39.8,63.4,34.3,33.4,1.17,03:00,21:00,18,-17.6,44.7,1.69
2024-07-22,05:16,ORD001,Chicago - O'Hare Area,41.9742,-87.9073,201,-14.2,6.4,-23.2,-29.4,24,992.9,1016.9,falling,20.1,355,N,24.7,13.8,29,,rain,7.7,0.0,81,0,0,Freezing Drizzle,115,221,56.8,91.4,72.7,30.1,1.15,03:00,21:00,18,-16.7,15.4,3.89
2024-07-22,07:01,SLC001,Salt Lake City - Intl,40.7884,-111.9778,1288,-21.7,-7.1,-31.0,-35.7,30,869.9,1016.0,rising rapidly,14.4,25,NNE,39.4,22.9,15,,none,0.0,0.0,31,2.2,205.8,Partly Cloudy,102,171,43.0,66.5,89.2,69.1,1.18,03:00,21:00,18,-24.6,53.2,5.92
2024-07-22,10:40,IAH001,Houston - Hobby,29.6454,-95.2789,15,3.7,38.7,0.2,-12.1,21,1006.4,1008.2,falling rapidly,14.4,291,WNW,20.1,38.2,55,,none,0.0,0.0,81,5.4,566.8,Mostly Clear,101,265,67.3,105.9,53.8,55.3,2.12,03:00,21:00,18,2.1,30.8,3.64
2024-07-22,11:47,HNL001,Honolulu - Intl,21.325,-157.925,4,6.7,44.1,3.1,-3.1,51,1002.9,1003.4,falling rapidly,20.7,259,W,35.0,36.6,47,9000,none,0.0,0.0,17,6.8,689.2,Smoke,107,51,11.7,15.0,27.7,5.8,0.3,03:00,21:00,18,4.9,12.2,2.93
2024-07-22,14:21,DTW001,Detroit - Metro Wayne,42.2162,-83.3554,195,-14.6,5.7,-14.6,-28.8,29,985.5,1008.6,falling rapidly,4.1,158,SSE,4.1,39.4,42,,snow,0.0,34.7,2,7.7,770.2,Blowing Snow,123,270,69.5,115.2,30.5,68.7,2.0,03:00,21:00,18,-18.0,59.7,2.17
2024-07-22,15:16,SFO001,San Francisco - Intl,37.6213,-122.379,4,-0.4,31.3,-6.4,-12.2,41,1023.9,1024.4,rising,24.8,104,ESE,39.8,31.6,8,,sleet,53.4,0.0,83,9.4,864.9,Ice Storm,133,250,61.9,102.1,89.8,10.3,2.62,03:00,21:00,18,-4.4,25.2,3.18
2024-07-22,18:15,LAX001,Los Angeles - Downtown,34.0522,-118.2437,71,-6.3,20.7,-13.6,-22.7,18,1003.8,1012.3,rising,22.1,309,NW,41.9,23.2,8,,snow,0.0,11.6,2,4.5,416.5,Heavy Snow,122,94,27.2,40.3,71.5,62.7,0.53,03:00,21:00,18,-9.1,29.3,1.17
2024-07-22,20:23,BOS001,Boston - Logan,42.3656,-71.0096,9,-17.2,1.0,-27.3,-19.8,87,1006.0,1007.1,rising rapidly,21.7,17,NNE,24.0,19.2,34,9000,sleet,17.2,0.0,95,0,0.0,Ice Storm,133,41,12.4,21.2,11.0,6.7,0.47,03:00,21:00,18,-19.7,12.1,4.83
2024-07-22,22:29,MSP001,Minneapolis - St Paul,44.8848,-93.2223,255,-19.7,-3.5,-30.4,-30.9,44,987.0,1017.4,falling,21.4,294,WNW,34.2,4.4,96,1500,snow,0.0,15.9,5,0,0,Moderate Snow,121,280,70.2,112.4,67.2,21.2,0.92,03:00,21:00,18,-24.5,11.6,3.09
2024-07-23,20:41,NYC001,New York - Central Park,40.7829,-73.9654,39,-18.0,-0.4,-28.5,-22.0,80,1012.5,1017.2,rising rapidly,22.5,164,SSE,39.7,26.4,39,,rain,45.0,0.0,30,0,0.0,Moderate Rain,111,244,59.7,101.6,43.3,20.9,0.2,03:00,21:00,18,-20.9,11.6,5.54
2024-07-24,01:10,PHL001,Philadelphia - Intl,39.8729,-75.2437,9,-21.7,-7.1,-30.8,-38.3,17,1007.7,1008.8,falling,13.8,324,NW,38.7,4.1,10,,none,0.0,0.0,46,0,0,Mostly Clear,101,251,64.2,104.5,20.9,41.8,2.69,03:00,21:00,18,-25.5,38.1,0.44
2024-07-24,01:50,STL001,St Louis - Lambert,38.7487,-90.37,172,-16.4,2.5,-24.0,-19.6,84,990.7,1011.2,steady,12.9,316,NW,19.6,33.4,41,,snow,0.0,35.7,41,0,0,Blizzard,125,294,75.5,124.0,64.9,61.0,0.46,03:00,21:00,18,-20.5,21.1,2.56
2024-07-24,03:27,DEN001,Denver - Stapleton,39.7392,-104.9903,1609,-20.5,-4.9,-30.3,-27.9,63,833.0,1012.0,rising,17.0,79,E,23.6,33.6,59,1500,sleet,49.7,0.0,30,0,0,Sleet,130,175,42.0,65.2,87.5,79.6,1.66,03:00,21:00,18,-24.7,56.8,4.82
2024-07-24,20:34,TPA001,Tampa - Intl,27.9755,-82.5332,9,-1.0,30.2,-5.8,-10.8,51,1019.7,1020.8,falling rapidly,16.0,185,S,40.5,15.9,75,6000,rain,4.3,0.0,16,0,0.0,Drizzle,113,105,22.5,37.1,71.9,52.8,2.13,03:00,21:00,18,-5.2,50.1,5.21
2024-07-24,22:27,PHX001,Phoenix - Sky Harbor,33.4373,-112.0078,337,-14.6,5.7,-18.6,-16.6,90,970.3,1010.1,falling,5.7,269,W,7.5,38.0,57,300,rain,52.9,0.0,36,0,0,Rain Showers,114,128,31.7,50.4,20.6,22.1,2.1,03:00,21:00,18,-17.7,19.6,3.25
2024-07-24,22:29,DFW001,Dallas - Fort Worth,32.8998,-97.0403,182,-8.7,16.3,-8.7,-20.7,40,1002.3,1024.2,rising,4.2,76,ENE,4.2,32.2,92,300,none,0.0,0.0,92,0,0,Partly Cloudy,102,28,12.2,15.4,80.9,55.5,0.33,03:00,21:00,18,-11.1,26.0,1.35
2024-07-25,00:55,MKE001,Milwaukee - Mitchell,42.9472,-87.8966,211,-16.5,2.3,-16.5,-17.5,95,1005.4,1031.0,rising rapidly,3.5,20,NNE,3.5,33.9,17,,thunderstorm,38.5,0.0,56,0,0,Thunderstorm with Hail,152,25,4.8,7.1,52.6,36.7,1.46,03:00,21:00,18,-20.5,39.6,3.46
2024-07-25,05:06,ANC001,Anchorage - Intl,61.1743,-149.9963,46,-28.1,-18.6,-40.2,-32.3,79,995.7,1001.2,rising rapidly,18.5,206,SSW,24.6,15.4,81,6000,rain,28.6,0.0,91,0,0,Light Rain,110,108,28.6,49.4,85.0,11.6,1.13,03:00,21:00,18,-31.9,46.5,6.52
2024-07-25,09:31,ABQ001,Albuquerque - Intl Sunport,35.0402,-106.609,1619,-15.0,5.0,-21.5,-16.0,95,830.5,1010.3,steady,10.8,21,NNE,21.5,9.9,75,,snow,0.0,34.7,41,3.4,389.7,Blizzard,125,199,50.3,81.1,36.3,25.2,0.48,03:00,21:00,18,-18.0,14.7,0
2024-07-25,17:35,IND001,Indianapolis - Intl,39.7173,-86.2944,248,-13.6,7.5,-13.6,-26.4,36,982.2,1011.6,falling rapidly,0.2,39,NE,0.2,37.4,63,600,none,0.0,0.0,17,4.0,427.1,Partly Cloudy,102,44,11.6,28.6,31.3,16.9,2.18,03:00,21:00,18,-17.2,11.7,4.55
2024-07-25,18:23,LAS001,Las Vegas - McCarran,36.084,-115.1537,664,-11.4,11.5,-16.8,-28.0,17,937.6,1015.1,falling rapidly,9.6,325,NW,29.0,26.7,0,,snow,0.0,22.3,59,4.8,433.9,Light Snow,120,14,3.3,6.9,52.6,10.9,0.35,03:00,21:00,18,-13.1,42.1,2.89
2024-07-25,19:38,SEA001,Seattle - Sea-Tac,47.4502,-122.3088,137,-17.7,0.1,-25.6,-26.7,55,996.5,1012.9,steady,13.1,345,NNW,22.7,14.4,86,1500,snow,0.0,8.0,27,1.0,126.8,Light Snow,120,80,15.1,23.6,51.1,26.0,2.26,03:00,21:00,18,-22.0,45.6,1.87
2024-07-25,21:10,CLE001,Cleveland - Hopkins,41.4117,-81.8498,245,-15.8,3.6,-28.0,-23.8,60,982.0,1011.1,falling,35.8,343,NNW,54.1,31.9,44,9000,none,0.0,0.0,6,0,0,Mist,109,115,26.5,44.0,30.7,50.2,2.57,03:00,21:00,18,-20.5,8.2,3.23
2024-07-26,18:09,BWI001,Baltimore - Washington,39.1754,-76.6684,46,-7.8,18.0,-12.7,-17.4,52,1013.1,1018.7,rising,10.1,99,E,34.5,2.6,37,1500,none,0.0,0.0,27,3.6,353.6,Fog,105,193,44.5,71.9,65.2,28.1,2.18,03:00,21:00,18,-12.1,34.1,2.86
2024-07-26,19:35,ATL001,Atlanta - Hartsfield,33.6407,-84.4277,313,-11.0,12.2,-18.0,-17.2,69,981.4,1018.7,rising rapidly,15.1,170,S,21.5,25.8,11,,sleet,55.6,0.0,15,2.3,210.3,Ice Pellets,132,24,8.9,20.8,56.7,46.0,1.67,03:00,21:00,18,-12.7,22.3,2.9
2024-08-04,14:20,LAX001,Los Angeles - Downtown,34.0522,-118.2437,71,1.3,34.3,-2.4,-9.1,48,994.1,1002.5,rising rapidly,12.6,258,WSW,22.1,3.0,16,,none,0.0,0.0,56,9.6,896.9,Partly Cloudy,102,204,52.6,83.0,76.3,61.9,0.75,04:00,20:00,16,-2.2,34.5,3.09
2024-08-04,18:15,TPA001,Tampa - Intl,27.9755,-82.5332,9,3.5,38.3,1.5,-6.1,52,1006.6,1007.7,steady,7.5,269,W,20.7,33.8,98,9000,rain,54.3,0.0,36,1.7,221.3,Light Rain,110,107,20.5,35.2,22.5,54.3,0.65,04:00,20:00,16,-1.3,34.8,3.59
2024-08-04,18:32,MSY001,New Orleans - Moisant,29.9934,-90.258,3,4.3,39.7,1.0,-5.7,50,1013.8,1014.2,steady,14.5,11,N,38.1,31.6,47,,none,0.0,0.0,40,3.3,331.9,Smoke,107,288,69.4,108.4,13.8,13.9,0.59,04:00,20:00,16,-0.5,34.0,3.88
2024-08-05,00:13,SLC001,Salt Lake City - Intl,40.7884,-111.9778,1288,-21.0,-5.8,-21.0,-24.0,85,851.4,994.4,rising,1.7,56,NE,1.7,22.1,54,3000,none,0.0,0.0,44,0,0,Haze,106,264,67.9,111.5,42.5,45.7,1.85,04:00,20:00,16,-24.4,32.3,0
2024-08-05,01:31,MSP001,Minneapolis - St Paul,44.8848,-93.2223,255,-24.6,-12.3,-35.5,-29.8,74,978.5,1008.7,falling,17.2,129,SE,19.3,34.2,39,300,none,0.0,0.0,45,0,0,Partly Cloudy,102,40,9.1,16.0,17.3,12.1,2.58,04:00,20:00,16,-28.0,13.7,1.85
2024-08-05,02:03,MCI001,Kansas City - Intl,39.2976,-94.7139,313,-13.7,7.3,-20.5,-28.3,27,963.7,1000.3,rising rapidly,12.4,42,NE,17.3,1.9,38,1500,snow,0.0,29.1,2,0,0,Moderate Snow,121,8,0.3,4.9,88.9,20.1,0.97,04:00,20:00,16,-16.2,9.2,2.22
2024-08-05,05:49,DFW001,Dallas - Fort Worth,32.8998,-97.0403,182,-1.9,28.6,-6.2,-10.3,58,989.3,1011.0,rising rapidly,12.3,5,N,14.7,30.8,96,9000,hail,13.3,0.0,13,0,0,Small Hail,142,188,46.3,79.1,74.9,63.2,0.83,04:00,20:00,16,-6.8,45.3,1.68
2024-08-05,10:48,NYC001,New York - Central Park,40.7829,-73.9654,39,-3.4,25.9,-9.2,-13.8,48,999.8,1004.4,rising,17.8,123,ESE,41.0,0.9,78,6000,hail,58.3,0.0,66,4.1,476.9,Small Hail,142,230,61.0,102.3,87.9,45.3,2.81,04:00,20:00,16,-7.4,46.3,5.5
2024-08-05,13:58,IND001,Indianapolis - Intl,39.7173,-86.2944,248,-7.7,18.1,-13.8,-23.5,21,981.6,1011.0,steady,14.7,121,ESE,27.1,11.8,12,,snow,0.0,27.6,10,10.1,940.0,Blowing Snow,123,294,75.3,120.6,56.8,14.4,1.37,04:00,20:00,16,-11.6,25.5,1.43
2024-08-05,16:48,DEN001,Denver - Stapleton,39.7392,-104.9903,1609,-20.8,-5.4,-28.4,-31.8,45,828.9,1007.0,falling,10.5,214,SW,15.9,20.5,9,,none,0.0,0.0,9,8.1,746.6,Smoke,107,19,0.6,1.2,57.8,42.0,0.89,04:00,20:00,16,-22.1,42.6,0.09
2024-08-05,19:08,CLE001,Cleveland - Hopkins,41.4117,-81.8498,245,-18.7,-1.7,-23.3,-31.3,37,982.6,1011.7,rising rapidly,5.7,262,W,5.9,2.3,77,1500,snow,0.0,23.2,59,1.2,136.9,Blowing Snow,123,75,18.0,22.1,80.3,46.4,2.24,04:00,20:00,16,-19.7,32.5,4.29
2024-08-06,15:12,ANC001,Anchorage - Intl,61.1743,-149.9963,46,-22.9,-9.2,-32.9,-23.3,98,1005.5,1011.0,falling,15.8,17,NNE,39.1,12.7,71,150,snow,0.0,18.4,25,5.2,581.1,Snow Showers,124,28,8.3,15.7,46.2,6.2,2.8,04:00,20:00,16,-27.8,40.5,4.18
2024-08-06,16:34,STL001,St Louis - Lambert,38.7487,-90.37,172,-6.0,21.2,-13.2,-16.8,46,996.9,1017.5,rising,22.2,270,W,41.3,23.3,21,,none,0.0,0.0,43,7.4,699.7,Mist,109,121,32.4,58.2,46.1,45.2,1.17,04:00,20:00,16,-9.9,29.9,0.77
2024-08-06,21:08,PHX001,Phoenix - Sky Harbor,33.4373,-112.0078,337,-12.2,10.0,-18.6,-20.2,60,977.6,1017.7,steady,12.2,273,W,34.4,12.3,12,,snow,0.0,3.6,70,0,0,Heavy Snow,122,158,41.8,64.9,26.6,66.0,1.04,04:00,20:00,16,-14.4,47.3,1.78
2024-08-07,01:06,PDX001,Portland - Intl,45.5898,-122.5951,9,-24.9,-12.8,-35.1,-35.3,48,1008.6,1009.7,falling,14.9,80,E,30.4,12.2,55,6000,snow,0.0,36.8,46,0,0,Blowing Snow,123,65,18.5,27.5,50.6,46.0,0.12,04:00,20:00,16,-28.8,18.8,3.01
2024-08-07,04:44,ATL001,Atlanta - Hartsfield,33.6407,-84.4277,313,-12.8,9.0,-20.9,-16.6,81,997.9,1035.8,rising rapidly,17.9,85,E,38.1,24.1,32,300,snow,0.0,20.7,5,0,0,Moderate Snow,121,192,44.4,70.5,10.2,34.3,0.66,04:00,20:00,16,-16.2,8.2,0.33
2024-08-07,09:00,SFO001,San Francisco - Intl,37.6213,-122.379,4,0.4,32.7,-4.0,-10.2,47,1021.5,1022.0,rising,15.5,79,E,16.8,1.6,98,9000,none,0.0,0.0,78,2.4,318.0,Haze,106,235,55.2,87.9,22.1,18.8,2.24,04:00,20:00,16,-1.4,8.2,3.98
2024-08-07,09:08,MKE001,Milwaukee - Mitchell,42.9472,-87.8966,211,-4.9,23.2,-11.3,-9.1,79,992.0,1017.2,falling rapidly,19.5,317,NW,28.1,12.9,16,,rain,51.7,0.0,17,6.1,573.6,Light Rain,110,147,33.3,52.4,78.8,60.8,1.36,04:00,20:00,16,-9.9,22.8,3.38
2024-08-07,13:28,MIA001,Miami - International,25.7959,-80.287,3,9.9,49.8,7.2,-0.7,47,1023.1,1023.5,rising,20.9,149,SSE,34.4,23.1,27,,none,0.0,0.0,83,9.0,865.0,Overcast,104,165,35.1,62.4,77.9,74.4,1.53,04:00,20:00,16,6.5,29.0,0
2024-08-08,01:54,ABQ001,Albuquerque - Intl Sunport,35.0402,-106.609,1619,-21.6,-6.9,-35.1,-28.0,68,834.5,1015.1,rising rapidly,32.3,285,WNW,53.6,28.1,74,900,none,0.0,0.0,36,0,0,Mostly Clear,101,284,74.4,120.7,61.9,69.2,1.77,04:00,20:00,16,-25.4,59.8,2.67
2024-08-08,02:33,PHL001,Philadelphia - Intl,39.8729,-75.2437,9,-11.5,11.3,-19.2,-15.1,82,1022.8,1023.9,rising,17.3,153,SSE,21.0,27.9,3,,snow,0.0,28.1,44,0,0,Light Snow,120,212,55.1,87.0,52.5,33.5,2.31,04:00,20:00,16,-15.6,26.1,3.49
2024-08-08,06:16,SEA001,Seattle - Sea-Tac,47.4502,-122.3088,137,-18.3,-0.9,-26.6,-31.3,35,989.8,1006.1,rising rapidly,13.9,264,W,18.9,13.9,42,1500,none,0.0,0.0,25,0,0.0,Mostly Cloudy,103,65,20.1,38.1,51.6,31.3,1.51,04:00,20:00,16,-23.2,53.3,3.45
2024-08-08,11:07,IAH001,Houston - Hobby,29.6454,-95.2789,15,5.1,41.2,2.2,-8.5,32,1010.0,1011.8,rising,13.0,317,NW,36.0,2.7,73,150,thunderstorm,15.2,0.0,78,5.1,572.1,Derecho,153,259,68.5,108.8,32.3,78.1,1.07,04:00,20:00,16,3.8,42.1,1.17
2024-08-08,16:04,BWI001,Baltimore - Washington,39.1754,-76.6684,46,-0.1,31.8,-3.4,-9.5,53,997.9,1003.4,falling rapidly,9.7,223,SW,13.8,24.5,48,,none,0.0,0.0,64,5.8,594.2,Mostly Clear,101,245,58.7,91.8,62.3,38.3,0.82,04:00,20:00,16,-1.8,32.9,5.47
2024-08-08,23:59,HNL001,Honolulu - Intl,21.325,-157.925,4,-0.2,31.6,-5.5,-6.4,69,1008.9,1009.4,falling,20.3,174,S,40.7,13.5,59,1500,rain,32.7,0.0,9,0,0,Drizzle,113,189,48.5,73.3,62.6,12.8,2.71,04:00,20:00,16,-1.7,47.9,2.86
2024-08-09,04:46,RDU001,Raleigh-Durham - Intl,35.8801,-78.788,132,-9.2,15.4,-15.2,-19.6,48,1006.3,1022.2,falling,12.8,54,NE,20.2,24.6,35,900,snow,0.0,31.8,78,0,0,Light Snow,120,106,25.6,42.5,41.0,35.0,1.19,04:00,20:00,16,-11.9,27.1,4.26
2024-08-09,09:27,DTW001,Detroit - Metro Wayne,42.2162,-83.3554,195,-11.7,10.9,-18.9,-21.5,51,995.9,1019.3,falling,15.1,344,NNW,18.4,4.9,72,600,snow,0.0,38.2,34,3.6,399.0,Heavy Snow,122,294,71.7,115.0,39.7,36.1,1.68,04:00,20:00,16,-13.1,21.7,1.49
2024-08-10,02:47,ORD001,Chicago - O'Hare Area,41.9742,-87.9073,201,-14.3,6.3,-23.3,-28.1,31,991.0,1015.0,steady,19.9,253,WSW,32.5,37.3,71,1500,none,0.0,0.0,70,0,0,Haze,106,267,66.9,104.0,56.2,38.8,1.16,04:00,20:00,16,-17.4,44.5,2.34
2024-08-10,04:27,BOS001,Boston - Logan,42.3656,-71.0096,9,-15.3,4.5,-25.0,-19.5,79,1016.6,1017.7,falling,22.2,267,W,45.8,36.5,58,900,none,0.0,0.0,5,0,0,Smoke,107,278,70.0,114.4,20.4,26.6,1.76,04:00,20:00,16,-17.4,6.9,0
2024-08-10,05:21,LAS001,Las Vegas - McCarran,36.084,-115.1537,664,-13.4,7.9,-19.0,-14.2,96,941.1,1018.9,rising rapidly,9.2,193,SSW,26.3,3.3,68,1500,none,0.0,0.0,31,0,0,Mist,109,207,57.1,88.9,20.8,10.8,1.51,04:00,20:00,16,-15.9,52.0,4.33
2024-08-18,20:11,SFO001,San Francisco - Intl,37.6213,-122.379,4,-12.4,9.7,-20.1,-18.0,72,1009.6,1010.1,steady,16.7,174,S,17.3,38.2,78,1500,snow,0.0,3.7,100,0,0.0,Snow Showers,124,200,45.3,64.0,26.7,22.9,1.74,04:00,20:00,16,-17.3,44.7,4.81
2024-08-19,22:03,MCI001,Kansas City - Intl,39.2976,-94.7139,313,-20.3,-4.5,-31.7,-25.5,74,970.0,1006.9,falling,23.4,39,NE,37.6,30.3,79,1500,snow,0.0,1.8,67,0,0,Blowing Snow,123,277,68.6,110.2,79.2,23.0,1.07,04:00,20:00,16,-23.5,8.2,3.67
2024-08-20,03:50,IND001,Indianapolis - Intl,39.7173,-86.2944,248,-9.7,14.5,-16.5,-21.3,42,971.7,1000.8,rising,15.5,127,SE,30.6,15.4,99,150,snow,0.0,16.4,58,0,0,Snow Showers,124,278,72.3,112.4,49.1,20.8,2.56,04:00,20:00,16,-14.7,39.4,0.82
2024-08-20,15:27,DEN001,Denver - Stapleton,39.7392,-104.9903,1609,-13.8,7.2,-22.4,-26.2,38,832.6,1011.6,falling rapidly,18.9,326,NW,23.2,14.3,16,,snow,0.0,4.3,44,8.9,828.9,Moderate Snow,121,126,25.5,34.1,52.5,67.6,0.46,04:00,20:00,16,-17.5,40.1,4.17
2024-08-20,17:56,ANC001,Anchorage - Intl,61.1743,-149.9963,46,-33.0,-27.4,-39.5,-45.8,36,1013.5,1019.1,rising,5.5,312,NW,12.9,24.7,52,900,snow,0.0,13.7,54,4.5,461.4,Snow Showers,124,18,6.2,13.1,55.2,68.6,1.75,04:00,20:00,16,-34.0,40.9,4.63
2024-08-20,21:37,IAH001,Houston - Hobby,29.6454,-95.2789,15,-3.6,25.5,-10.0,-12.6,55,1019.7,1021.5,falling,21.1,14,NNE,37.1,25.6,27,,none,0.0,0.0,29,0,0,Smoke,107,128,31.4,53.8,59.4,59.6,0.38,04:00,20:00,16,-7.1,45.3,0.29
2024-08-20,21:47,MKE001,Milwaukee - Mitchell,42.9472,-87.8966,211,-13.2,8.2,-22.5,-23.8,47,1001.8,1027.3,falling rapidly,23.2,102,ESE,36.3,3.8,68,600,snow,0.0,2.0,41,0,0,Blowing Snow,123,157,34.2,55.3,23.7,50.6,2.46,04:00,20:00,16,-17.7,25.0,3.07
2024-08-20,21:50,PHL001,Philadelphia - Intl,39.8729,-75.2437,9,-13.3,8.1,-20.2,-21.7,58,1004.7,1005.8,rising,12.9,215,SW,31.9,32.3,74,1500,none,0.0,0.0,98,0,0,Mostly Clear,101,230,55.0,87.0,86.1,79.4,0.22,04:00,20:00,16,-15.9,14.1,0
2024-08-21,07:59,PDX001,Portland - Intl,45.5898,-122.5951,9,-12.8,9.0,-17.2,-24.4,42,997.5,998.6,steady,6.8,312,NW,7.0,30.7,45,3000,snow,0.0,29.3,67,1.7,172.5,Heavy Snow,122,267,68.0,109.9,31.5,54.6,1.05,04:00,20:00,16,-15.3,49.5,2.72
2024-08-21,09:40,SEA001,Seattle - Sea-Tac,47.4502,-122.3088,137,-13.8,7.2,-21.5,-25.2,43,1006.2,1022.7,rising,15.1,267,W,25.8,24.3,7,,sleet,15.2,0.0,96,6.5,601.7,Ice Pellets,132,108,26.2,46.2,86.2,46.5,1.52,04:00,20:00,16,-16.6,58.9,5.07
2024-08-21,10:07,ABQ001,Albuquerque - Intl Sunport,35.0402,-106.609,1619,-19.6,-3.3,-27.5,-20.2,97,832.5,1012.7,rising,11.9,292,WNW,14.2,2.2,92,6000,snow,0.0,16.9,4,3.3,422.2,Moderate Snow,121,214,56.4,91.6,48.8,79.6,0.63,04:00,20:00,16,-23.4,31.3,2.67
2024-08-21,14:11,TPA001,Tampa - Intl,27.9755,-82.5332,9,-1.9,28.6,-7.0,-8.7,66,1009.5,1010.6,rising rapidly,16.1,19,NNE,21.2,8.4,17,,hail,19.3,0.0,55,9.5,892.1,Small Hail,142,42,6.0,13.7,40.9,14.4,0.62,04:00,20:00,16,-5.0,21.0,1.24
2024-08-21,14:33,RDU001,Raleigh-Durham - Intl,35.8801,-78.788,132,-4.5,23.9,-11.2,-8.7,79,1004.9,1020.8,falling,22.0,247,WSW,40.9,8.4,23,,rain,37.9,0.0,35,9.1,862.8,Heavy Rain,112,188,50.1,85.7,78.3,14.9,2.75,04:00,20:00,16,-8.8,54.0,3.59
2024-08-21,20:00,PHX001,Phoenix - Sky Harbor,33.4373,-112.0078,337,-9.7,14.5,-14.2,-11.7,90,971.0,1010.8,falling,8.2,327,NNW,30.6,38.6,70,900,snow,0.0,37.5,86,0,0.0,Heavy Snow,122,191,45.6,69.2,70.2,19.8,0.41,04:00,20:00,16,-14.4,28.3,4.34
2024-08-22,02:41,LAS001,Las Vegas - McCarran,36.084,-115.1537,664,-16.7,1.9,-28.4,-17.5,96,934.1,1011.4,rising rapidly,31.1,256,WSW,53.9,20.7,47,3000,snow,0.0,29.3,69,0,0,Moderate Snow,121,82,19.5,35.5,43.9,22.1,1.89,04:00,20:00,16,-20.7,9.7,1.45
2024-08-22,09:11,NYC001,New York - Central Park,40.7829,-73.9654,39,0.1,32.2,-4.6,-15.3,23,1015.7,1020.4,falling,16.7,308,NW,19.8,23.5,97,900,none,0.0,0.0,23,2.4,321.1,Partly Cloudy,102,189,53.3,89.2,15.8,19.8,1.58,04:00,20:00,16,-1.9,12.3,1.13
2024-08-22,21:30,SLC001,Salt Lake City - Intl,40.7884,-111.9778,1288,-18.2,-0.8,-30.0,-19.2,95,862.0,1006.8,falling rapidly,28.6,111,ESE,28.6,3.2,51,150,snow,0.0,8.0,77,0,0,Heavy Snow,122,15,1.5,0.1,59.3,56.6,0.32,04:00,20:00,16,-20.7,28.8,0
2024-08-23,03:10,MIA001,Miami - International,25.7959,-80.287,3,-3.9,25.0,-8.5,-10.1,69,993.9,994.3,falling,11.8,173,S,23.3,12.2,66,600,rain,43.0,0.0,20,0,0,Light Rain,110,129,32.3,47.4,69.5,72.6,2.64,04:00,20:00,16,-6.4,31.1,3.15
2024-08-23,03:16,MSY001,New Orleans - Moisant,29.9934,-90.258,3,-15.4,4.3,-25.8,-31.2,21,1021.9,1022.3,rising rapidly,25.6,131,SE,29.3,23.3,83,300,snow,0.0,21.9,36,0,0,Blowing Snow,123,131,34.4,55.2,63.2,11.4,0.37,04:00,20:00,16,-17.0,51.4,4.66
2024-08-23,09:03,HNL001,Honolulu - Intl,21.325,-157.925,4,8.5,47.3,6.3,3.9,77,1004.9,1005.4,rising,13.2,355,N,34.5,14.9,95,9000,none,0.0,0.0,97,2.5,327.3,Clear,100,278,71.5,111.6,43.7,36.7,1.53,04:00,20:00,16,6.0,47.6,1.33
2024-08-23,11:38,MSP001,Minneapolis - St Paul,44.8848,-93.2223,255,-14.8,5.4,-24.1,-23.4,57,984.0,1014.4,rising,20.8,329,NNW,40.7,25.2,68,1500,snow,0.0,6.9,72,5.4,594.6,Moderate Snow,121,267,66.3,106.0,25.6,73.1,2.79,04:00,20:00,16,-16.9,20.3,6.74
2024-08-23,15:57,ORD001,Chicago - O'Hare Area,41.9742,-87.9073,201,-5.7,21.7,-12.0,-12.7,65,982.1,1005.9,rising rapidly,17.8,274,W,18.0,6.5,62,900,snow,0.0,13.6,25,5.8,621.7,Blizzard,125,193,47.7,71.2,28.1,30.2,2.17,04:00,20:00,16,-7.4,10.1,6.1
2024-08-24,05:32,CLE001,Cleveland - Hopkins,41.4117,-81.8498,245,-9.0,15.8,-17.3,-22.8,31,976.6,1005.5,steady,24.2,124,SE,35.3,31.3,28,,sleet,59.0,0.0,1,0,0,Sleet,130,185,45.1,68.6,86.1,9.3,2.53,04:00,20:00,16,-13.6,5.5,3.48
2024-08-24,06:48,ATL001,Atlanta - Hartsfield,33.6407,-84.4277,313,-3.2,26.2,-9.6,-13.6,48,973.3,1010.3,steady,22.3,243,WSW,42.1,20.6,40,6000,rain,6.4,0.0,21,0,0.0,Rain Showers,114,164,45.2,71.2,77.6,64.2,1.43,04:00,20:00,16,-4.3,9.1,3.22
2024-08-24,11:05,BOS001,Boston - Logan,42.3656,-71.0096,9,-9.2,15.4,-15.3,-22.4,34,1011.2,1012.3,falling,13.4,298,WNW,37.8,35.2,78,6000,none,0.0,0.0,80,4.8,549.6,Clear,100,215,54.6,94.5,12.3,47.0,2.69,04:00,20:00,16,-10.7,51.2,3.69
2024-08-24,14:27,DTW001,Detroit - Metro Wayne,42.2162,-83.3554,195,-4.6,23.7,-11.1,-10.8,69,985.0,1008.1,steady,20.1,310,NW,31.3,4.0,17,,rain,58.0,0.0,89,9.5,892.1,Heavy Rain,112,131,27.2,48.0,49.6,55.5,2.71,04:00,20:00,16,-6.7,50.2,3.23
2024-08-24,16:16,BWI001,Baltimore - Washington,39.1754,-76.6684,46,-4.5,23.9,-11.6,-6.7,89,1020.0,1025.6,rising rapidly,24.2,259,W,48.4,7.8,62,1500,sleet,15.8,0.0,94,5.0,539.5,Ice Storm,133,73,19.5,35.5,50.9,23.2,1.67,04:00,20:00,16,-9.2,7.9,3.73
2024-08-24,18:23,DFW001,Dallas - Fort Worth,32.8998,-97.0403,182,-7.1,19.2,-14.9,-23.9,16,985.6,1007.2,steady,24.4,48,NE,25.4,4.3,5,,snow,0.0,7.8,63,4.6,423.0,Moderate Snow,121,154,34.5,53.4,42.6,16.6,0.46,04:00,20:00,16,-11.3,13.1,4.95
2024-08-25,00:42,STL001,St Louis - Lambert,38.7487,-90.37,172,-20.6,-5.1,-31.2,-26.8,69,992.6,1013.1,falling rapidly,20.0,117,ESE,30.7,18.1,14,,snow,0.0,2.5,13,0,0,Heavy Snow,122,202,51.7,80.7,77.3,21.9,2.45,04:00,20:00,16,-25.2,15.4,0.39
2024-08-25,03:15,LAX001,Los Angeles - Downtown,34.0522,-118.2437,71,-8.7,16.3,-14.8,-24.3,22,1004.7,1013.2,falling rapidly,13.7,98,E,38.3,25.5,21,,hail,6.6,0.0,64,0,0,Small Hail,142,175,47.5,77.3,33.8,68.0,0.37,04:00,20:00,16,-13.2,22.3,3.49
2024-09-02,11:28,PHL001,Philadelphia - Intl,39.8729,-75.2437,9,-1.1,30.0,-3.6,-1.9,96,1027.8,1028.9,falling rapidly,6.7,25,NNE,12.1,27.5,28,,sleet,58.2,0.0,52,8.1,774.8,Freezing Rain,131,205,49.8,82.2,64.8,50.2,0.85,05:00,19:00,14,-5.1,7.4,4.76
2024-09-02,18:54,HNL001,Honolulu - Intl,21.325,-157.925,4,6.0,42.8,3.6,1.4,77,1005.0,1005.5,rising rapidly,11.2,14,NNE,28.5,34.4,93,3000,none,0.0,0.0,60,1.8,232.1,Partly Cloudy,102,182,47.2,71.8,15.4,78.7,1.87,05:00,19:00,14,1.7,20.2,7.64
2024-09-02,20:01,STL001,St Louis - Lambert,38.7487,-90.37,172,-4.3,24.3,-10.2,-12.9,57,996.0,1016.6,falling rapidly,17.5,120,ESE,34.8,0.7,61,1500,snow,0.0,14.5,89,0,0.0,Light Snow,120,83,20.9,33.5,76.6,16.8,1.43,05:00,19:00,14,-6.0,29.7,1.57
2024-09-02,21:25,IAH001,Houston - Hobby,29.6454,-95.2789,15,3.8,38.8,2.4,-10.4,29,1006.9,1008.7,rising rapidly,5.9,145,SE,26.3,31.0,95,9000,none,0.0,0.0,51,0,0,Fog,105,153,41.0,67.4,81.7,77.4,2.35,05:00,19:00,14,-0.3,33.8,2.33
2024-09-03,00:01,BOS001,Boston - Logan,42.3656,-71.0096,9,-8.7,16.3,-16.5,-19.5,46,1011.1,1012.2,steady,21.4,19,NNE,28.4,35.0,52,600,snow,0.0,25.6,78,0,0,Light Snow,120,167,40.8,66.4,84.6,46.3,1.57,05:00,19:00,14,-10.4,7.2,2.05
2024-09-03,06:07,ABQ001,Albuquerque - Intl Sunport,35.0402,-106.609,1619,-6.7,19.9,-10.5,-13.5,66,839.4,1021.1,falling rapidly,7.7,217,SW,26.5,3.2,83,,snow,0.0,10.0,97,0,0.0,Heavy Snow,122,60,21.8,38.7,57.9,7.0,1.62,05:00,19:00,14,-7.9,40.4,5.69
2024-09-03,10:56,TPA001,Tampa - Intl,27.9755,-82.5332,9,11.3,52.3,11.3,0.3,45,1016.0,1017.1,steady,12.4,260,W,26.9,35.3,7,,none,0.0,0.0,82,8.2,754.5,Overcast,104,247,67.5,102.6,40.9,39.7,1.41,05:00,19:00,14,9.9,35.9,4.83
2024-09-04,00:59,IND001,Indianapolis - Intl,39.7173,-86.2944,248,-9.9,14.2,-17.7,-14.9,75,980.4,1009.8,falling,19.6,230,SW,20.3,5.4,33,300,snow,0.0,0.6,3,0,0,Light Snow,120,31,9.7,20.3,74.6,29.1,2.38,05:00,19:00,14,-13.4,27.1,3.91
2024-09-04,07:45,DEN001,Denver - Stapleton,39.7392,-104.9903,1609,-14.3,6.3,-14.3,-19.1,76,842.0,1023.0,steady,3.6,118,ESE,3.6,12.8,3,,rain,22.3,0.0,59,2.4,219.2,Freezing Drizzle,115,183,46.7,65.2,62.7,48.1,0.97,05:00,19:00,14,-17.1,25.2,0
2024-09-04,08:07,BWI001,Baltimore - Washington,39.1754,-76.6684,46,0.4,32.7,-5.5,-6.2,67,1002.0,1007.5,falling,25.5,300,WNW,40.8,4.3,7,,rain,50.6,0.0,51,4.5,418.7,Freezing Drizzle,115,17,1.7,1.9,11.7,9.4,0.75,05:00,19:00,14,-4.6,14.9,4.15
2024-09-04,08:27,MSP001,Minneapolis - St Paul,44.8848,-93.2223,255,-10.3,13.5,-18.5,-16.5,69,990.6,1021.2,steady,21.1,116,ESE,26.9,35.7,39,1500,snow,0.0,10.4,35,3.5,349.3,Snow Showers,124,101,26.4,40.8,74.1,43.8,1.64,05:00,19:00,14,-12.6,21.9,2.33
2024-09-04,11:40,PDX001,Portland - Intl,45.5898,-122.5951,9,-9.0,15.8,-14.5,-24.4,23,1001.3,1002.4,rising rapidly,11.4,177,S,22.8,33.2,56,600,none,0.0,0.0,97,6.2,648.7,Fog,105,237,60.3,94.1,73.1,72.7,2.42,05:00,19:00,14,-12.2,16.1,0.53
2024-09-04,15:56,MCI001,Kansas City - Intl,39.2976,-94.7139,313,2.5,36.5,-1.4,2.3,99,954.3,990.6,falling rapidly,15.5,127,SE,24.5,28.3,45,600,none,0.0,0.0,90,6.9,698.3,Clear,100,90,19.3,27.9,46.8,31.8,1.68,05:00,19:00,14,-0.0,15.3,3.24
2024-09-04,22:35,SEA001,Seattle - Sea-Tac,47.4502,-122.3088,137,-15.6,3.9,-22.8,-24.8,54,993.4,1009.7,rising,12.2,221,SW,30.1,13.8,15,,snow,0.0,25.2,66,0,0,Snow Showers,124,295,70.0,108.9,45.4,56.7,0.67,05:00,19:00,14,-18.2,43.4,0.03
2024-09-05,03:23,RDU001,Raleigh-Durham - Intl,35.8801,-78.788,132,-2.8,27.0,-2.8,-9.2,68,1014.8,1030.9,steady,0.6,307,NW,0.6,26.7,28,,none,0.0,0.0,0,0,0,Partly Cloudy,102,104,27.3,48.0,37.0,12.7,0.78,05:00,19:00,14,-5.8,44.9,1.52
2024-09-05,04:39,MKE001,Milwaukee - Mitchell,42.9472,-87.8966,211,-11.5,11.3,-19.2,-20.3,56,984.9,1010.0,falling,17.3,330,NNW,35.7,24.2,62,300,snow,0.0,21.3,86,0,0,Light Snow,120,214,52.4,86.8,70.3,53.6,2.84,05:00,19:00,14,-14.9,51.6,2.68
2024-09-05,08:58,MSY001,New Orleans - Moisant,29.9934,-90.258,3,2.9,37.2,-2.5,-0.5,83,1006.2,1006.6,falling rapidly,28.5,225,SW,50.9,21.0,34,300,none,0.0,0.0,99,3.7,360.1,Haze,106,182,47.6,73.2,30.5,26.5,0.3,05:00,19:00,14,1.5,12.7,0.44
2024-09-05,09:27,PHX001,Phoenix - Sky Harbor,33.4373,-112.0078,337,0.3,32.5,-5.0,-13.5,31,969.6,1009.4,falling rapidly,21.2,98,E,41.5,9.3,20,,none,0.0,0.0,30,5.9,561.1,Dust,108,148,34.7,55.3,23.9,79.4,1.58,05:00,19:00,14,-1.3,19.2,1.36
2024-09-05,10:45,SFO001,San Francisco - Intl,37.6213,-122.379,4,1.4,34.5,-1.5,-12.4,31,1014.6,1015.1,rising rapidly,9.6,283,WNW,17.6,29.3,64,1500,none,0.0,0.0,76,4.9,531.6,Partly Cloudy,102,119,31.3,52.7,11.1,79.3,1.78,05:00,19:00,14,-3.3,10.8,1.06
2024-09-05,13:00,CLE001,Cleveland - Hopkins,41.4117,-81.8498,245,1.7,35.1,-3.0,-12.7,28,974.4,1003.3,falling,19.0,273,W,33.6,24.0,86,9000,rain,28.3,0.0,12,4.7,570.0,Moderate Rain,111,45,12.1,25.2,42.4,28.9,1.72,05:00,19:00,14,0.4,57.1,4.56
2024-09-05,19:59,ORD001,Chicago - O'Hare Area,41.9742,-87.9073,201,-14.4,6.1,-21.7,-20.2,71,985.1,1009.0,falling rapidly,13.4,234,SW,37.8,23.6,17,,snow,0.0,33.0,26,2.2,203.6,Heavy Snow,122,143,34.0,52.1,50.7,66.6,2.35,05:00,19:00,14,-18.5,52.5,0.85
2024-09-06,06:11,ATL001,Atlanta - Hartsfield,33.6407,-84.4277,313,-4.0,24.8,-9.9,-17.4,33,983.5,1020.9,falling rapidly,17.7,95,E,31.7,20.5,52,900,sleet,4.4,0.0,25,0,0.0,Sleet,130,145,41.1,60.8,48.7,44.3,0.65,05:00,19:00,14,-8.9,40.9,6.81
2024-09-06,08:07,MIA001,Miami - International,25.7959,-80.287,3,5.6,42.1,2.8,-4.6,49,1006.5,1006.9,falling,13.1,294,WNW,30.1,2.7,10,,none,0.0,0.0,23,4.5,412.2,Mist,109,37,10.6,11.8,86.5,53.2,1.37,05:00,19:00,14,2.2,29.0,3.63
2024-09-06,11:27,SLC001,Salt Lake City - Intl,40.7884,-111.9778,1288,-6.9,19.6,-12.8,-9.1,89,860.3,1004.8,rising rapidly,14.3,104,ESE,27.8,7.1,93,9000,snow,0.0,12.5,17,3.8,482.0,Blowing Snow,123,299,73.1,112.5,89.3,8.1,0.23,05:00,19:00,14,-10.1,55.3,5.01
2024-09-06,12:05,DFW001,Dallas - Fort Worth,32.8998,-97.0403,182,4.6,40.3,4.6,-5.2,51,980.5,1002.0,falling,2.5,177,S,2.5,23.1,71,300,none,0.0,0.0,73,5.6,628.8,Fog,105,263,65.8,104.5,45.1,44.3,2.13,05:00,19:00,14,3.2,46.5,2.42
2024-09-06,15:02,NYC001,New York - Central Park,40.7829,-73.9654,39,-5.8,21.6,-10.9,-18.6,36,1004.8,1009.5,steady,12.1,190,S,19.1,9.0,64,150,none,0.0,0.0,82,5.7,612.7,Clear,100,136,32.2,43.8,23.8,74.4,0.98,05:00,19:00,14,-6.9,30.3,4.01
2024-09-06,22:54,ANC001,Anchorage - Intl,61.1743,-149.9963,46,-34.5,-30.1,-49.9,-41.1,67,1003.0,1008.5,falling rapidly,23.6,41,NE,35.9,19.0,89,150,none,0.0,0.0,39,0,0,Fog,105,242,66.0,106.9,78.6,62.3,2.75,05:00,19:00,14,-36.1,52.1,1.19
2024-09-07,08:07,LAX001,Los Angeles - Downtown,34.0522,-118.2437,71,-4.9,23.2,-11.9,-5.5,97,989.4,997.8,rising rapidly,23.2,161,SSE,44.0,11.9,8,,sleet,7.7,0.0,93,4.5,416.5,Ice Storm,133,296,70.0,111.2,78.8,59.3,0.12,05:00,19:00,14,-9.0,34.9,3.42
2024-09-08,07:18,DTW001,Detroit - Metro Wayne,42.2162,-83.3554,195,-1.0,30.2,-6.3,-2.4,93,1000.9,1024.4,rising,18.7,201,SSW,24.1,4.0,11,,none,0.0,0.0,36,2.3,210.3,Mostly Clear,101,86,23.4,40.9,42.8,12.6,1.35,05:00,19:00,14,-5.0,10.9,1.58
2024-09-08,22:02,LAS001,Las Vegas - McCarran,36.084,-115.1537,664,-15.7,3.7,-21.0,-19.9,79,939.8,1017.5,falling,7.6,18,NNE,24.0,3.0,96,300,sleet,16.7,0.0,86,0,0,Sleet,130,236,58.1,98.9,46.0,30.9,1.62,05:00,19:00,14,-17.6,53.3,1.2
2024-09-17,13:16,HNL001,Honolulu - Intl,21.325,-157.925,4,12.0,53.6,12.0,8.8,84,1012.0,1012.5,falling,7.7,295,WNW,29.8,17.2,4,,hail,37.5,0.0,81,10.7,980.0,Heavy Hail,141,169,42.1,69.2,25.4,13.5,1.91,05:00,19:00,14,7.2,15.7,2.37
2024-09-17,18:09,DFW001,Dallas - Fort Worth,32.8998,-97.0403,182,0.8,33.4,-3.4,-15.0,21,980.4,1001.9,falling,14.7,275,W,26.2,31.0,91,,none,0.0,0.0,47,1.9,236.5,Smoke,107,281,68.9,110.6,30.7,22.1,1.43,05:00,19:00,14,-0.8,48.0,1.47
2024-09-17,18:41,LAX001,Los Angeles - Downtown,34.0522,-118.2437,71,-5.5,22.1,-11.5,-5.9,98,1028.2,1036.9,rising rapidly,16.2,214,SW,26.3,29.1,30,,none,0.0,0.0,15,3.8,368.8,Mostly Cloudy,103,15,3.3,8.4,67.2,53.5,2.12,05:00,19:00,14,-8.7,16.1,0
2024-09-18,10:14,ORD001,Chicago - O'Hare Area,41.9742,-87.9073,201,1.0,33.8,-3.0,-8.0,55,992.9,1016.9,falling rapidly,13.9,120,ESE,38.4,18.7,26,,none,0.0,0.0,11,7.1,680.2,Overcast,104,170,34.9,51.4,74.8,73.4,2.9,05:00,19:00,14,-3.7,9.1,4.94
2024-09-18,12:46,MKE001,Milwaukee - Mitchell,42.9472,-87.8966,211,-1.7,28.9,-9.2,-16.7,25,978.9,1003.8,rising,34.9,312,NW,47.7,26.5,70,600,sleet,0.5,0.0,77,5.7,633.7,Sleet,130,85,23.4,46.5,55.4,57.7,2.11,05:00,19:00,14,-6.3,24.8,0
2024-09-18,14:47,MCI001,Kansas City - Intl,39.2976,-94.7139,313,-4.4,24.1,-11.2,-20.2,21,986.3,1023.8,steady,22.3,79,E,32.6,27.4,85,9000,snow,0.0,34.2,6,4.6,560.6,Heavy Snow,122,253,67.0,108.8,14.0,79.8,0.62,05:00,19:00,14,-7.8,16.4,1.65
2024-09-19,00:41,PHL001,Philadelphia - Intl,39.8729,-75.2437,9,-15.7,3.7,-24.1,-16.5,96,1007.4,1008.5,rising rapidly,16.2,106,ESE,30.7,21.3,73,300,snow,0.0,33.0,68,0,0,Snow Showers,124,244,65.0,101.7,87.6,19.9,0.55,05:00,19:00,14,-18.5,29.4,3.65
2024-09-19,02:33,PHX001,Phoenix - Sky Harbor,33.4373,-112.0078,337,-11.0,12.2,-20.5,-19.8,56,986.6,1027.1,rising rapidly,27.5,216,SW,34.7,17.1,96,900,snow,0.0,9.5,20,0,0,Light Snow,120,64,14.8,24.2,45.2,27.2,2.12,05:00,19:00,14,-12.7,6.3,3.72
2024-09-19,04:24,MSY001,New Orleans - Moisant,29.9934,-90.258,3,0.3,32.5,0.3,0.1,99,1007.5,1007.9,rising,4.0,109,ESE,4.0,0.8,63,,none,0.0,0.0,58,0,0,Partly Cloudy,102,137,34.6,55.9,27.0,14.9,1.99,05:00,19:00,14,-1.1,56.3,1.6
2024-09-19,05:59,SLC001,Salt Lake City - Intl,40.7884,-111.9778,1288,-16.3,2.7,-25.3,-30.9,27,868.2,1014.0,rising rapidly,17.8,166,SSE,29.4,5.9,3,,none,0.0,0.0,89,0,0,Fog,105,287,71.9,119.0,35.3,65.0,1.16,05:00,19:00,14,-18.9,36.5,2.77
2024-09-19,10:10,PDX001,Portland - Intl,45.5898,-122.5951,9,-3.8,25.2,-10.0,-13.0,54,1022.5,1023.6,falling rapidly,19.6,114,ESE,26.5,11.6,60,900,thunderstorm,51.9,0.0,92,5.2,547.3,Thunderstorm with Hail,152,174,47.2,78.6,85.1,49.9,2.69,05:00,19:00,14,-7.0,17.4,6.38
2024-09-19,10:18,TPA001,Tampa - Intl,27.9755,-82.5332,9,14.1,57.4,14.1,12.1,90,1008.8,1009.9,rising,9.1,206,SSW,25.4,16.8,23,,hail,24.9,0.0,83,7.3,691.9,Small Hail,142,109,24.5,41.8,13.8,42.9,1.84,05:00,19:00,14,9.4,35.9,2.92
2024-09-19,10:23,ABQ001,Albuquerque - Intl Sunport,35.0402,-106.609,1619,-7.1,19.2,-12.8,-23.3,19,832.9,1013.2,falling rapidly,13.5,320,NW,36.4,7.6,21,,snow,0.0,13.0,59,7.4,699.7,Heavy Snow,122,12,6.6,9.3,67.6,57.3,2.12,05:00,19:00,14,-8.2,14.3,0.95
2024-09-19,15:16,LAS001,Las Vegas - McCarran,36.084,-115.1537,664,-3.9,25.0,-6.1,-10.7,66,926.0,1002.6,rising,5.2,311,NW,21.9,23.0,38,900,rain,52.0,0.0,35,7.4,729.8,Light Rain,110,246,58.2,91.0,16.4,34.0,2.85,05:00,19:00,14,-6.9,18.8,2.94
2024-09-20,05:31,CLE001,Cleveland - Hopkins,41.4117,-81.8498,245,-9.5,14.9,-17.2,-15.7,69,989.5,1018.8,falling,19.7,179,S,34.4,6.0,49,3000,snow,0.0,11.5,1,0,0,Light Snow,120,40,11.5,18.5,58.3,79.5,1.26,05:00,19:00,14,-11.2,39.9,5.38
2024-09-20,07:17,BWI001,Baltimore - Washington,39.1754,-76.6684,46,-7.7,18.1,-13.0,-22.7,25,1016.4,1022.0,falling rapidly,11.5,120,ESE,30.9,8.4,79,900,snow,0.0,24.5,32,1.2,134.6,Snow Showers,124,156,33.9,47.4,15.0,36.6,0.31,05:00,19:00,14,-8.9,52.2,4.3
2024-09-20,17:33,DTW001,Detroit - Metro Wayne,42.2162,-83.3554,195,-7.7,18.1,-14.8,-16.7,55,991.8,1015.1,falling rapidly,19.1,330,NNW,38.9,35.6,54,9000,none,0.0,0.0,55,4.4,455.1,Overcast,104,143,34.5,54.0,14.9,64.1,0.2,05:00,19:00,14,-9.5,8.1,1.31
2024-09-20,17:53,MSP001,Minneapolis - St Paul,44.8848,-93.2223,255,-8.7,16.3,-16.8,-10.9,89,983.4,1013.7,rising,23.0,191,S,47.1,34.1,6,,snow,0.0,5.4,37,6.6,604.8,Moderate Snow,121,288,75.0,115.6,12.8,6.3,2.3,05:00,19:00,14,-13.7,33.6,4.07
2024-09-20,21:17,MIA001,Miami - International,25.7959,-80.287,3,-1.1,30.0,-5.4,-8.3,64,1012.1,1012.5,falling rapidly,13.1,315,NW,28.6,22.4,47,1500,none,0.0,0.0,7,0,0,Dust,108,104,24.7,39.2,79.2,53.8,2.55,05:00,19:00,14,-4.9,44.9,2.76
2024-09-21,00:17,ANC001,Anchorage - Intl,61.1743,-149.9963,46,-24.3,-11.7,-34.1,-30.9,67,1007.6,1013.1,falling rapidly,14.2,59,ENE,16.5,17.7,82,1500,none,0.0,0.0,58,0,0,Mostly Clear,101,153,33.2,55.8,45.3,65.9,1.96,05:00,19:00,14,-29.1,51.4,0.5
2024-09-21,07:52,BOS001,Boston - Logan,42.3656,-71.0096,9,3.1,37.6,-1.7,2.5,97,1011.2,1012.3,steady,23.4,302,WNW,43.3,19.4,57,3000,none,0.0,0.0,70,1.5,159.1,Clear,100,207,52.9,85.7,12.1,41.7,2.49,05:00,19:00,14,-1.7,9.2,0
2024-09-21,11:30,STL001,St Louis - Lambert,38.7487,-90.37,172,3.7,38.7,0.8,-0.9,77,994.8,1015.4,rising,11.4,95,E,22.9,10.2,98,,none,0.0,0.0,72,3.4,459.5,Mostly Clear,101,299,71.3,113.8,20.6,15.4,0.92,05:00,19:00,14,-0.0,25.1,5.51
2024-09-21,15:13,IAH001,Houston - Hobby,29.6454,-95.2789,15,7.3,45.1,4.2,3.1,79,1013.4,1015.2,steady,17.8,172,S,41.1,26.0,71,150,none,0.0,0.0,57,5.2,581.1,Smoke,107,81,19.1,34.6,15.9,50.5,1.01,05:00,19:00,14,2.7,49.7,0.92
2024-09-21,15:41,DEN001,Denver - Stapleton,39.7392,-104.9903,1609,-10.2,13.6,-16.6,-19.0,56,830.0,1008.4,rising rapidly,13.6,107,ESE,30.9,34.4,74,9000,snow,0.0,27.5,72,5.0,567.6,Heavy Snow,122,252,61.8,98.5,25.7,42.0,1.09,05:00,19:00,14,-11.3,26.0,1.29
2024-09-21,22:05,RDU001,Raleigh-Durham - Intl,35.8801,-78.788,132,-8.2,17.2,-18.0,-10.6,88,989.1,1004.8,rising,37.1,280,W,55.8,21.2,13,,snow,0.0,27.6,83,0,0,Heavy Snow,122,174,40.8,63.4,60.8,37.7,1.4,05:00,19:00,14,-10.5,17.7,5.17
2024-09-21,22:22,NYC001,New York - Central Park,40.7829,-73.9654,39,-10.0,14.0,-18.7,-20.2,49,997.5,1002.1,falling rapidly,24.8,46,NE,45.9,24.3,68,1500,snow,0.0,33.2,65,0,0,Snow Showers,124,57,18.1,23.5,44.7,54.9,2.83,05:00,19:00,14,-12.6,37.1,3.31
2024-09-22,00:36,SFO001,San Francisco - Intl,37.6213,-122.379,4,-12.9,8.8,-22.3,-15.9,85,1020.8,1021.3,rising rapidly,24.2,92,E,42.3,9.6,85,1500,rain,8.2,0.0,1,0,0,Heavy Rain,112,34,8.7,15.7,78.9,26.7,1.37,05:00,19:00,14,-14.6,8.0,1.07
2024-09-22,11:00,IND001,Indianapolis - Intl,39.7173,-86.2944,248,1.6,34.9,-1.5,-11.8,33,973.8,1003.0,falling,10.3,15,NNE,15.2,29.0,23,,none,0.0,0.0,61,8.4,797.4,Dust,108,45,11.3,12.3,63.3,37.0,2.97,05:00,19:00,14,0.5,51.7,2.65
2024-09-23,01:30,SEA001,Seattle - Sea-Tac,47.4502,-122.3088,137,-22.6,-8.7,-22.6,-28.4,71,1001.7,1018.2,rising rapidly,2.1,59,ENE,2.1,12.2,64,1500,sleet,9.5,0.0,28,0,0,Freezing Rain,131,295,72.6,109.6,16.2,73.7,1.95,05:00,19:00,14,-27.5,21.4,3.69
2024-09-23,04:19,ATL001,Atlanta - Hartsfield,33.6407,-84.4277,313,-4.9,23.2,-9.8,-5.3,98,985.1,1022.5,falling rapidly,12.4,218,SW,26.1,15.6,93,600,none,0.0,0.0,27,0,0,Overcast,104,300,71.9,114.3,63.7,36.0,1.41,05:00,19:00,14,-7.8,32.8,3.44
2024-10-01,15:39,ANC001,Anchorage - Intl,61.1743,-149.9963,46,-8.9,16.0,-17.1,-16.3,63,997.0,1002.5,rising rapidly,23.3,96,E,45.4,24.7,51,6000,snow,0.0,19.7,7,6.5,671.2,Snow Showers,124,51,11.5,16.0,47.8,64.7,2.2,06:00,18:00,12,-12.2,22.5,5.38
2024-10-02,04:17,DEN001,Denver - Stapleton,39.7392,-104.9903,1609,-6.6,20.1,-6.6,-10.4,81,836.7,1016.5,steady,4.6,251,WSW,4.6,9.0,97,600,none,0.0,0.0,27,0,0,Partly Cloudy,102,203,48.5,83.3,46.3,52.3,2.72,06:00,18:00,12,-9.3,35.3,3.86
2024-10-02,10:37,DFW001,Dallas - Fort Worth,32.8998,-97.0403,182,10.5,50.9,10.5,-1.3,41,1000.8,1022.7,rising,13.5,322,NW,28.2,34.5,5,,rain,17.4,0.0,26,8.3,762.3,Drizzle,113,174,38.6,65.4,51.1,67.7,2.9,06:00,18:00,12,9.2,23.9,0
2024-10-02,16:07,LAS001,Las Vegas - McCarran,36.084,-115.1537,664,6.3,43.3,3.6,-7.3,32,945.9,1024.1,falling rapidly,13.2,250,WSW,15.3,18.7,70,1500,none,0.0,0.0,63,4.6,508.2,Mostly Clear,101,274,67.3,108.5,52.1,39.7,2.98,06:00,18:00,12,4.7,37.3,4.44
2024-10-02,16:11,BWI001,Baltimore - Washington,39.1754,-76.6684,46,2.4,36.3,-1.8,-1.6,80,1003.6,1009.1,falling rapidly,17.0,225,SW,17.7,20.5,43,1500,none,0.0,0.0,78,6.1,613.7,Mostly Cloudy,103,168,43.8,68.5,59.8,61.0,2.65,06:00,18:00,12,0.6,38.7,0.19
2024-10-02,16:54,HNL001,Honolulu - Intl,21.325,-157.925,4,11.8,53.2,11.8,7.2,77,1011.0,1011.5,rising,9.9,15,NNE,31.3,19.6,8,,none,0.0,0.0,50,8.1,750.6,Haze,106,169,42.6,65.2,79.5,61.8,2.7,06:00,18:00,12,7.9,11.2,0.4
2024-10-02,20:44,RDU001,Raleigh-Durham - Intl,35.8801,-78.788,132,4.2,39.6,4.2,-2.0,69,1001.5,1017.4,falling,1.9,120,ESE,1.9,7.5,38,300,thunderstorm,37.6,0.0,58,0,0.0,Thunderstorm,150,77,16.9,26.0,86.2,47.4,1.4,06:00,18:00,12,0.7,52.2,0
2024-10-03,04:24,MKE001,Milwaukee - Mitchell,42.9472,-87.8966,211,-3.8,25.2,-10.9,-9.4,72,987.9,1013.0,rising,25.6,55,NE,45.6,9.0,51,600,none,0.0,0.0,87,0,0,Overcast,104,236,54.4,85.4,69.7,13.2,2.5,06:00,18:00,12,-8.7,57.8,3.79
2024-10-03,05:42,ORD001,Chicago - O'Hare Area,41.9742,-87.9073,201,-6.8,19.8,-14.3,-21.8,25,981.1,1004.9,falling,22.9,197,SSW,23.5,4.7,81,6000,sleet,49.5,0.0,93,0,0,Ice Pellets,132,70,19.9,37.0,66.3,47.4,1.24,06:00,18:00,12,-11.2,34.1,2.82
2024-10-03,10:21,DTW001,Detroit - Metro Wayne,42.2162,-83.3554,195,3.1,37.6,-0.3,-3.7,66,991.0,1014.3,falling rapidly,13.4,57,ENE,21.5,6.8,54,9000,none,0.0,0.0,74,5.5,570.7,Dust,108,26,2.6,3.8,77.8,23.3,0.19,06:00,18:00,12,1.6,6.9,6.21
2024-10-03,18:22,MSY001,New Orleans - Moisant,29.9934,-90.258,3,0.9,33.6,-3.8,-10.1,45,1028.0,1028.4,steady,17.9,109,ESE,31.6,25.8,70,600,none,0.0,0.0,23,2.5,282.0,Mist,109,282,69.9,112.7,23.5,32.0,0.38,06:00,18:00,12,-2.2,7.4,2.8
2024-10-04,01:46,STL001,St Louis - Lambert,38.7487,-90.37,172,0.0,32.0,-5.3,-11.0,45,993.5,1014.0,falling,20.5,238,WSW,36.7,23.9,13,,thunderstorm,26.5,0.0,48,0,0,Thunderstorm,150,116,26.0,37.4,37.9,36.1,2.14,06:00,18:00,12,-3.7,38.2,2.61
2024-10-04,12:22,PDX001,Portland - Intl,45.5898,-122.5951,9,4.8,40.6,1.1,-8.0,36,1019.9,1021.0,rising rapidly,17.6,256,WSW,26.8,32.5,0,,none,0.0,0.0,69,10.7,974.9,Fog,105,211,50.8,81.0,73.9,74.5,2.46,06:00,18:00,12,2.7,39.7,5.17
2024-10-04,22:31,SLC001,Salt Lake City - Intl,40.7884,-111.9778,1288,-9.9,14.2,-14.5,-12.9,85,873.3,1020.0,steady,8.4,124,SE,13.8,24.7,23,,snow,0.0,20.5,67,0,0,Snow Showers,124,199,41.1,60.3,30.9,18.2,2.55,06:00,18:00,12,-12.2,57.0,5.0
2024-10-05,00:07,ATL001,Atlanta - Hartsfield,33.6407,-84.4277,313,0.2,32.4,-3.5,-4.2,78,966.8,1003.6,steady,11.9,75,ENE,23.0,15.0,51,150,none,0.0,0.0,47,0,0,Mist,109,77,18.2,28.5,27.9,51.5,2.01,06:00,18:00,12,-4.5,47.9,2.11
2024-10-05,02:51,SEA001,Seattle - Sea-Tac,47.4502,-122.3088,137,-9.9,14.2,-14.5,-14.1,79,1011.5,1028.1,rising,8.3,221,SW,22.1,2.1,72,9000,snow,0.0,23.9,28,0,0,Blizzard,125,153,40.4,66.5,13.2,47.7,2.0,06:00,18:00,12,-13.7,6.2,3.17
2024-10-05,05:01,MIA001,Miami - International,25.7959,-80.287,3,10.6,51.1,10.6,1.6,55,1016.3,1016.7,steady,12.4,277,W,31.2,10.7,69,6000,none,0.0,0.0,99,0,0,Clear,100,257,64.2,101.3,50.7,60.4,1.71,06:00,18:00,12,6.2,46.4,4.02
2024-10-05,13:00,TPA001,Tampa - Intl,27.9755,-82.5332,9,16.7,62.1,16.7,4.9,41,990.8,991.9,falling,22.8,107,ESE,40.2,2.6,27,,none,0.0,0.0,35,9.0,865.0,Dust,108,80,18.7,32.0,48.6,11.8,1.72,06:00,18:00,12,12.3,20.2,1.93
2024-10-05,14:32,IAH001,Houston - Hobby,29.6454,-95.2789,15,9.2,48.6,7.2,-1.6,46,999.4,1001.2,falling rapidly,12.7,344,NNW,14.3,19.5,10,,rain,36.3,0.0,43,10.0,926.2,Rain Showers,114,161,40.0,61.2,36.9,44.0,0.73,06:00,18:00,12,4.4,43.3,3.34
2024-10-05,14:37,BOS001,Boston - Logan,42.3656,-71.0096,9,7.9,46.2,6.1,-3.3,44,1009.3,1010.4,falling,10.0,94,E,11.4,0.8,80,,none,0.0,0.0,67,5.0,585.0,Smoke,107,256,60.4,103.9,29.1,68.3,2.17,06:00,18:00,12,5.4,50.8,1.29
2024-10-05,19:54,IND001,Indianapolis - Intl,39.7173,-86.2944,248,-4.3,24.3,-6.8,-6.1,91,983.5,1013.0,falling,5.7,325,NW,15.4,2.1,32,3000,rain,21.3,0.0,44,1.9,186.9,Rain Showers,114,23,8.1,16.8,49.7,71.8,2.9,06:00,18:00,12,-7.1,24.9,3.02
2024-10-05,20:26,NYC001,New York - Central Park,40.7829,-73.9654,39,-8.9,16.0,-14.8,-10.7,91,1013.0,1017.7,steady,12.6,125,SE,29.5,25.8,15,,none,0.0,0.0,26,0,0.0,Clear,100,122,31.7,44.3,34.7,33.7,2.04,06:00,18:00,12,-13.3,55.3,1.57
2024-10-06,11:46,SFO001,San Francisco - Intl,37.6213,-122.379,4,12.4,54.3,12.4,-3.2,22,1012.2,1012.7,rising,6.3,188,S,24.5,22.2,15,,none,0.0,0.0,24,8.9,833.4,Clear,100,66,14.0,21.9,75.4,15.8,0.56,06:00,18:00,12,10.1,53.0,4.12
2024-10-06,13:46,MCI001,Kansas City - Intl,39.2976,-94.7139,313,1.8,35.2,-3.9,-6.4,59,976.8,1013.9,steady,27.4,105,ESE,46.5,12.7,78,300,rain,40.1,0.0,11,5.3,610.0,Drizzle,113,32,10.7,18.6,13.9,73.5,2.24,06:00,18:00,12,-2.6,13.1,5.81
2024-10-06,18:22,CLE001,Cleveland - Hopkins,41.4117,-81.8498,245,-0.0,32.0,-6.1,-2.8,86,996.8,1026.3,rising,26.3,62,ENE,43.1,31.6,49,150,none,0.0,0.0,53,3.2,327.6,Overcast,104,95,24.2,40.4,23.1,77.7,0.26,06:00,18:00,12,-4.3,34.2,3.92
2024-10-06,20:59,MSP001,Minneapolis - St Paul,44.8848,-93.2223,255,-13.0,8.6,-21.4,-27.6,27,994.4,1025.1,falling rapidly,19.0,231,SW,19.7,29.2,35,9000,none,0.0,0.0,86,0,0.0,Smoke,107,110,26.8,39.5,40.3,39.3,0.84,06:00,18:00,12,-15.5,24.9,4.01
2024-10-06,22:23,ABQ001,Albuquerque - Intl Sunport,35.0402,-106.609,1619,-12.4,9.7,-19.7,-26.8,28,842.9,1025.3,rising,14.9,148,SSE,33.4,29.9,88,9000,none,0.0,0.0,15,0,0,Overcast,104,35,9.2,14.7,78.2,47.1,1.2,06:00,18:00,12,-14.2,17.6,2.11
2024-10-06,22:53,LAX001,Los Angeles - Downtown,34.0522,-118.2437,71,2.7,36.9,2.7,-9.7,38,1018.1,1026.7,falling,3.9,350,N,3.9,37.5,77,6000,none,0.0,0.0,42,0,0,Smoke,107,274,66.6,111.1,25.8,34.8,0.23,06:00,18:00,12,-1.1,8.3,3.04
2024-10-07,00:22,PHX001,Phoenix - Sky Harbor,33.4373,-112.0078,337,0.6,33.1,-2.7,-10.4,45,973.7,1013.6,falling,10.5,172,S,34.7,12.0,67,600,none,0.0,0.0,43,0,0,Clear,100,156,37.8,55.0,29.4,14.9,1.09,06:00,18:00,12,-1.2,28.9,0
2024-10-08,03:38,PHL001,Philadelphia - Intl,39.8729,-75.2437,9,-10.2,13.6,-13.1,-11.6,93,1002.4,1003.5,falling rapidly,4.9,229,SW,4.9,25.8,97,300,snow,0.0,22.0,89,0,0,Blowing Snow,123,7,2.5,0.1,68.5,42.4,0.47,06:00,18:00,12,-15.2,57.6,2.31
2024-10-16,20:08,HNL001,Honolulu - Intl,21.325,-157.925,4,2.2,36.0,-2.8,0.0,89,1008.5,1009.0,falling,22.8,61,ENE,24.2,17.2,87,1500,none,0.0,0.0,17,0,0.0,Clear,100,237,59.6,95.3,81.9,22.1,0.1,06:00,18:00,12,-1.8,35.4,5.94
2024-10-16,23:35,IND001,Indianapolis - Intl,39.7173,-86.2944,248,-6.2,20.8,-11.9,-19.8,32,991.4,1021.1,falling,14.3,30,NNE,23.4,1.6,36,9000,none,0.0,0.0,40,0,0,Dust,108,215,46.0,75.2,76.3,49.7,2.94,06:00,18:00,12,-9.6,24.8,4.0
2024-10-16,23:49,IAH001,Houston - Hobby,29.6454,-95.2789,15,-2.9,26.8,-5.1,-5.1,89,1009.1,1010.9,rising rapidly,5.5,179,S,12.4,39.3,73,9000,none,0.0,0.0,41,0,0,Mist,109,143,36.0,53.6,26.4,27.8,1.95,06:00,18:00,12,-7.1,43.9,2.92
2024-10-17,00:05,ATL001,Atlanta - Hartsfield,33.6407,-84.4277,313,0.6,33.1,-5.3,0.4,99,974.1,1011.1,falling rapidly,26.2,122,ESE,39.8,27.9,54,3000,none,0.0,0.0,69,0,0,Haze,106,234,59.3,97.0,63.6,44.3,1.55,06:00,18:00,12,-4.3,42.4,2.42
2024-10-17,19:24,NYC001,New York - Central Park,40.7829,-73.9654,39,1.0,33.8,-3.6,-5.0,70,1011.1,1015.8,falling rapidly,17.4,75,ENE,24.9,4.4,8,,none,0.0,0.0,18,2.3,213.6,Fog,105,123,33.8,58.4,15.5,23.5,0.95,06:00,18:00,12,-0.8,35.8,0
2024-10-17,19:45,TPA001,Tampa - Intl,27.9755,-82.5332,9,4.1,39.4,1.2,-9.9,30,1007.7,1008.8,falling,11.8,97,E,30.3,38.2,93,900,none,0.0,0.0,55,0.9,119.0,Dust,108,22,3.9,13.5,34.8,62.7,1.8,06:00,18:00,12,-0.8,33.1,1.51
2024-10-17,22:34,CLE001,Cleveland - Hopkins,41.4117,-81.8498,245,-5.5,22.1,-12.0,-12.9,63,977.6,1006.5,falling rapidly,18.9,327,NNW,32.2,18.3,77,6000,snow,0.0,26.3,70,0,0,Blizzard,125,134,28.3,46.9,87.2,44.2,1.17,06:00,18:00,12,-8.7,8.5,3.86
2024-10-17,23:36,PHL001,Philadelphia - Intl,39.8729,-75.2437,9,-5.5,22.1,-10.9,-16.3,46,1016.7,1017.8,steady,13.9,176,S,26.2,6.6,59,1500,sleet,32.6,0.0,46,0,0,Freezing Rain,131,113,29.1,47.7,16.9,21.8,2.26,06:00,18:00,12,-10.0,18.0,5.03
2024-10-18,08:23,ABQ001,Albuquerque - Intl Sunport,35.0402,-106.609,1619,-8.1,17.4,-16.4,-10.1,90,834.1,1014.6,steady,25.2,191,S,47.1,37.6,75,3000,sleet,30.9,0.0,63,2.4,271.2,Ice Pellets,132,291,69.1,107.5,49.0,9.1,2.59,06:00,18:00,12,-10.2,15.2,3.28
2024-10-18,11:42,DEN001,Denver - Stapleton,39.7392,-104.9903,1609,-2.8,27.0,-9.8,-8.2,73,835.8,1015.4,falling rapidly,27.6,157,SSE,36.5,35.5,62,900,sleet,14.3,0.0,69,5.8,621.7,Ice Pellets,132,54,16.6,19.8,87.2,6.1,2.21,06:00,18:00,12,-6.8,44.9,2.76
2024-10-18,15:59,SFO001,San Francisco - Intl,37.6213,-122.379,4,1.1,34.0,-4.6,-15.9,15,1014.3,1014.8,falling rapidly,26.2,218,SW,46.4,11.4,26,,thunderstorm,42.1,0.0,13,8.2,783.8,Severe Thunderstorm,151,41,3.1,6.6,57.0,9.7,0.55,06:00,18:00,12,-0.2,36.5,3.78
2024-10-18,16:12,MSP001,Minneapolis - St Paul,44.8848,-93.2223,255,1.9,35.4,-3.0,-5.5,63,987.0,1017.4,rising rapidly,20.8,316,NW,21.3,32.6,44,900,thunderstorm,15.2,0.0,98,6.1,609.8,Thunderstorm with Hail,152,44,12.7,24.6,83.1,68.1,2.3,06:00,18:00,12,-1.7,8.1,1.38
2024-10-18,18:38,MIA001,Miami - International,25.7959,-80.287,3,9.0,48.2,5.6,-6.0,25,1015.0,1015.4,falling rapidly,25.7,155,SSE,38.6,10.2,73,3000,rain,49.5,0.0,29,2.4,275.5,Drizzle,113,116,27.5,49.1,26.1,43.1,0.31,06:00,18:00,12,5.8,48.6,6.07
2024-10-18,19:52,LAS001,Las Vegas - McCarran,36.084,-115.1537,664,-3.4,25.9,-8.6,-13.0,52,935.1,1012.4,rising rapidly,14.9,205,SSW,37.1,11.9,94,600,rain,34.8,0.0,85,0.9,117.9,Rain Showers,114,94,20.3,29.4,61.5,61.6,0.25,06:00,18:00,12,-6.3,55.6,0.63
2024-10-18,23:45,PHX001,Phoenix - Sky Harbor,33.4373,-112.0078,337,-4.5,23.9,-4.5,-6.3,91,986.5,1027.0,steady,0.1,351,N,0.1,22.0,27,,none,0.0,0.0,14,0,0,Mist,109,275,66.9,106.0,51.6,11.9,1.6,06:00,18:00,12,-6.3,9.9,6.09
2024-10-19,10:53,BWI001,Baltimore - Washington,39.1754,-76.6684,46,3.5,38.3,-1.4,-2.9,68,1009.3,1014.8,steady,25.1,356,N,27.5,31.3,88,300,none,0.0,0.0,76,3.6,437.8,Mostly Clear,101,197,50.9,83.9,18.6,24.6,2.49,06:00,18:00,12,1.5,24.6,2.16
2024-10-19,17:54,PDX001,Portland - Intl,45.5898,-122.5951,9,-3.1,26.4,-9.1,-15.3,39,1019.9,1021.0,falling rapidly,19.4,164,SSE,25.4,31.8,88,9000,snow,0.0,30.8,8,2.8,349.2,Light Snow,120,42,17.0,22.2,80.7,60.7,0.18,06:00,18:00,12,-6.0,50.5,2.36
2024-10-19,17:57,MCI001,Kansas City - Intl,39.2976,-94.7139,313,3.8,38.8,-0.0,-5.8,52,980.2,1017.5,falling,16.9,36,NE,35.3,25.5,27,,none,0.0,0.0,74,5.6,539.3,Clear,100,9,0.1,0.1,83.0,6.2,0.17,06:00,18:00,12,1.4,37.1,2.42
2024-10-20,14:46,LAX001,Los Angeles - Downtown,34.0522,-118.2437,71,6.8,44.2,2.6,-7.2,30,1013.8,1022.4,steady,27.8,116,ESE,49.8,14.2,43,3000,none,0.0,0.0,37,7.6,765.3,Smoke,107,163,36.7,55.8,89.1,44.2,2.68,06:00,18:00,12,5.7,58.5,4.75
2024-10-20,17:59,BOS001,Boston - Logan,42.3656,-71.0096,9,10.8,51.4,10.8,-3.0,31,1018.1,1019.2,rising,16.9,254,WSW,37.6,18.9,60,,none,0.0,0.0,37,4.1,436.4,Clear,100,132,33.1,53.5,55.5,60.7,0.28,06:00,18:00,12,7.9,17.9,4.37
2024-10-20,20:00,ANC001,Anchorage - Intl,61.1743,-149.9963,46,-18.1,-0.6,-27.7,-30.5,38,1006.4,1011.9,falling rapidly,18.6,197,SSW,19.2,12.2,7,,rain,58.3,0.0,1,0,0.0,Freezing Drizzle,115,81,21.1,25.6,45.9,49.6,0.3,06:00,18:00,12,-20.4,58.0,0.08
2024-10-20,21:41,DFW001,Dallas - Fort Worth,32.8998,-97.0403,182,1.7,35.1,-2.0,-0.1,91,984.9,1006.5,falling rapidly,13.2,17,NNE,19.5,22.8,98,1500,none,0.0,0.0,37,0,0,Mist,109,110,29.1,41.4,64.6,42.6,2.23,06:00,18:00,12,-0.8,32.8,3.15
2024-10-20,21:57,SLC001,Salt Lake City - Intl,40.7884,-111.9778,1288,-8.6,16.5,-16.0,-14.8,69,856.9,1000.8,rising,19.7,107,ESE,28.1,22.9,74,6000,snow,0.0,17.4,19,0,0,Blowing Snow,123,153,34.7,54.6,44.1,59.2,0.84,06:00,18:00,12,-12.7,25.8,4.19
2024-10-21,04:49,STL001,St Louis - Lambert,38.7487,-90.37,172,-4.7,23.5,-10.9,-9.7,75,999.2,1019.9,rising,18.7,80,E,39.0,15.0,67,1500,rain,23.3,0.0,83,0,0,Freezing Drizzle,115,211,51.5,84.2,51.8,42.9,2.59,06:00,18:00,12,-9.5,40.8,0.27
2024-10-21,05:23,ORD001,Chicago - O'Hare Area,41.9742,-87.9073,201,0.7,33.3,-4.1,-7.3,60,982.3,1006.1,steady,18.1,279,W,23.0,35.9,99,150,none,0.0,0.0,2,0,0,Overcast,104,171,46.4,71.6,18.4,74.0,2.24,06:00,18:00,12,-0.4,56.3,4.46
2024-10-21,06:20,SEA001,Seattle - Sea-Tac,47.4502,-122.3088,137,0.9,33.6,-2.2,-1.3,89,997.1,1013.5,steady,9.8,342,NNW,31.5,20.0,62,300,hail,37.8,0.0,44,0,0.0,Hail,140,247,60.8,98.2,64.9,57.4,1.46,06:00,18:00,12,-3.3,48.3,2.26
2024-10-21,20:04,MSY001,New Orleans - Moisant,29.9934,-90.258,3,5.6,42.1,3.4,-1.0,67,1013.0,1013.4,rising,10.0,212,SSW,17.8,35.3,61,,thunderstorm,29.6,0.0,0,0,0.0,Thunderstorm,150,204,45.2,78.2,38.5,10.4,1.56,06:00,18:00,12,4.6,11.7,4.31
2024-10-22,03:29,RDU001,Raleigh-Durham - Intl,35.8801,-78.788,132,0.8,33.4,-4.5,-3.0,81,1005.4,1021.3,rising,21.6,156,SSE,43.2,5.3,62,150,rain,17.8,0.0,77,0,0,Heavy Rain,112,6,5.0,8.8,71.7,75.9,2.81,06:00,18:00,12,-2.7,34.3,1.08
2024-10-22,11:42,MKE001,Milwaukee - Mitchell,42.9472,-87.8966,211,5.3,41.5,1.5,-10.9,19,985.8,1010.9,falling rapidly,19.6,175,S,24.6,2.1,5,,hail,13.6,0.0,63,9.6,878.4,Heavy Hail,141,47,10.5,21.9,77.4,31.3,1.27,06:00,18:00,12,4.1,5.8,2.34
2024-10-22,13:11,DTW001,Detroit - Metro Wayne,42.2162,-83.3554,195,5.5,41.9,2.3,-7.3,36,1012.0,1035.8,falling rapidly,15.7,121,ESE,30.8,37.2,31,300,none,0.0,0.0,35,8.7,845.0,Partly Cloudy,102,37,7.6,8.3,51.4,39.9,1.8,06:00,18:00,12,3.1,16.3,3.55
2024-10-31,05:42,SLC001,Salt Lake City - Intl,40.7884,-111.9778,1288,-6.7,19.9,-6.7,-11.9,74,863.9,1009.0,falling,3.0,229,SW,3.0,8.3,80,3000,snow,0.0,7.1,93,0,0,Light Snow,120,60,15.5,25.2,82.2,53.1,1.22,06:00,18:00,12,-9.0,41.8,5.99
2024-10-31,09:09,MSP001,Minneapolis - St Paul,44.8848,-93.2223,255,-0.3,31.5,-2.5,-11.7,43,983.2,1013.5,falling rapidly,6.2,290,WNW,9.1,36.9,49,,thunderstorm,56.8,0.0,21,4.6,470.7,Severe Thunderstorm,151,40,8.5,11.3,29.4,56.6,0.61,06:00,18:00,12,-2.3,32.8,0.52
2024-10-31,15:05,BOS001,Boston - Logan,42.3656,-71.0096,9,6.8,44.2,5.2,6.6,99,1021.1,1022.2,falling rapidly,8.1,180,S,22.9,22.4,36,900,none,0.0,0.0,76,7.5,738.8,Smoke,107,9,6.1,15.2,44.2,13.5,2.55,06:00,18:00,12,4.3,29.0,2.82
2024-10-31,15:11,LAS001,Las Vegas - McCarran,36.084,-115.1537,664,8.0,46.4,7.3,-8.2,19,930.9,1007.9,rising rapidly,5.7,337,NNW,12.8,26.4,10,,hail,55.0,0.0,26,9.2,855.9,Small Hail,142,143,33.3,55.1,28.5,45.0,2.89,06:00,18:00,12,5.9,54.3,3.52
2024-10-31,22:06,PHL001,Philadelphia - Intl,39.8729,-75.2437,9,1.5,34.7,-1.9,-3.1,77,1002.6,1003.7,rising rapidly,11.5,41,NE,29.2,4.0,37,900,rain,2.6,0.0,44,0,0,Freezing Drizzle,115,6,1.3,10.1,28.1,75.6,1.31,06:00,18:00,12,-1.8,53.9,3.38
2024-11-01,00:27,DFW001,Dallas - Fort Worth,32.8998,-97.0403,182,4.0,39.2,-0.0,-12.0,20,988.6,1010.3,rising rapidly,18.7,312,NW,39.5,5.2,39,6000,none,0.0,0.0,86,0,0,Mostly Clear,101,265,69.0,108.8,79.3,72.3,1.86,07:00,17:00,10,2.7,5.2,0
2024-11-01,01:45,MCI001,Kansas City - Intl,39.2976,-94.7139,313,6.5,43.7,3.3,-8.1,27,985.1,1022.6,rising rapidly,17.1,200,SSW,30.2,18.1,32,900,none,0.0,0.0,44,0,0,Overcast,104,196,47.4,77.1,73.6,63.6,0.82,07:00,17:00,10,4.2,30.9,4.49
2024-11-01,09:37,DTW001,Detroit - Metro Wayne,42.2162,-83.3554,195,5.7,42.3,4.3,-7.7,33,991.6,1014.9,steady,6.6,141,SE,8.4,26.9,60,300,none,0.0,0.0,33,4.1,436.4,Haze,106,246,58.9,97.1,10.9,35.4,2.06,07:00,17:00,10,1.0,56.9,3.38
2024-11-01,12:10,ANC001,Anchorage - Intl,61.1743,-149.9963,46,5.7,42.3,4.5,-6.7,38,1002.2,1007.7,rising rapidly,6.0,225,SW,13.1,9.7,88,300,none,0.0,0.0,12,4.4,546.0,Mist,109,222,57.6,91.3,85.2,57.6,2.37,07:00,17:00,10,4.7,46.0,1.25
2024-11-01,20:38,RDU001,Raleigh-Durham - Intl,35.8801,-78.788,132,11.7,53.1,11.7,3.9,61,985.9,1001.5,steady,16.4,328,NNW,23.8,36.6,62,600,none,0.0,0.0,25,0,0.0,Mostly Cloudy,103,28,4.5,8.1,69.1,13.9,1.46,07:00,17:00,10,7.9,28.8,1.9
2024-11-02,06:54,DEN001,Denver - Stapleton,39.7392,-104.9903,1609,-3.7,25.3,-9.9,-6.7,85,832.6,1011.5,falling,19.9,42,NE,26.5,16.9,24,,none,0.0,0.0,47,0,0.0,Haze,106,82,17.9,33.4,76.6,66.9,1.58,07:00,17:00,10,-6.2,37.1,6.27
2024-11-02,19:12,CLE001,Cleveland - Hopkins,41.4117,-81.8498,245,7.5,45.5,6.1,7.3,99,979.9,1008.9,rising rapidly,7.9,227,SW,21.8,9.8,34,900,none,0.0,0.0,63,1.9,184.7,Mist,109,92,25.3,41.3,71.8,40.0,2.85,07:00,17:00,10,2.7,32.7,6.98
2024-11-02,23:32,MSY001,New Orleans - Moisant,29.9934,-90.258,3,3.1,37.6,-1.5,-0.5,82,1016.6,1017.0,rising,21.6,35,NE,33.9,36.2,77,600,none,0.0,0.0,52,0,0,Mostly Cloudy,103,221,58.2,98.3,11.4,5.5,2.11,07:00,17:00,10,0.4,18.8,1.47
2024-11-02,23:32,TPA001,Tampa - Intl,27.9755,-82.5332,9,2.8,37.0,-0.4,-2.8,72,1004.8,1005.9,falling,12.2,73,ENE,12.9,20.8,94,3000,rain,59.6,0.0,68,0,0,Heavy Rain,112,91,19.4,33.9,79.6,22.6,0.94,07:00,17:00,10,0.8,7.1,2.57
2024-11-03,00:34,IAH001,Houston - Hobby,29.6454,-95.2789,15,6.2,43.2,6.2,3.0,84,1030.4,1032.2,rising,4.6,193,SSW,4.6,37.4,99,1500,none,0.0,0.0,14,0,0,Smoke,107,225,56.9,85.7,72.5,64.4,2.37,07:00,17:00,10,3.0,49.9,2.06
2024-11-03,00:58,MIA001,Miami - International,25.7959,-80.287,3,9.0,48.2,9.0,8.0,95,1002.5,1002.9,steady,4.4,151,SSE,4.4,10.3,20,,none,0.0,0.0,70,0,0,Smoke,107,285,71.4,117.3,40.1,34.3,2.69,07:00,17:00,10,5.2,22.4,5.28
2024-11-03,08:30,IND001,Indianapolis - Intl,39.7173,-86.2944,248,4.2,39.6,0.8,-6.4,47,973.6,1002.8,falling,14.9,158,SSE,37.7,19.6,28,,none,0.0,0.0,67,3.9,373.1,Dust,108,126,30.7,48.5,17.5,68.3,2.34,07:00,17:00,10,3.1,22.9,0
2024-11-03,13:52,BWI001,Baltimore - Washington,39.1754,-76.6684,46,10.0,50.0,7.2,-5.8,21,1002.1,1007.6,falling rapidly,21.9,312,NW,41.9,32.4,55,600,thunderstorm,19.5,0.0,79,7.0,725.0,Thunderstorm,150,221,53.2,81.7,18.2,76.3,1.02,07:00,17:00,10,5.7,17.7,0.99
2024-11-03,15:17,PHX001,Phoenix - Sky Harbor,33.4373,-112.0078,337,17.5,63.5,17.5,10.3,64,973.0,1012.9,rising,15.2,71,ENE,26.9,38.5,53,9000,rain,46.5,0.0,64,6.4,662.2,Freezing Drizzle,115,148,37.2,61.0,23.9,27.6,2.28,07:00,17:00,10,13.6,29.1,1.3
2024-11-03,21:22,NYC001,New York - Central Park,40.7829,-73.9654,39,2.5,36.5,0.1,-8.7,44,1000.0,1004.6,falling,8.3,208,SSW,17.6,15.3,9,,none,0.0,0.0,5,0,0,Mostly Clear,101,114,29.0,40.4,11.7,55.8,1.34,07:00,17:00,10,1.3,17.0,3.17
2024-11-04,07:02,PDX001,Portland - Intl,45.5898,-122.5951,9,3.7,38.7,-0.3,1.5,89,1004.2,1005.3,falling rapidly,18.2,312,NW,23.7,19.0,80,600,none,0.0,0.0,15,1.1,133.5,Dust,108,227,51.8,84.1,65.5,74.7,1.0,07:00,17:00,10,2.1,40.7,3.04
2024-11-04,20:50,SEA001,Seattle - Sea-Tac,47.4502,-122.3088,137,-0.7,30.7,-3.6,-8.5,61,993.2,1009.5,falling,8.2,84,E,19.6,34.3,41,900,none,0.0,0.0,87,0,0.0,Overcast,104,233,58.6,97.9,38.1,35.0,1.3,07:00,17:00,10,-2.7,45.2,4.88
2024-11-05,00:29,STL001,St Louis - Lambert,38.7487,-90.37,172,3.5,38.3,0.5,2.7,96,997.7,1018.3,steady,11.8,335,NNW,16.2,4.3,26,,none,0.0,0.0,6,0,0,Mostly Clear,101,206,50.4,77.7,51.4,41.1,0.79,07:00,17:00,10,2.4,24.3,3.34
2024-11-05,01:41,LAX001,Los Angeles - Downtown,34.0522,-118.2437,71,-0.1,31.8,-4.1,-15.5,23,991.9,1000.3,rising rapidly,12.8,142,SE,22.5,16.6,40,3000,none,0.0,0.0,35,0,0,Smoke,107,122,30.0,46.9,19.4,23.6,2.36,07:00,17:00,10,-3.4,27.5,2.14
2024-11-05,07:53,ATL001,Atlanta - Hartsfield,33.6407,-84.4277,313,5.4,41.7,3.6,-5.0,48,979.7,1016.9,falling rapidly,7.9,230,SW,27.1,4.7,97,6000,hail,44.5,0.0,67,0.9,114.6,Small Hail,142,87,23.1,36.3,53.5,24.0,1.11,07:00,17:00,10,1.8,16.8,3.27
2024-11-05,08:26,ABQ001,Albuquerque - Intl Sunport,35.0402,-106.609,1619,3.6,38.5,-0.1,-4.4,60,832.8,1013.0,rising,15.7,189,S,15.7,20.2,60,150,rain,11.9,0.0,39,2.9,303.7,Heavy Rain,112,107,31.2,48.3,45.1,49.6,1.98,07:00,17:00,10,1.9,36.5,2.43
2024-11-05,12:36,HNL001,Honolulu - Intl,21.325,-157.925,4,18.5,65.3,18.5,8.3,49,1020.9,1021.4,steady,8.3,50,NE,13.6,14.1,31,1500,none,0.0,0.0,83,8.5,823.8,Overcast,104,29,7.7,18.3,79.5,8.0,2.68,07:00,17:00,10,14.9,54.6,2.39
2024-11-05,14:15,MKE001,Milwaukee - Mitchell,42.9472,-87.8966,211,7.4,45.3,5.1,-6.4,31,983.5,1008.5,falling rapidly,12.6,10,N,18.9,4.5,63,1500,none,0.0,0.0,52,6.2,667.8,Mist,109,178,44.5,76.5,59.7,49.2,1.6,07:00,17:00,10,6.0,37.7,2.61
2024-11-05,18:53,ORD001,Chicago - O'Hare Area,41.9742,-87.9073,201,4.2,39.6,2.8,-1.4,72,980.6,1004.4,steady,6.0,222,SW,20.9,4.3,32,,none,0.0,0.0,16,3.8,364.5,Mostly Cloudy,103,210,51.9,80.7,73.1,16.4,2.59,07:00,17:00,10,1.6,56.3,2.03
2024-11-05,21:42,SFO001,San Francisco - Intl,37.6213,-122.379,4,2.8,37.0,1.0,0.6,89,1018.8,1019.3,rising,6.5,40,NE,8.4,17.4,18,,thunderstorm,32.1,0.0,22,0,0,Thunderstorm,150,232,58.4,87.9,48.3,60.2,1.52,07:00,17:00,10,1.0,57.2,5.54
2024-11-14,20:35,BWI001,Baltimore - Washington,39.1754,-76.6684,46,4.4,39.9,-0.4,2.2,89,1006.6,1012.1,rising,26.8,184,S,33.4,21.5,83,900,none,0.0,0.0,50,0,0.0,Haze,106,45,11.6,12.9,79.3,62.3,0.45,07:00,17:00,10,-0.0,21.6,0.91
2024-11-15,08:47,PDX001,Portland - Intl,45.5898,-122.5951,9,0.6,33.1,0.6,-16.2,16,1015.4,1016.5,rising,2.7,331,NNW,2.7,25.9,36,6000,none,0.0,0.0,38,3.6,355.8,Smoke,107,154,36.4,58.0,72.1,19.6,0.98,07:00,17:00,10,-1.9,5.8,3.58
2024-11-15,17:30,DEN001,Denver - Stapleton,39.7392,-104.9903,1609,0.2,32.4,-6.1,-2.8,85,834.9,1014.4,steady,28.5,39,NE,43.2,14.8,66,600,none,0.0,0.0,56,3.8,417.7,Haze,106,189,49.3,79.4,31.4,49.0,2.47,07:00,17:00,10,-3.2,40.5,3.54
2024-11-15,17:53,PHL001,Philadelphia - Intl,39.8729,-75.2437,9,6.5,43.7,6.5,5.7,96,1029.5,1030.6,falling,0.9,98,E,0.9,14.0,9,,thunderstorm,39.9,0.0,87,6.4,595.4,Severe Thunderstorm,151,258,65.6,111.1,34.5,29.3,0.12,07:00,17:00,10,2.5,31.3,4.79
2024-11-15,21:17,STL001,St Louis - Lambert,38.7487,-90.37,172,6.0,42.8,1.8,-8.0,30,997.8,1018.4,rising,25.5,93,E,39.3,10.0,0,,none,0.0,0.0,83,0,0,Dust,108,52,13.1,19.7,27.4,22.8,0.66,07:00,17:00,10,4.4,54.8,3.6
2024-11-16,00:45,LAS001,Las Vegas - McCarran,36.084,-115.1537,664,-7.0,19.4,-7.0,-23.4,18,929.1,1005.9,rising rapidly,0.2,211,SSW,0.2,36.1,12,,snow,0.0,4.8,44,0,0,Blizzard,125,37,13.6,18.9,31.2,61.7,1.95,07:00,17:00,10,-11.6,20.4,2.3
2024-11-16,01:28,DTW001,Detroit - Metro Wayne,42.2162,-83.3554,195,-2.4,27.7,-6.9,-18.2,21,985.3,1008.4,rising,12.8,69,ENE,24.5,7.9,11,,snow,0.0,27.1,82,0,0,Snow Showers,124,13,4.5,2.1,54.1,66.3,2.28,07:00,17:00,10,-5.5,30.3,2.12
2024-11-16,08:19,ATL001,Atlanta - Hartsfield,33.6407,-84.4277,313,6.8,44.2,4.8,2.8,80,969.3,1006.2,falling rapidly,9.9,343,NNW,14.6,27.7,5,,none,0.0,0.0,49,4.6,423.0,Mist,109,165,42.9,68.7,41.6,57.0,1.54,07:00,17:00,10,5.1,12.0,1.47
2024-11-16,09:17,IAH001,Houston - Hobby,29.6454,-95.2789,15,7.5,45.5,4.0,1.5,70,1015.5,1017.3,rising,21.9,113,ESE,31.3,15.9,24,,none,0.0,0.0,93,5.8,548.7,Dust,108,8,0.1,6.1,54.8,64.4,0.34,07:00,17:00,10,3.1,33.9,3.84
2024-11-16,18:22,CLE001,Cleveland - Hopkins,41.4117,-81.8498,245,2.6,36.7,-1.5,-0.6,84,979.5,1008.5,steady,16.6,186,S,30.7,9.8,66,3000,none,0.0,0.0,80,2.7,290.7,Smoke,107,145,37.1,56.7,72.6,76.8,2.68,07:00,17:00,10,0.9,53.4,0
2024-11-17,05:09,ABQ001,Albuquerque - Intl Sunport,35.0402,-106.609,1619,-3.7,25.3,-10.9,-17.9,29,841.1,1023.1,falling rapidly,27.1,251,WSW,34.4,1.2,42,9000,thunderstorm,21.9,0.0,46,0,0,Derecho,153,94,28.4,46.3,25.3,24.2,0.48,07:00,17:00,10,-7.3,48.0,6.63
2024-11-17,09:40,LAX001,Los Angeles - Downtown,34.0522,-118.2437,71,9.5,49.1,6.0,4.9,77,1011.4,1020.0,rising rapidly,28.4,120,ESE,53.0,24.6,99,3000,hail,30.5,0.0,77,2.3,314.9,Hail,140,108,33.5,50.5,52.6,27.6,0.99,07:00,17:00,10,6.8,7.9,1.05
2024-11-17,13:02,DFW001,Dallas - Fort Worth,32.8998,-97.0403,182,9.3,48.7,5.8,8.3,95,978.5,999.9,rising rapidly,27.6,219,SW,29.4,28.2,2,,none,0.0,0.0,28,10.9,990.0,Clear,100,68,16.0,22.7,85.9,47.6,2.04,07:00,17:00,10,6.0,50.5,1.06
2024-11-17,17:08,NYC001,New York - Central Park,40.7829,-73.9654,39,5.5,41.9,2.9,-9.7,24,1009.2,1013.9,falling,11.7,272,W,27.9,12.7,83,1500,none,0.0,0.0,74,3.1,364.7,Fog,105,298,73.0,116.1,25.8,46.7,2.73,07:00,17:00,10,1.0,12.4,2.62
2024-11-18,04:34,IND001,Indianapolis - Intl,39.7173,-86.2944,248,8.4,47.1,5.8,4.4,80,996.9,1026.8,rising rapidly,16.3,261,W,19.5,22.2,49,600,none,0.0,0.0,96,0,0,Mist,109,147,37.4,61.9,52.6,19.1,1.27,07:00,17:00,10,4.2,9.7,1.98
2024-11-18,05:21,MKE001,Milwaukee - Mitchell,42.9472,-87.8966,211,0.9,33.6,-2.6,-8.1,55,991.2,1016.4,falling,11.6,353,N,33.9,5.1,46,600,none,0.0,0.0,15,0,0,Partly Cloudy,102,296,76.0,122.2,10.2,19.7,0.73,07:00,17:00,10,-0.6,15.8,5.51
2024-11-18,07:24,MSP001,Minneapolis - St Paul,44.8848,-93.2223,255,2.6,36.7,-0.9,-2.2,76,978.5,1008.7,rising rapidly,13.1,316,NW,14.1,15.4,69,6000,none,0.0,0.0,3,1.3,145.8,Partly Cloudy,102,221,53.9,81.7,72.2,17.7,2.25,07:00,17:00,10,0.7,23.0,0.74
2024-11-18,08:01,TPA001,Tampa - Intl,27.9755,-82.5332,9,16.8,62.2,16.8,10.6,69,1023.5,1024.6,steady,17.3,231,SW,20.6,22.0,97,300,thunderstorm,36.0,0.0,7,1.7,223.5,Thunderstorm with Hail,152,261,62.7,101.4,79.0,62.9,0.13,07:00,17:00,10,12.4,40.1,1.09
2024-11-18,10:08,SEA001,Seattle - Sea-Tac,47.4502,-122.3088,137,8.8,47.8,7.1,5.8,85,996.0,1012.4,steady,10.3,65,ENE,28.7,15.0,37,3000,none,0.0,0.0,9,6.5,637.2,Mist,109,245,65.1,104.1,49.3,7.7,1.91,07:00,17:00,10,5.5,48.0,3.89
2024-11-18,10:24,SLC001,Salt Lake City - Intl,40.7884,-111.9778,1288,1.1,34.0,-2.6,-9.9,45,873.2,1019.9,rising rapidly,12.4,214,SW,30.8,35.8,9,,rain,47.5,0.0,43,8.1,746.6,Heavy Rain,112,53,12.1,19.8,43.5,14.6,2.34,07:00,17:00,10,-3.6,43.8,3.21
2024-11-18,13:07,BOS001,Boston - Logan,42.3656,-71.0096,9,12.5,54.5,12.5,0.1,38,1004.6,1005.7,falling rapidly,16.0,21,NNE,24.7,27.1,52,600,none,0.0,0.0,77,7.2,740.0,Mostly Clear,101,116,30.4,50.3,74.4,30.8,0.32,07:00,17:00,10,7.7,49.8,0.82
2024-11-18,22:21,ORD001,Chicago - O'Hare Area,41.9742,-87.9073,201,-1.7,28.9,-6.1,-3.1,93,996.8,1020.9,rising,13.1,64,ENE,26.1,35.2,70,600,none,0.0,0.0,46,0,0,Mist,109,133,35.6,64.4,63.7,29.8,0.56,07:00,17:00,10,-2.9,11.3,3.75
2024-11-18,22:52,RDU001,Raleigh-Durham - Intl,35.8801,-78.788,132,1.2,34.2,-3.8,-1.0,89,1004.5,1020.4,rising,20.4,191,S,24.5,13.8,79,1500,none,0.0,0.0,62,0,0,Mostly Cloudy,103,233,59.6,93.9,56.5,30.7,2.76,07:00,17:00,10,-2.0,13.1,2.62
2024-11-19,04:00,ANC001,Anchorage - Intl,61.1743,-149.9963,46,1.2,34.2,-3.7,-14.4,22,995.7,1001.2,falling rapidly,20.1,214,SW,42.1,32.9,21,,none,0.0,0.0,0,0,0,Haze,106,100,23.8,32.5,62.4,59.3,0.96,07:00,17:00,10,0.2,27.7,2.56
2024-11-19,14:26,MSY001,New Orleans - Moisant,29.9934,-90.258,3,11.4,52.5,11.4,4.6,66,1019.1,1019.5,falling rapidly,32.2,113,ESE,42.2,18.4,88,150,hail,24.6,0.0,81,4.4,546.0,Small Hail,142,279,75.0,129.3,25.1,44.2,2.48,07:00,17:00,10,6.8,42.9,3.88
2024-11-19,18:56,SFO001,San Francisco - Intl,37.6213,-122.379,4,16.0,60.8,16.0,7.2,56,1010.8,1011.3,steady,9.7,189,S,10.7,8.3,28,,hail,30.1,0.0,95,3.9,373.1,Small Hail,142,157,46.7,74.5,55.4,37.3,2.48,07:00,17:00,10,13.2,27.3,5.89
2024-11-19,20:36,MIA001,Miami - International,25.7959,-80.287,3,11.5,52.7,11.5,6.7,76,1004.8,1005.2,rising rapidly,7.4,5,N,16.1,16.6,34,150,rain,24.8,0.0,21,0,0.0,Heavy Rain,112,163,43.5,63.8,14.4,74.8,1.49,07:00,17:00,10,9.7,36.4,1.82
2024-11-20,04:56,HNL001,Honolulu - Intl,21.325,-157.925,4,6.2,43.2,3.5,-8.4,27,1024.2,1024.7,falling,13.3,181,S,32.5,16.7,52,6000,none,0.0,0.0,98,0,0,Fog,105,46,9.6,9.8,52.8,31.6,2.45,07:00,17:00,10,1.5,44.7,0.49
2024-11-20,19:17,MCI001,Kansas City - Intl,39.2976,-94.7139,313,4.1,39.4,-0.9,-3.7,61,996.4,1034.3,steady,27.1,137,SE,49.8,37.6,94,3000,rain,20.0,0.0,94,0.9,117.9,Moderate Rain,111,40,9.7,16.8,70.8,53.7,1.52,07:00,17:00,10,1.9,23.3,1.53
2024-11-21,02:53,PHX001,Phoenix - Sky Harbor,33.4373,-112.0078,337,3.4,38.1,-1.3,-10.6,30,976.0,1016.0,falling,22.7,287,WNW,26.8,29.2,66,1500,rain,15.1,0.0,34,0,0,Light Rain,110,259,65.5,98.8,22.0,39.9,2.32,07:00,17:00,10,0.7,49.6,1.0
2024-11-29,09:00,SLC001,Salt Lake City - Intl,40.7884,-111.9778,1288,4.5,40.1,-0.3,-1.3,71,857.6,1001.7,falling rapidly,26.6,277,W,37.1,29.4,98,300,rain,1.9,0.0,80,2.4,318.0,Moderate Rain,111,77,17.2,27.0,89.2,6.4,2.48,07:00,17:00,10,0.6,45.5,2.61
2024-11-29,09:22,MKE001,Milwaukee - Mitchell,42.9472,-87.8966,211,3.8,38.8,1.3,-8.6,38,993.9,1019.2,falling rapidly,9.8,265,W,30.1,1.4,3,,none,0.0,0.0,6,6.7,614.1,Overcast,104,151,28.9,39.7,29.8,69.4,1.44,07:00,17:00,10,-0.8,53.0,5.09
2024-11-29,15:13,ANC001,Anchorage - Intl,61.1743,-149.9963,46,1.0,33.8,-2.0,-11.8,36,1016.0,1021.6,rising rapidly,9.4,339,NNW,18.9,2.0,47,900,none,0.0,0.0,1,6.8,689.2,Clear,100,296,75.9,125.2,87.4,45.9,0.17,07:00,17:00,10,-1.6,8.9,3.72
2024-11-29,17:00,LAS001,Las Vegas - McCarran,36.084,-115.1537,664,1.6,34.9,-3.5,1.2,98,932.0,1009.1,rising,21.7,70,ENE,27.5,25.6,55,600,none,0.0,0.0,22,4.3,452.0,Mostly Cloudy,103,154,37.1,65.7,31.4,68.4,1.8,07:00,17:00,10,-1.9,20.9,3.6
2024-11-29,21:59,HNL001,Honolulu - Intl,21.325,-157.925,4,9.4,48.9,6.6,-7.4,16,1023.6,1024.1,falling rapidly,20.6,80,E,34.7,32.2,21,,none,0.0,0.0,40,0,0,Clear,100,180,42.5,69.9,21.4,42.3,0.94,07:00,17:00,10,8.0,11.7,0.98
2024-11-30,10:44,MSY001,New Orleans - Moisant,29.9934,-90.258,3,16.8,62.2,16.8,15.6,94,1030.3,1030.7,steady,5.4,5,N,13.2,18.7,80,3000,none,0.0,0.0,92,4.0,469.1,Smoke,107,25,5.3,16.9,22.4,32.1,1.54,07:00,17:00,10,14.4,18.4,3.02
2024-11-30,12:22,DEN001,Denver - Stapleton,39.7392,-104.9903,1609,-5.2,22.6,-9.7,-17.6,38,832.1,1010.9,rising rapidly,10.5,90,E,17.2,25.4,88,150,sleet,54.1,0.0,75,4.4,546.0,Ice Storm,133,289,65.2,101.5,58.1,69.6,2.02,07:00,17:00,10,-10.0,34.5,1.89
2024-11-30,16:28,BOS001,Boston - Logan,42.3656,-71.0096,9,5.5,41.9,2.0,-6.5,40,1007.2,1008.3,rising rapidly,17.3,25,NNE,31.3,1.0,9,,none,0.0,0.0,79,8.1,746.6,Mostly Clear,101,222,55.9,86.7,88.1,11.0,1.41,07:00,17:00,10,0.5,53.7,4.12
2024-11-30,17:11,RDU001,Raleigh-Durham - Intl,35.8801,-78.788,132,9.5,49.1,6.9,-0.1,52,997.1,1012.9,steady,18.2,71,ENE,27.7,8.2,18,,none,0.0,0.0,97,6.0,567.4,Haze,106,281,68.0,110.6,71.0,50.6,2.61,07:00,17:00,10,4.5,35.4,0.12
2024-12-01,23:29,PDX001,Portland - Intl,45.5898,-122.5951,9,4.9,40.8,3.2,-2.3,64,992.5,993.6,falling,7.4,179,S,21.5,10.6,89,150,none,0.0,0.0,91,0,0,Overcast,104,216,53.1,87.6,27.0,68.5,1.67,08:00,16:00,8,1.2,21.7,4.38
2024-12-01,23:58,STL001,St Louis - Lambert,38.7487,-90.37,172,4.3,39.7,1.3,-1.7,70,995.6,1016.2,falling rapidly,12.5,101,E,27.5,0.4,60,600,none,0.0,0.0,22,0,0,Smoke,107,141,36.6,57.8,39.8,61.7,2.46,08:00,16:00,8,-0.1,27.8,2.44
2024-12-02,04:51,ATL001,Atlanta - Hartsfield,33.6407,-84.4277,313,13.4,56.1,13.4,11.0,88,982.0,1019.3,falling rapidly,8.1,238,WSW,27.7,23.4,12,,none,0.0,0.0,49,0,0,Haze,106,217,50.2,79.9,26.1,24.0,0.63,08:00,16:00,8,11.2,48.5,2.21
2024-12-02,06:04,MCI001,Kansas City - Intl,39.2976,-94.7139,313,3.6,38.5,-0.1,0.2,83,977.6,1014.8,steady,15.6,271,W,18.9,1.7,24,,none,0.0,0.0,78,0,0.0,Haze,106,151,39.9,65.4,23.9,19.7,1.18,08:00,16:00,8,2.6,10.8,3.97
2024-12-02,06:59,NYC001,New York - Central Park,40.7829,-73.9654,39,9.2,48.6,7.9,-0.4,52,1013.1,1017.8,rising rapidly,8.6,189,S,28.3,29.7,3,,hail,30.8,0.0,66,0,0.0,Small Hail,142,167,39.6,60.0,12.9,65.6,0.23,08:00,16:00,8,7.5,52.4,2.99
2024-12-02,10:06,TPA001,Tampa - Intl,27.9755,-82.5332,9,28.4,83.1,27.5,14.8,32,1010.7,1011.8,steady,20.5,230,SW,21.7,3.8,7,,rain,2.4,0.0,78,8.2,754.5,Drizzle,113,57,12.3,16.0,59.6,34.5,2.01,08:00,16:00,8,23.9,44.0,0.86
2024-12-02,11:04,DTW001,Detroit - Metro Wayne,42.2162,-83.3554,195,12.1,53.8,12.1,8.9,84,977.4,1000.4,steady,5.3,10,N,12.2,16.5,99,9000,none,0.0,0.0,94,3.4,455.0,Mostly Cloudy,103,253,62.9,96.2,67.5,68.9,2.52,08:00,16:00,8,10.7,39.1,3.95
2024-12-02,14:55,IAH001,Houston - Hobby,29.6454,-95.2789,15,15.1,59.2,15.1,13.1,90,1020.8,1022.6,rising rapidly,20.3,8,N,38.5,24.5,40,6000,hail,38.9,0.0,67,7.9,779.9,Small Hail,142,151,39.1,60.5,55.6,73.6,1.24,08:00,16:00,8,12.6,27.5,5.19
2024-12-02,15:24,ABQ001,Albuquerque - Intl Sunport,35.0402,-106.609,1619,8.4,47.1,5.3,7.2,94,840.4,1022.3,rising,20.3,319,NW,22.7,34.2,96,150,none,0.0,0.0,17,3.6,468.5,Dust,108,278,66.7,110.7,36.2,26.9,1.69,08:00,16:00,8,5.0,16.3,4.71
2024-12-02,23:50,MIA001,Miami - International,25.7959,-80.287,3,16.4,61.5,16.4,2.4,30,1010.1,1010.5,falling rapidly,10.0,320,NW,23.8,38.6,0,,thunderstorm,30.8,0.0,2,0,0,Derecho,153,21,0.1,0.1,12.5,29.8,1.48,08:00,16:00,8,14.5,10.4,6.41
2024-12-03,01:52,SEA001,Seattle - Sea-Tac,47.4502,-122.3088,137,0.4,32.7,0.4,-11.0,43,1013.2,1029.8,rising,0.8,162,SSE,0.8,16.7,22,,sleet,38.8,0.0,93,0,0,Ice Pellets,132,212,48.3,79.3,43.6,24.2,0.13,08:00,16:00,8,-1.4,9.8,2.66
2024-12-03,10:12,BWI001,Baltimore - Washington,39.1754,-76.6684,46,19.1,66.4,19.1,7.3,41,1009.3,1014.8,falling,8.1,156,SSE,23.8,20.9,96,1500,none,0.0,0.0,82,3.1,406.6,Overcast,104,291,70.5,115.4,72.8,52.9,2.98,08:00,16:00,8,16.1,8.6,3.71
2024-12-03,14:47,SFO001,San Francisco - Intl,37.6213,-122.379,4,18.9,66.0,18.9,12.7,69,1003.9,1004.4,steady,21.2,326,NW,40.8,27.6,8,,none,0.0,0.0,4,10.2,935.9,Overcast,104,252,64.2,93.2,43.2,8.6,1.07,08:00,16:00,8,14.6,47.7,1.24
2024-12-03,15:13,DFW001,Dallas - Fort Worth,32.8998,-97.0403,182,12.6,54.7,12.6,8.6,80,998.7,1020.6,falling rapidly,22.9,286,WNW,31.7,9.2,0,,thunderstorm,29.0,0.0,17,9.9,901.0,Thunderstorm with Hail,152,54,11.5,12.8,75.0,50.4,1.12,08:00,16:00,8,8.1,22.3,3.6
2024-12-03,16:02,PHL001,Philadelphia - Intl,39.8729,-75.2437,9,20.7,69.3,20.7,14.3,68,995.8,996.9,steady,27.2,339,NNW,50.8,8.2,34,1500,none,0.0,0.0,92,6.7,648.9,Mostly Clear,101,114,28.2,45.5,57.6,70.4,1.72,08:00,16:00,8,16.0,28.2,3.1
2024-12-03,19:38,PHX001,Phoenix - Sky Harbor,33.4373,-112.0078,337,16.7,62.1,16.7,11.1,72,972.3,1012.2,rising,0.9,150,SSE,0.9,15.4,13,,none,0.0,0.0,22,2.2,208.1,Mostly Clear,101,79,18.2,25.6,87.6,29.1,2.89,08:00,16:00,8,13.6,14.8,0.35
2024-12-04,20:34,MSP001,Minneapolis - St Paul,44.8848,-93.2223,255,6.5,43.7,3.7,-3.9,48,982.8,1013.1,steady,14.5,239,WSW,31.3,1.4,80,300,none,0.0,0.0,63,0,0.0,Partly Cloudy,102,97,23.5,38.1,39.2,67.3,1.49,08:00,16:00,8,2.1,50.2,0.89
2024-12-04,21:43,IND001,Indianapolis - Intl,39.7173,-86.2944,248,8.9,48.0,4.6,4.1,76,987.8,1017.4,steady,37.7,147,SSE,59.1,24.7,17,,none,0.0,0.0,96,0,0,Mostly Clear,101,275,70.1,113.3,81.2,61.0,2.52,08:00,16:00,8,5.1,41.2,2.05
2024-12-04,23:58,ORD001,Chicago - O'Hare Area,41.9742,-87.9073,201,7.3,45.1,4.3,-4.5,41,970.5,994.0,rising rapidly,17.1,64,ENE,30.2,27.9,10,,none,0.0,0.0,51,0,0,Overcast,104,184,45.4,83.1,28.0,11.7,0.58,08:00,16:00,8,5.0,29.1,2.97
2024-12-05,03:27,LAX001,Los Angeles - Downtown,34.0522,-118.2437,71,2.0,35.6,-2.3,-10.0,40,997.4,1005.9,rising rapidly,16.9,216,SW,27.5,3.8,67,150,none,0.0,0.0,14,0,0,Mostly Clear,101,224,58.1,101.0,22.5,61.3,2.2,08:00,16:00,8,-2.8,56.9,0
2024-12-05,05:41,CLE001,Cleveland - Hopkins,41.4117,-81.8498,245,7.3,45.1,3.6,-5.1,38,984.8,1014.0,falling,23.6,3,N,33.4,24.8,79,1500,rain,36.5,0.0,7,0,0,Light Rain,110,157,40.3,67.2,51.7,67.9,2.06,08:00,16:00,8,3.4,47.7,4.64
2024-12-13,18:05,DEN001,Denver - Stapleton,39.7392,-104.9903,1609,0.8,33.4,-4.6,-8.4,54,830.7,1009.2,steady,22.8,267,W,42.1,30.4,56,3000,none,0.0,0.0,48,3.0,312.4,Haze,106,68,13.6,20.6,13.5,18.4,2.52,08:00,16:00,8,-2.4,57.0,0
2024-12-13,18:40,MSY001,New Orleans - Moisant,29.9934,-90.258,3,19.5,67.1,19.5,12.3,64,1016.6,1017.0,falling,19.6,26,NNE,35.3,15.6,64,300,none,0.0,0.0,7,2.7,295.0,Smoke,107,59,14.5,24.5,29.4,6.1,0.45,08:00,16:00,8,15.8,59.8,0.65
2024-12-14,05:01,ANC001,Anchorage - Intl,61.1743,-149.9963,46,4.9,40.8,2.5,-7.9,36,1006.5,1012.0,rising,10.0,250,WSW,26.6,13.0,86,,rain,53.9,0.0,1,0,0,Heavy Rain,112,6,2.4,0.1,87.0,49.5,2.25,08:00,16:00,8,2.0,23.2,5.73
2024-12-14,06:51,PDX001,Portland - Intl,45.5898,-122.5951,9,9.6,49.3,9.6,-6.4,20,993.7,994.8,falling rapidly,1.1,133,SE,1.1,16.3,3,,none,0.0,0.0,75,0,0.0,Clear,100,69,14.4,24.7,73.2,17.9,2.85,08:00,16:00,8,8.1,13.6,4.01
2024-12-14,14:25,BWI001,Baltimore - Washington,39.1754,-76.6684,46,20.6,69.1,20.6,9.2,43,1013.8,1019.4,falling,33.2,208,SSW,56.8,3.3,94,300,none,0.0,0.0,89,4.0,516.7,Mostly Cloudy,103,264,66.0,109.1,86.7,54.0,0.95,08:00,16:00,8,17.2,38.0,2.99
2024-12-14,15:04,SEA001,Seattle - Sea-Tac,47.4502,-122.3088,137,6.0,42.8,2.7,-4.2,49,1000.0,1016.4,steady,16.7,278,W,22.0,32.9,34,6000,none,0.0,0.0,53,7.7,747.8,Smoke,107,101,23.5,35.1,49.2,56.3,0.34,08:00,16:00,8,1.4,35.7,3.38
2024-12-14,21:13,BOS001,Boston - Logan,42.3656,-71.0096,9,5.7,42.3,3.6,-2.7,58,1013.3,1014.4,falling rapidly,9.6,182,S,24.8,31.7,37,6000,none,0.0,0.0,31,0,0,Mist,109,37,6.2,9.9,79.3,14.0,2.21,08:00,16:00,8,0.9,10.0,0
2024-12-15,17:05,NYC001,New York - Central Park,40.7829,-73.9654,39,10.1,50.2,10.1,7.5,87,999.5,1004.1,falling rapidly,14.7,302,WNW,29.6,3.7,67,300,thunderstorm,19.9,0.0,60,3.8,414.6,Severe Thunderstorm,151,261,64.5,114.7,58.0,60.2,1.91,08:00,16:00,8,8.5,46.3,7.76
2024-12-15,18:53,STL001,St Louis - Lambert,38.7487,-90.37,172,4.1,39.4,-0.2,-1.1,74,994.3,1014.9,steady,20.7,153,SSE,27.1,19.1,35,900,rain,12.5,0.0,51,3.7,358.0,Drizzle,113,285,71.3,116.4,30.5,13.6,2.26,08:00,16:00,8,-0.4,34.7,5.01
2024-12-15,20:50,PHL001,Philadelphia - Intl,39.8729,-75.2437,9,5.2,41.4,2.2,-1.8,65,1017.4,1018.5,falling,13.6,198,SSW,26.8,30.0,73,1500,none,0.0,0.0,79,0,0.0,Dust,108,246,62.1,99.8,15.0,67.4,2.89,08:00,16:00,8,2.8,30.0,0.93
2024-12-15,23:15,IAH001,Houston - Hobby,29.6454,-95.2789,15,7.6,45.7,7.6,-7.0,27,1013.3,1015.1,falling,1.4,82,E,1.4,23.2,56,600,none,0.0,0.0,37,0,0,Haze,106,215,50.4,80.7,18.8,40.7,1.28,08:00,16:00,8,2.7,13.0,1.3
2024-12-16,06:04,SLC001,Salt Lake City - Intl,40.7884,-111.9778,1288,3.9,39.0,-0.3,-4.9,56,861.2,1005.9,falling,19.8,20,NNE,31.9,6.7,72,300,thunderstorm,1.9,0.0,31,0,0.0,Derecho,153,112,37.8,61.7,76.6,72.3,2.91,08:00,16:00,8,1.2,32.4,1.38
2024-12-16,06:38,LAS001,Las Vegas - McCarran,36.084,-115.1537,664,8.2,46.8,5.0,5.4,86,940.8,1018.6,rising,21.3,265,W,32.1,5.3,43,9000,none,0.0,0.0,44,0,0.0,Partly Cloudy,102,154,37.3,58.3,12.9,44.8,0.53,08:00,16:00,8,3.8,56.0,3.27
2024-12-16,10:23,TPA001,Tampa - Intl,27.9755,-82.5332,9,26.8,80.2,26.8,17.2,52,1015.9,1017.0,rising rapidly,8.2,1,N,11.5,0.4,27,,none,0.0,0.0,66,7.1,676.3,Partly Cloudy,102,103,29.0,51.2,44.4,77.5,2.36,08:00,16:00,8,23.1,38.7,4.21
2024-12-16,14:23,IND001,Indianapolis - Intl,39.7173,-86.2944,248,10.0,50.0,9.5,5.4,77,974.9,1004.1,falling rapidly,5.8,80,E,27.8,27.5,28,,none,0.0,0.0,6,8.7,838.4,Mostly Clear,101,92,21.2,29.7,80.8,53.8,1.33,08:00,16:00,8,5.2,41.9,1.17
2024-12-16,18:39,HNL001,Honolulu - Intl,21.325,-157.925,4,21.5,70.7,21.5,10.3,44,1010.4,1010.9,rising,21.2,123,ESE,35.2,19.6,90,6000,rain,19.6,0.0,7,1.9,238.6,Heavy Rain,112,36,7.5,17.5,13.8,15.3,1.63,08:00,16:00,8,19.2,19.6,0.3
2024-12-16,19:18,MSP001,Minneapolis - St Paul,44.8848,-93.2223,255,4.3,39.7,0.7,-0.7,75,979.3,1009.5,falling,16.1,29,NNE,22.2,21.6,60,1500,none,0.0,0.0,45,1.5,155.8,Fog,105,259,63.8,99.9,21.3,21.2,1.13,08:00,16:00,8,3.3,40.2,2.59
2024-12-17,02:23,DFW001,Dallas - Fort Worth,32.8998,-97.0403,182,6.6,43.9,2.0,-8.8,23,997.8,1019.7,steady,31.6,266,W,34.8,14.7,80,6000,rain,29.0,0.0,77,0,0,Drizzle,113,264,68.8,116.1,29.2,37.6,1.33,08:00,16:00,8,5.1,27.5,2.68
2024-12-17,04:29,MCI001,Kansas City - Intl,39.2976,-94.7139,313,8.7,47.7,5.5,3.1,72,970.5,1007.4,steady,22.0,305,NW,35.1,16.7,94,300,none,0.0,0.0,99,0,0,Fog,105,191,46.7,78.7,73.1,28.8,0.19,08:00,16:00,8,6.2,5.0,2.78
2024-12-17,12:06,PHX001,Phoenix - Sky Harbor,33.4373,-112.0078,337,21.4,70.5,21.4,15.4,70,981.5,1021.7,rising,32.7,193,SSW,32.8,28.3,5,,none,0.0,0.0,19,10.4,950.6,Mostly Cloudy,103,261,62.7,108.7,56.8,47.3,1.36,08:00,16:00,8,19.9,32.7,5.79
2024-12-17,14:59,DTW001,Detroit - Metro Wayne,42.2162,-83.3554,195,13.9,57.0,13.9,13.7,99,993.7,1017.0,steady,17.6,173,S,39.5,39.3,77,150,none,0.0,0.0,95,5.2,599.6,Smoke,107,45,15.4,24.1,81.2,70.6,2.11,08:00,16:00,8,9.7,49.9,5.68
2024-12-17,19:43,SFO001,San Francisco - Intl,37.6213,-122.379,4,7.4,45.3,4.7,-1.0,58,1020.6,1021.1,falling rapidly,14.8,32,NNE,14.9,19.7,40,300,none,0.0,0.0,60,1.8,178.0,Mist,109,173,43.2,70.9,87.0,77.3,0.17,08:00,16:00,8,5.2,47.8,1.75
2024-12-17,22:27,ABQ001,Albuquerque - Intl Sunport,35.0402,-106.609,1619,-6.9,19.6,-12.9,-14.3,63,831.9,1012.0,falling rapidly,15.0,25,NNE,24.9,22.8,94,9000,snow,0.0,38.0,9,0,0,Snow Showers,124,98,22.2,37.5,45.8,53.0,2.51,08:00,16:00,8,-11.3,39.0,2.91
2024-12-18,02:31,LAX001,Los Angeles - Downtown,34.0522,-118.2437,71,9.4,48.9,6.7,2.8,67,1010.6,1019.2,rising rapidly,19.3,316,NW,23.1,16.5,98,150,hail,35.9,0.0,66,0,0,Heavy Hail,141,258,61.3,98.3,63.4,6.4,1.46,08:00,16:00,8,6.6,59.8,4.65
2024-12-18,05:24,RDU001,Raleigh-Durham - Intl,35.8801,-78.788,132,4.2,39.6,3.2,-6.0,49,997.6,1013.4,rising,4.9,237,WSW,4.9,18.0,19,,none,0.0,0.0,85,0,0,Partly Cloudy,102,69,17.8,25.1,81.5,61.2,1.62,08:00,16:00,8,-0.4,37.3,0.8
2024-12-18,16:20,MKE001,Milwaukee - Mitchell,42.9472,-87.8966,211,11.3,52.3,11.3,-1.3,37,994.4,1019.7,falling rapidly,3.3,61,ENE,3.3,37.9,20,,hail,7.4,0.0,85,7.5,703.6,Hail,140,117,32.7,51.6,41.3,69.2,2.13,08:00,16:00,8,6.9,40.1,5.61
2024-12-18,16:25,MIA001,Miami - International,25.7959,-80.287,3,15.5,59.9,15.5,1.1,28,1013.7,1014.1,rising,3.0,253,WSW,3.0,8.7,17,,none,0.0,0.0,41,7.6,715.4,Partly Cloudy,102,290,72.6,119.2,81.7,12.5,2.94,08:00,16:00,8,13.7,28.2,5.79
2024-12-18,22:50,ORD001,Chicago - O'Hare Area,41.9742,-87.9073,201,5.8,42.4,4.9,3.4,88,986.5,1010.4,falling rapidly,5.2,105,ESE,23.3,23.5,34,,none,0.0,0.0,39,0,0,Mostly Cloudy,103,109,32.5,47.5,27.1,54.9,1.36,08:00,16:00,8,4.7,25.5,1.99
2024-12-19,04:15,ATL001,Atlanta - Hartsfield,33.6407,-84.4277,313,12.9,55.2,12.9,8.9,80,975.1,1012.2,steady,3.4,345,NNW,3.4,26.4,65,600,none,0.0,0.0,2,0,0,Mostly Cloudy,103,255,62.0,94.5,51.9,16.6,1.05,08:00,16:00,8,10.1,14.3,4.06
2024-12-19,11:21,CLE001,Cleveland - Hopkins,41.4117,-81.8498,245,14.1,57.4,14.1,8.3,71,984.5,1013.7,rising,4.0,271,W,4.0,8.7,5,,none,0.0,0.0,92,9.6,878.4,Dust,108,48,11.7,17.5,30.4,62.9,2.78,08:00,16:00,8,12.5,59.8,1.69
